ID,Titre,Type,Theme,Statut,Version,Date_creation,Date_derniere_maj,Auteur,Etape_sentier,Articles_lies,Mots_cles,Resume_court,Objectif,Nom_fichier,Chemin_dossier,Date_publication_WP,URL_WordPress,Slug_WordPress,Categorie_WP,Tags_WP,Remarques
2026-005,Inflation en recul en Europe : accalmie durable ou pause fragile ?,ACTU,ECON,publie,V1,2026-04-08,2026-04-08,Le Phare Info,Maitriser la pensee critique et l'analyse,,inflation;zone euro;BCE;pouvoir d'achat,Ralentissement de l'inflation en Europe entre normalisation et risques persistants.,Eclairer les scenarios de desinflation et leurs impacts sociaux.,2026-005_ACTU_ECON_Inflation-en-recul-en-Europe_V1.md,01_Actualites/Economie_Finance,2026-03-18,https://le-phare.info/inflation-en-recul-en-europe-accalmie-durable-ou-pause-fragile/,inflation-en-recul-en-europe-accalmie-durable-ou-pause-fragile,Actualites,economie;inflation;europe,Import auto depuis site
2026-006,Relier savoirs scientifiques et experience vecue,FOND,MONDE,publie,V1,2026-04-08,2026-04-08,Le Phare Info,Etape 8,,science;experience;biais cognitifs;methode,Aller-retour critique entre donnees scientifiques et vecu personnel.,Structurer le dialogue entre verification scientifique et experience.,2026-006_SENTIER_SCIENCE_Relier-savoirs-scientifiques-et-experience-vecue_V1.md,02_Fonds/Culture,2026-01-21,https://le-phare.info/relier-savoirs-scientifiques-et-experience-vecue/,relier-savoirs-scientifiques-et-experience-vecue,Sentier,science;epistemologie;critique,Import auto depuis site
2026-007,Le Sentier du Savoir,FOND,CULTURE,publie,V1,2026-04-08,2026-04-08,Le Phare Info,Parcours global,,sentier du savoir;culture;transmission,Presentation du parcours intellectuel en 8 etapes + bonus.,Donner une carte de progression et de methode.,2026-007_SENTIER_CULTURE_Le-Sentier-du-Savoir_V1.md,02_Fonds/Culture,2026-01-21,https://le-phare.info/le-sentier-du-savoir/,le-sentier-du-savoir,Sentier,culture;parcours;methode,Import auto depuis site
2026-008,Prendre conscience du lien entre hygiene de vie et qualite de pensee,FOND,SCIENCE,publie,V1,2026-04-08,2026-04-08,Le Phare Info,Etape 9,,hygiene de vie;cognition;fatigue,Le corps et l'etat attentionnel conditionnent la qualite du jugement.,Installer une metacognition corporelle dans la pratique intellectuelle.,2026-008_SENTIER_CULTURE_Hygiene-de-vie-et-qualite-de-pensee_V1.md,02_Fonds/Science_Sante,2026-01-21,https://le-phare.info/prendre-conscience-du-lien-entre-hygiene-de-vie-et-qualite-de-pensee-2/,prendre-conscience-du-lien-entre-hygiene-de-vie-et-qualite-de-pensee-2,Sentier,equilibre;corps-esprit;cognition,Import auto depuis site
2026-009,Reconnaitre ses biais en situation de fatigue,FOND,TECH,publie,V1,2026-04-08,2026-04-08,Le Phare Info,Etape 2,,biais cognitifs;fatigue;pensee critique,Les biais sont renforces par la fatigue et la surcharge mentale.,Ameliorer le recul critique en situation reelle.,2026-009_SENTIER_CULTURE_Reconnaitre-ses-biais-en-situation-de-fatigue_V1.md,02_Fonds/Technologie_IA,2026-01-21,https://le-phare.info/reconnaitre-ses-biais-en-situation-de-fatigue/,reconnaitre-ses-biais-en-situation-de-fatigue,Sentier,biais;fatigue;discernement,Import auto depuis site
2026-010,Anna Tsing - Le champignon de la fin du monde,TF,MONDE,publie,V1,2026-04-08,2026-04-08,Le Phare Info,Etapes 8 et 9,,Anna Tsing;ecologie;precarite,Penser la cognition dans des mondes abimes et incertains.,Relier contraintes ecologiques et formes de pensee.,2026-010_TF_CULTURE_Anna-Tsing-Le-champignon-de-la-fin-du-monde_V1.md,04_Textes_fondateurs/Auteurs,2026-01-21,https://le-phare.info/anna-tsing-le-champignon-de-la-fin-du-monde/,anna-tsing-le-champignon-de-la-fin-du-monde,Textes_fondateurs,anna-tsing;ecologie;anthropologie,Import auto depuis site
2026-011,Amartya Sen - Les capabilites,TF,CULTURE,publie,V1,2026-04-08,2026-04-08,Le Phare Info,Transmission,,capabilites;liberte cognitive;inegalites,La liberte cognitive depend de conditions effectives et non seulement de droits.,Penser les supports concrets de l'autonomie intellectuelle.,2026-011_TF_CULTURE_Amartya-Sen-Les-capabilites_V1.md,04_Textes_fondateurs/Auteurs,2026-01-21,https://le-phare.info/amartya-sen-les-capabilites/,amartya-sen-les-capabilites,Textes_fondateurs,amartya-sen;capabilites;justice,Import auto depuis site
2026-012,Ivan Illich - Nemesis medicale,FOND,CULTURE,publie,V1,2026-04-08,2026-04-08,Le Phare Info,Mettre a distance,,Illich;iatrogenese;institutions,Critique des effets de normalisation et de dependance produits par les institutions de soin.,Repolitiser les discours de prevention et de responsabilisation.,2026-012_TF_CULTURE_Ivan-Illich-Nemesis-medicale_V1.md,02_Fonds/Culture,2026-01-21,https://le-phare.info/nemesis-medicale/,nemesis-medicale,Textes_fondateurs,illich;sante;institutions,Import auto depuis site
2026-013,Byung-Chul Han - La societe de la fatigue,TF,POL,publie,V1,2026-04-08,2026-04-08,Le Phare Info,Mettre a distance,,performance;auto-exploitation;fatigue,La fatigue moderne vient de la contrainte interiorisee et de l'injonction de performance.,Donner des outils critiques sur l'epuisement contemporain.,2026-013_TF_CULTURE_Byung-Chul-Han-La-societe-de-la-fatigue_V1.md,04_Textes_fondateurs/Auteurs,2026-01-21,https://le-phare.info/byung-chul-han-la-societe-de-la-fatigue/,byung-chul-han-la-societe-de-la-fatigue,Textes_fondateurs,han;fatigue;performance,Import auto depuis site
2026-014,Simone Weil - L'attention comme forme de justice,TF,POL,publie,V1,2026-04-08,2026-04-08,Le Phare Info,Relier,,attention;justice;ethique,"L'attention est une exigence morale et politique, condition de la justice.",Relier qualite attentionnelle et reconnaissance de l'autre.,2026-014_TF_CULTURE_Simone-Weil-Lattention-comme-forme-de-justice_V1.md,04_Textes_fondateurs/Auteurs,2026-01-20,https://le-phare.info/simone-weil-lattention-comme-forme-de-justice/,simone-weil-lattention-comme-forme-de-justice,Textes_fondateurs,simone-weil;attention;justice,Import auto depuis site
2026-015,🧠 Hygiène de vie et cognition,FOND,CULTURE,publie,V1,2026-04-08,2026-04-08,Le Phare Info,,,,"Approfondir un sujet dans la durée, au-delà de l’actualité immédiate.",Archive source depuis WordPress.,2026-015_FOND_CULTURE_Hygine-de-vie-et-cognition_V1.md,02_Fonds/Culture,2026-01-22,https://le-phare.info/cycle-en-cours/,cycle-en-cours,home,,Import auto API WP
2026-016,Le phare info,FOND,CULTURE,publie,V1,2026-04-08,2026-04-08,Le Phare Info,,,,lien vers menu le phare,Archive source depuis WordPress.,2026-016_FOND_CULTURE_Le-phare-info_V1.md,02_Fonds/Culture,2026-01-22,https://le-phare.info/le-phare/,le-phare,home,,Import auto API WP
2026-017,Parcourir le sentier du savoir,FOND,CULTURE,publie,V1,2026-04-08,2026-04-08,Le Phare Info,,,,"Entrer par la compréhension : relier les savoirs pour éclairer le monde 🔎 Comprendre ne consiste pas seulement à accumuler des informations.Dans un monde saturé de contenus, le véritable enjeu n’est plus l’accès au savoir, mais la capacité à le relier, l’orga",Archive source depuis WordPress.,2026-017_FOND_CULTURE_Parcourir-le-sentier-du-savoir_V1.md,02_Fonds/Culture,2026-01-22,https://le-phare.info/le-sentier-du-savoir-2/,le-sentier-du-savoir-2,home,,Import auto API WP
2026-018,Ce que notre mode de vie fait à notre rapport au réel,FOND,MONDE,publie,V1,2026-04-08,2026-04-08,Le Phare Info,,,,"Nous parlons souvent de fatigue, de stress ou de surcharge informationnelle comme d’états passagers, liés à des périodes intenses ou à des choix individuels. Pourtant, les analyses menées tout au long du cycle Hygiène de vie et cognition invitent à une hypothè",Archive source depuis WordPress.,2026-018_FOND_CULTURE_Ce-que-notre-mode-de-vie-fait-notre-rapport-au-rel_V1.md,02_Fonds/Culture,2026-01-21,https://le-phare.info/ce-que-notre-mode-de-vie-fait-a-notre-rapport-au-reel/,ce-que-notre-mode-de-vie-fait-a-notre-rapport-au-reel,transmettre,,Import auto API WP
2026-019,Peut-on entraîner son attention sans l’épuiser ?,FOND,CULTURE,publie,V1,2026-04-08,2026-04-08,Le Phare Info,,,,"La question de l’entraînement de l’attention s’impose aujourd’hui avec force. Face à la fatigue cognitive, à la dispersion et à la surcharge informationnelle, l’idée qu’il serait possible de « muscler » son attention semble à la fois rassurante et séduisante.",Archive source depuis WordPress.,2026-019_FOND_CULTURE_Peut-on-entraner-son-attention-sans-lpuiser_V1.md,02_Fonds/Culture,2026-01-21,https://le-phare.info/peut-on-entrainer-son-attention-sans-lepuiser/,peut-on-entrainer-son-attention-sans-lepuiser,transmettre,,Import auto API WP
2026-020,Prendre soin de son attention : une écologie cognitive,FOND,CLIMAT,publie,V1,2026-04-08,2026-04-08,Le Phare Info,,,,"La question de l’attention est souvent abordée sous un angle individuel : capacité à se concentrer, à résister aux distractions, à mieux gérer son temps. Cette approche domine les discours contemporains, du développement personnel aux politiques de performance",Archive source depuis WordPress.,2026-020_FOND_CULTURE_Prendre-soin-de-son-attention-une-cologie-cognitive_V1.md,02_Fonds/Climat_Transition,2026-01-21,https://le-phare.info/prendre-soin-de-son-attention-une-ecologie-cognitive/,prendre-soin-de-son-attention-une-ecologie-cognitive,transmettre,,Import auto API WP
2026-021,Le mythe de l’esprit autonome,FOND,CULTURE,publie,V1,2026-04-08,2026-04-08,Le Phare Info,,,,"Pourquoi l’idéal d’indépendance cognitive masque des dépendances réelles L’esprit autonome est une figure centrale de l’imaginaire moderne. On le décrit comme rationnel, maître de lui-même, capable de juger indépendamment de son corps, de ses émotions et de so",Archive source depuis WordPress.,2026-021_FOND_CULTURE_Le-mythe-de-lesprit-autonome_V1.md,02_Fonds/Culture,2026-01-21,https://le-phare.info/le-mythe-de-lesprit-autonome/,le-mythe-de-lesprit-autonome,mettre-a-distance,,Import auto API WP
2026-022,Quand le vocabulaire du bien-être masque les rapports de force,FOND,MONDE,publie,V1,2026-04-08,2026-04-08,Le Phare Info,,,,"Comment des mots positifs peuvent neutraliser la critique sociale Le vocabulaire du bien-être s’est imposé comme une langue commune. Il parle de santé mentale, d’équilibre, de résilience, de qualité de vie, de gestion du stress. Ces mots semblent aller de soi.",Archive source depuis WordPress.,2026-022_FOND_CULTURE_Quand-le-vocabulaire-du-bien-tre-masque-les-rapports-de-force_V1.md,02_Fonds/Culture,2026-01-21,https://le-phare.info/quand-le-vocabulaire-du-bien-etre-masque-les-rapports-de-force/,quand-le-vocabulaire-du-bien-etre-masque-les-rapports-de-force,mettre-a-distance,,Import auto API WP
2026-023,Mieux gérer son attention : une fausse évidence,FOND,CULTURE,publie,V1,2026-04-08,2026-04-08,Le Phare Info,,,,"Quand l’injonction à la maîtrise détourne du problème réel « Mieux gérer son attention » est devenue une formule omniprésente. Elle traverse les discours sur le bien-être, la productivité, l’éducation, le travail et même la santé mentale. Elle semble aller de",Archive source depuis WordPress.,2026-023_FOND_CULTURE_Mieux-grer-son-attention-une-fausse-vidence_V1.md,02_Fonds/Culture,2026-01-21,https://le-phare.info/mieux-gerer-son-attention-une-fausse-evidence/,mieux-gerer-son-attention-une-fausse-evidence,mettre-a-distance,,Import auto API WP
2026-024,Vérité et politique – Hannah Arendt : La fragilité du jugement sous pression collective,TF,POL,publie,V1,2026-04-08,2026-04-08,Le Phare Info,,,,"Publié en 1967, Vérité et politique occupe une place singulière dans l’œuvre de Hannah Arendt. Ce texte ne traite pas de la vérité au sens scientifique ou logique, mais de la vérité dans l’espace public, là où elle est exposée à la pression, au conflit, à la f",Archive source depuis WordPress.,2026-024_TF_CULTURE_Vrit-et-politique-Hannah-Arendt-La-fragilit-du-jugement-sous-pression_V1.md,04_Textes_fondateurs/Auteurs,2026-01-20,https://le-phare.info/verite-et-politique-hannah-arendt-la-fragilite-du-jugement-sous-pression-collective/,verite-et-politique-hannah-arendt-la-fragilite-du-jugement-sous-pression-collective,textes-fondateurs,,Import auto API WP
2026-025,"Attention, confiance et manipulation",FOND,TECH,publie,V1,2026-04-08,2026-04-08,Le Phare Info,,,,"Quand la fatigue collective fragilise le lien au vrai La manipulation est souvent pensée comme le produit d’intentions malveillantes, de stratégies cyniques ou de technologies sophistiquées. Cette lecture est incomplète. Elle néglige un facteur décisif : l’éta",Archive source depuis WordPress.,2026-025_FOND_CULTURE_Attention-confiance-et-manipulation_V1.md,02_Fonds/Technologie_IA,2026-01-20,https://le-phare.info/attention-confiance-et-manipulation/,attention-confiance-et-manipulation,relier,,Import auto API WP
2026-026,Hygiène de vie et qualité du débat démocratique,FOND,POL,publie,V1,2026-04-08,2026-04-08,Le Phare Info,,,,"Quand les conditions matérielles façonnent la capacité à débattre La démocratie est souvent pensée comme un ensemble de règles, d’institutions et de procédures. On y parle de liberté d’expression, de pluralisme, de séparation des pouvoirs. Plus rarement, on in",Archive source depuis WordPress.,2026-026_FOND_CULTURE_Hygine-de-vie-et-qualit-du-dbat-dmocratique_V1.md,02_Fonds/Politique_Societe,2026-01-20,https://le-phare.info/hygiene-de-vie-et-qualite-du-debat-democratique/,hygiene-de-vie-et-qualite-du-debat-democratique,relier,,Import auto API WP
2026-027,Fatigue cognitive et inégalités sociales,FOND,TECH,publie,V1,2026-04-08,2026-04-08,Le Phare Info,,,,"Quand la lucidité devient une ressource inégalement répartie La fatigue cognitive est souvent abordée comme une expérience individuelle : surcharge mentale, stress, difficulté à se concentrer. Pourtant, lorsque l’on change d’échelle, un constat s’impose : la f",Archive source depuis WordPress.,2026-027_FOND_CULTURE_Fatigue-cognitive-et-ingalits-sociales_V1.md,02_Fonds/Technologie_IA,2026-01-20,https://le-phare.info/fatigue-cognitive-et-inegalites-sociales/,fatigue-cognitive-et-inegalites-sociales,relier,,Import auto API WP
2026-028,Antonio Damasio – L’Erreur de Descartes,TF,CULTURE,publie,V1,2026-04-08,2026-04-08,Le Phare Info,,,,"Pourquoi la séparation corps / esprit est une fiction coûteuse Publié en 1994, L’Erreur de Descartes constitue un tournant majeur dans la compréhension contemporaine de la cognition. À rebours d’une tradition philosophique et scientifique qui sépare la raison",Archive source depuis WordPress.,2026-028_TF_CULTURE_Antonio-Damasio-LErreur-de-Descartes_V1.md,04_Textes_fondateurs/Auteurs,2026-01-20,https://le-phare.info/antonio-damasio-lerreur-de-descartes/,antonio-damasio-lerreur-de-descartes,textes-fondateurs,,Import auto API WP
2026-029,"Martha C. Nussbaum – Cultiver l’humanité : Penser avec un corps vivant, des émotions et des conditions matérielles",TF,CULTURE,publie,V1,2026-04-08,2026-04-08,Le Phare Info,,,,"Publié en 1997, Cultiver l’humanité de Martha C. Nussbaum interroge une idée profondément ancrée dans la modernité occidentale : celle d’une pensée autonome, abstraite, indépendante des émotions, du corps et des conditions de vie. À rebours de cette tradition,",Archive source depuis WordPress.,2026-029_TF_CULTURE_Martha-C-Nussbaum-Cultiver-lhumanit-Penser-avec-un-corps-vivant-des-mo_V1.md,04_Textes_fondateurs/Auteurs,2026-01-20,https://le-phare.info/martha-c-nussbaum-cultiver-lhumanite/,martha-c-nussbaum-cultiver-lhumanite,textes-fondateurs,,Import auto API WP
2026-030,Écrans et cognition : dépasser les discours alarmistes ou naïfs,FOND,CULTURE,publie,V1,2026-04-08,2026-04-08,Le Phare Info,,,,"Les écrans occupent une place centrale dans les débats contemporains sur l’attention, la fatigue mentale et le jugement. Ils sont tour à tour accusés de tous les maux cognitifs ou, à l’inverse, défendus comme de simples outils neutres dont seuls les usages com",Archive source depuis WordPress.,2026-030_FOND_CULTURE_crans-et-cognition-dpasser-les-discours-alarmistes-ou-nafs_V1.md,02_Fonds/Culture,2026-01-20,https://le-phare.info/ecrans-et-cognition-depasser-les-discours-alarmistes-ou-naifs/,ecrans-et-cognition-depasser-les-discours-alarmistes-ou-naifs,comprendre,,Import auto API WP
2026-031,Stress chronique et jugement : pourquoi nous devenons plus réactifs,FOND,MONDE,publie,V1,2026-04-08,2026-04-08,Le Phare Info,,,,"Le stress est souvent évoqué comme une réaction ponctuelle à une situation difficile. Pourtant, une part croissante de l’expérience contemporaine correspond à une autre réalité : un stress de fond, durable, parfois discret, qui ne se manifeste pas par des cris",Archive source depuis WordPress.,2026-031_FOND_CULTURE_Stress-chronique-et-jugement-pourquoi-nous-devenons-plus-ractifs_V1.md,02_Fonds/Culture,2026-01-20,https://le-phare.info/stress-chronique-et-jugement-pourquoi-nous-devenons-plus-reactifs/,stress-chronique-et-jugement-pourquoi-nous-devenons-plus-reactifs,comprendre,,Import auto API WP
2026-032,Attention : une ressource cognitive limitée,FOND,CULTURE,publie,V1,2026-04-08,2026-04-08,Le Phare Info,,,,"L’attention est souvent invoquée comme une qualité personnelle : on serait attentif ou distrait, concentré ou dispersé. Pourtant, les sciences cognitives décrivent l’attention non comme un trait stable, mais comme une ressource limitée, coûteuse et sensible au",Archive source depuis WordPress.,2026-032_FOND_CULTURE_Attention-une-ressource-cognitive-limite_V1.md,02_Fonds/Culture,2026-01-20,https://le-phare.info/attention-une-ressource-cognitive-limitee/,attention-une-ressource-cognitive-limitee,comprendre,,Import auto API WP
2026-033,Fatigue cognitive : ce que disent réellement les sciences,FOND,SCIENCE,publie,V1,2026-04-08,2026-04-08,Le Phare Info,,,,"La fatigue cognitive est souvent évoquée comme une évidence. Elle sert à expliquer une difficulté de concentration, une irritabilité accrue, une baisse de motivation ou un sentiment de saturation mentale. Pourtant, derrière ce terme largement utilisé, les scie",Archive source depuis WordPress.,2026-033_FOND_CULTURE_Fatigue-cognitive-ce-que-disent-rellement-les-sciences_V1.md,02_Fonds/Science_Sante,2026-01-19,https://le-phare.info/fatigue-cognitive-ce-que-disent-reellement-les-sciences/,fatigue-cognitive-ce-que-disent-reellement-les-sciences,comprendre,,Import auto API WP
2026-034,"Aldous Huxley – Le Meilleur des mondes : Distraction, conditionnement et fatigue de l’attention",TF,MONDE,publie,V1,2026-04-08,2026-04-08,Le Phare Info,,,,"Publié en 1932, Le Meilleur des mondes est souvent lu comme une dystopie parmi d’autres. On y voit une société technologiquement avancée, stable, pacifiée, où les conflits ont été largement neutralisés. La violence y est rare, la misère absente, l’angoisse maî",Archive source depuis WordPress.,2026-034_TF_CULTURE_Aldous-Huxley-Le-Meilleur-des-mondes-Distraction-conditionnement-et-fa_V1.md,04_Textes_fondateurs/Auteurs,2026-01-19,https://le-phare.info/aldous-huxley-le-meilleur-des-mondes/,aldous-huxley-le-meilleur-des-mondes,textes-fondateurs,,Import auto API WP
2026-035,Surcharge informationnelle : trop d’informations ou mauvais formats ?,FOND,CULTURE,publie,V1,2026-04-08,2026-04-08,Le Phare Info,,,,"L’impression d’être submergé par l’information est devenue banale. Beaucoup disent « ne plus suivre », « décrocher », « zapper ». Ce ressenti est souvent résumé par une formule simple : il y aurait trop d’informations. Mais avant d’en faire un diagnostic ou d’",Archive source depuis WordPress.,2026-035_FOND_CULTURE_Surcharge-informationnelle-trop-dinformations-ou-mauvais-formats_V1.md,02_Fonds/Culture,2026-01-19,https://le-phare.info/surcharge-informationnelle-trop-dinformations-ou-mauvais-formats/,surcharge-informationnelle-trop-dinformations-ou-mauvais-formats,observer,,Import auto API WP
2026-036,Stress diffus et vigilance permanente : une tension devenue ordinaire,FOND,MONDE,publie,V1,2026-04-08,2026-04-08,Le Phare Info,,,,"Le stress est souvent associé à des situations exceptionnelles : urgence, conflit, surcharge ponctuelle, événement traumatique. Pourtant, dans la vie quotidienne contemporaine, une autre forme de stress semble s’installer plus discrètement. Elle ne crie pas. E",Archive source depuis WordPress.,2026-036_FOND_CULTURE_Stress-diffus-et-vigilance-permanente-une-tension-devenue-ordinaire_V1.md,02_Fonds/Culture,2026-01-19,https://le-phare.info/stress-diffus-et-vigilance-permanente-une-tension-devenue-ordinaire/,stress-diffus-et-vigilance-permanente-une-tension-devenue-ordinaire,observer,,Import auto API WP
2026-037,Attention fragmentée : ce que nous observons vraiment au quotidien,FOND,MONDE,publie,V1,2026-04-08,2026-04-08,Le Phare Info,,,,"L’attention est devenue un sujet omniprésent. On parle de concentration, de distraction, de capacité à “se poser”, souvent sur un mode inquiet ou normatif. Pourtant, avant de chercher à corriger ou à optimiser quoi que ce soit, il est nécessaire de décrire ce",Archive source depuis WordPress.,2026-037_FOND_CULTURE_Attention-fragmente-ce-que-nous-observons-vraiment-au-quotidien_V1.md,02_Fonds/Culture,2026-01-19,https://le-phare.info/attention-fragmentee-ce-que-nous-observons-vraiment-au-quotidien/,attention-fragmentee-ce-que-nous-observons-vraiment-au-quotidien,observer,,Import auto API WP
2026-038,Fatigue cognitive : quand l’épuisement devient un fait social,FOND,TECH,publie,V1,2026-04-08,2026-04-08,Le Phare Info,,,,"La fatigue est partout. Dans les conversations ordinaires, dans les médias, dans le monde du travail comme dans la sphère privée. On la décrit souvent comme un état individuel, passager, lié à un manque de sommeil, à une période chargée ou à une mauvaise organ",Archive source depuis WordPress.,2026-038_FOND_CULTURE_Fatigue-cognitive-quand-lpuisement-devient-un-fait-social_V1.md,02_Fonds/Technologie_IA,2026-01-19,https://le-phare.info/fatigue-cognitive-quand-lepuisement-devient-un-fait-social/,fatigue-cognitive-quand-lepuisement-devient-un-fait-social,observer,,Import auto API WP
2026-039,La Mémoire du Phare,FOND,CULTURE,publie,V1,2026-04-08,2026-04-08,Le Phare Info,,,,"Ce qui reste quand le cycle est terminé Pourquoi une mémoire Le Phare travaille le présent, mais il ne s’y enferme pas. L’actualité passe.Les cycles avancent, se ferment, se transforment.Sans mémoire, le travail accompli se dissout dans le flux. La Mémoire du",Archive source depuis WordPress.,2026-039_FOND_CULTURE_La-Mmoire-du-Phare_V1.md,02_Fonds/Culture,2026-01-17,https://le-phare.info/la-memoire-du-phare-info/,la-memoire-du-phare-info,memoire,,Import auto API WP
2026-040,Quand l’exploration devient repère,FOND,CULTURE,publie,V1,2026-04-08,2026-04-08,Le Phare Info,,,,"Quand une exploration a produit une compréhension stabilisée. Ces cycles offrent des repères durables, détachés de l’urgence.",Archive source depuis WordPress.,2026-040_FOND_CULTURE_Quand-lexploration-devient-repre_V1.md,02_Fonds/Culture,2026-01-17,https://le-phare.info/quand-lexploration-devient-repere/,quand-lexploration-devient-repere,cycles-aboutis,,Import auto API WP
2026-041,Des repères pour éclairer durablement le présent,TF,CULTURE,publie,V1,2026-04-08,2026-04-08,Le Phare Info,,,,Certaines œuvres offrent des cadres de pensée qui traversent le temps. Elles permettent de relire l’actualité avec plus de hauteur.,Archive source depuis WordPress.,2026-041_TF_CULTURE_Des-repres-pour-clairer-durablement-le-prsent_V1.md,04_Textes_fondateurs/Auteurs,2026-01-17,https://le-phare.info/des-reperes-pour-eclairer-durablement-le-present/,des-reperes-pour-eclairer-durablement-le-present,textes-fondateurs,,Import auto API WP
2026-042,Approfondir sans urgence,FOND,CULTURE,publie,V1,2026-04-08,2026-04-08,Le Phare Info,,,,"Certains sujets demandent du temps, de la continuité, de la profondeur. Ces articles permettent de comprendre sans dépendre du rythme de l’actualité.",Archive source depuis WordPress.,2026-042_FOND_CULTURE_Approfondir-sans-urgence_V1.md,02_Fonds/Culture,2026-01-17,https://le-phare.info/approfondir-sans-urgence/,approfondir-sans-urgence,articles-de-fond,,Import auto API WP
2026-043,Des concepts pour se repérer dans la complexité,FOND,CULTURE,publie,V1,2026-04-08,2026-04-08,Le Phare Info,,,,Certains concepts traversent les sujets et reviennent dans les analyses. Ces repères aident à comprendre au-delà d’un contexte précis.,Archive source depuis WordPress.,2026-043_FOND_CULTURE_Des-concepts-pour-se-reprer-dans-la-complexit_V1.md,02_Fonds/Culture,2026-01-17,https://le-phare.info/des-concepts-pour-se-reperer-dans-la-complexite/,des-concepts-pour-se-reperer-dans-la-complexite,reperes-transversaux,,Import auto API WP
2026-044,Comment l’actualité devient compréhension,FOND,CULTURE,publie,V1,2026-04-08,2026-04-08,Le Phare Info,,,,"Pourquoi le phare info Le Phare ne traite pas l’actualité comme une suite d’événements isolés.Il la considère comme une matière brute, qui demande du temps et une méthode pour devenir intelligible. Le cycle du Phare est cette méthode.Il ne promet ni exhaustivi",Archive source depuis WordPress.,2026-044_FOND_CULTURE_Comment-lactualit-devient-comprhension_V1.md,02_Fonds/Culture,2026-01-17,https://le-phare.info/comment-lactualite-devient-comprehension/,comment-lactualite-devient-comprehension,cycle,,Import auto API WP
2026-045,Prendre acte avant d’interpréter,FOND,CULTURE,publie,V1,2026-04-08,2026-04-08,Le Phare Info,,,,"Poser les faits, distinguer données, signaux et récits, suspendre le jugement pour éviter les interprétations hâtives.",Archive source depuis WordPress.,2026-045_FOND_CULTURE_Prendre-acte-avant-dinterprter_V1.md,02_Fonds/Culture,2026-01-17,https://le-phare.info/observer-2/,observer-2,observer,,Import auto API WP
2026-046,Situer avant d’expliquer,FOND,MONDE,publie,V1,2026-04-08,2026-04-08,Le Phare Info,,,,"Replacer les faits dans leur contexte, explorer les causes, les mécanismes et les temporalités.",Archive source depuis WordPress.,2026-046_FOND_CULTURE_Situer-avant-dexpliquer_V1.md,02_Fonds/Culture,2026-01-17,https://le-phare.info/situer-avant-dexpliquer/,situer-avant-dexpliquer,comprendre,,Import auto API WP
2026-047,Interroger sans se détacher,FOND,CULTURE,publie,V1,2026-04-08,2026-04-08,Le Phare Info,,,,"Interroger les récits dominants, les biais et les évidences sans sombrer dans la suspicion permanente..",Archive source depuis WordPress.,2026-047_FOND_CULTURE_Interroger-sans-se-dtacher_V1.md,02_Fonds/Culture,2026-01-17,https://le-phare.info/deconstruire-sans-se-detacher/,deconstruire-sans-se-detacher,mettre-a-distance,,Import auto API WP
2026-048,Mettre en relation pour donner du sens,FOND,CULTURE,publie,V1,2026-04-08,2026-04-08,Le Phare Info,,,,"Mettre en relation les disciplines, les échelles et les expériences humaines pour faire émerger une vision d’ensemble cohérente.",Archive source depuis WordPress.,2026-048_FOND_CULTURE_Mettre-en-relation-pour-donner-du-sens_V1.md,02_Fonds/Culture,2026-01-17,https://le-phare.info/donner-du-sens-par-les-liens/,donner-du-sens-par-les-liens,relier,,Import auto API WP
2026-049,Partager sans simplifier à l’excès,FOND,CULTURE,publie,V1,2026-04-08,2026-04-08,Le Phare Info,,,,"Structurer et transmettre la compréhension acquise, sans imposer de conclusion unique ni simplifier à l’excès.",Archive source depuis WordPress.,2026-049_FOND_CULTURE_Partager-sans-simplifier-lexcs_V1.md,02_Fonds/Culture,2026-01-17,https://le-phare.info/partager-sans-simplifier-a-lexces/,partager-sans-simplifier-a-lexces,transmettre,,Import auto API WP
2026-050,🧠 Hygiène de vie et cognition,FOND,SCIENCE,publie,V1,2026-04-08,2026-04-08,Le Phare Info,,,,"Fatigue chronique, surcharge informationnelle, stress permanent, omniprésence des écrans : ces phénomènes font désormais partie du quotidien. Ils sont souvent abordés sous un angle individuel — bien-être, productivité, performance personnelle.",Archive source depuis WordPress.,2026-050_FOND_CULTURE_Hygine-de-vie-et-cognition_V1.md,02_Fonds/Science_Sante,2026-01-17,https://le-phare.info/hygiene-de-vie-et-cognition-les-nouvelles-alertes-scientifiques-qui-interrogent-notre-capacite-de-discernement/,hygiene-de-vie-et-cognition-les-nouvelles-alertes-scientifiques-qui-interrogent-notre-capacite-de-discernement,cycle;science-sante,,Import auto API WP
2026-051,Observer la fatigue et l’attention au quotidien,FOND,MONDE,publie,V1,2026-04-08,2026-04-08,Le Phare Info,,,,"Fatigue, stress, distraction, saturation informationnelle : ces mots circulent partout, souvent chargés de jugements, de conseils rapides ou d’explications simplistes.",Archive source depuis WordPress.,2026-051_FOND_CULTURE_Observer-la-fatigue-et-lattention-au-quotidien_V1.md,02_Fonds/Culture,2026-01-14,https://le-phare.info/observer/,observer,observer,,Import auto API WP
2026-052,Relier sciences cognitives et usages quotidiens,FOND,SCIENCE,publie,V1,2026-04-08,2026-04-08,Le Phare Info,,,,"Les constats de la phase Observer font émerger des expériences partagées : fatigue diffuse, attention fragmentée, stress permanent, saturation informationnelle.",Archive source depuis WordPress.,2026-052_FOND_CULTURE_Relier-sciences-cognitives-et-usages-quotidiens_V1.md,02_Fonds/Science_Sante,2026-01-14,https://le-phare.info/comprendre/,comprendre,comprendre,,Import auto API WP
2026-053,Du cerveau individuel au collectif,FOND,MONDE,publie,V1,2026-04-08,2026-04-08,Le Phare Info,,,,"Les sciences cognitives permettent d’éclairer des mécanismes : fatigue attentionnelle, stress chronique, limites de l’attention, rôle des émotions.",Archive source depuis WordPress.,2026-053_FOND_CULTURE_Du-cerveau-individuel-au-collectif_V1.md,02_Fonds/Culture,2026-01-14,https://le-phare.info/du-cerveau-individuel-au-collectif/,du-cerveau-individuel-au-collectif,relier,,Import auto API WP
2026-054,Déconstruire les récits dominants de l’attention et du bien-être,FOND,CULTURE,publie,V1,2026-04-08,2026-04-08,Le Phare Info,,,,"Identifier les idéologies discrètes qui structurent les discours sur la fatigue, l’attention et le bien-être.",Archive source depuis WordPress.,2026-054_FOND_CULTURE_Dconstruire-les-rcits-dominants-de-lattention-et-du-bien-tre_V1.md,02_Fonds/Culture,2026-01-14,https://le-phare.info/deconstruire-les-recits-dominants/,deconstruire-les-recits-dominants,mettre-a-distance,,Import auto API WP
2026-055,Partager des clés de compréhension sans prescrire,FOND,CULTURE,publie,V1,2026-04-08,2026-04-08,Le Phare Info,,,,"Transformer le cycle en repère durable, sans recettes ni normes à appliquer.",Archive source depuis WordPress.,2026-055_FOND_CULTURE_Partager-des-cls-de-comprhension-sans-prescrire_V1.md,02_Fonds/Culture,2026-01-14,https://le-phare.info/partager-sans-prescrire/,partager-sans-prescrire,transmettre,,Import auto API WP
2026-056,Cycle en cours,FOND,CULTURE,publie,V1,2026-04-08,2026-04-08,Le Phare Info,,,,"Hygiène de vie et cognition Comment notre mode de vie transforme notre attention, notre jugement et notre rapport au réel Pourquoi ce cycle ? Fatigue chronique, surcharge informationnelle, stress permanent, omniprésence des écrans : ces phénomènes font désorma",Archive source depuis WordPress.,2026-056_FOND_CULTURE_Cycle-en-cours_V1.md,02_Fonds/Culture,2025-12-29,https://le-phare.info/cycle-en-cours3/,cycle-en-cours3,non-classe,,Import auto API WP
2026-057,Lire l&rsquo;actualité décryptée,FOND,CULTURE,publie,V1,2026-04-08,2026-04-08,Le Phare Info,,,,"Lire les faits décryptés, replacés dans leur contexte et leurs enjeux.",Archive source depuis WordPress.,2026-057_FOND_CULTURE_Lire-lrsquoactualit-dcrypte_V1.md,02_Fonds/Culture,2025-12-19,https://le-phare.info/actualites/,actualites,home,,Import auto API WP
2026-058,📚 Culture,SENTIER,CULTURE,publie,V1,2026-04-08,2026-04-08,Le Phare Info,,,,"Construire une base solide de connaissances pour comprendre le monde. Relier les faits, les disciplines et les repères essentiels.",Archive source depuis WordPress.,2026-058_SENTIER_CULTURE_Culture_V1.md,05_Sentier/Culture,2025-12-16,https://le-phare.info/culture/,culture,sentier-du-savoir,,Import auto API WP
2026-059,🔍 Critique et l’analyse,SENTIER,MONDE,publie,V1,2026-04-08,2026-04-08,Le Phare Info,,,,"Apprendre à analyser l’information, repérer les biais et questionner les évidences. Penser par soi-même dans un monde saturé de récits.",Archive source depuis WordPress.,2026-059_SENTIER_CULTURE_Critique-et-lanalyse_V1.md,05_Sentier/Critique_Analyse,2025-12-16,https://le-phare.info/etape-2-maitriser-la-pensee-critique-et-lanalyse/,etape-2-maitriser-la-pensee-critique-et-lanalyse,pensee-critique;sentier-du-savoir,,Import auto API WP
2026-060,🧱 Argumentation,FOND,CULTURE,publie,V1,2026-04-08,2026-04-08,Le Phare Info,,,,"Structurer sa pensée pour convaincre sans manipuler. Savoir débattre, nuancer et formuler des idées claires.",Archive source depuis WordPress.,2026-060_FOND_CULTURE_Argumentation_V1.md,02_Fonds/Culture,2025-12-16,https://le-phare.info/etape-3-approfondir-un-ou-plusieurs-domaines-dexpertise/,etape-3-approfondir-un-ou-plusieurs-domaines-dexpertise,argumenter-et-convaincre,,Import auto API WP
2026-061,🧩 Approfondissement,SENTIER,CULTURE,publie,V1,2026-04-08,2026-04-08,Le Phare Info,,,,Explorer un ou plusieurs domaines en profondeur. Passer de la curiosité à la compréhension experte.,Archive source depuis WordPress.,2026-061_SENTIER_CULTURE_Approfondissement_V1.md,05_Sentier/Culture,2025-12-16,https://le-phare.info/etape-4-approfondir-un-ou-plusieurs-domaines-dexpertise/,etape-4-approfondir-un-ou-plusieurs-domaines-dexpertise,domaines-dexpertise;sentier-du-savoir,,Import auto API WP
2026-062,🈶 Langues,SENTIER,MONDE,publie,V1,2026-04-08,2026-04-08,Le Phare Info,,,,Élargir ses horizons par le langage et les cultures. Penser autrement en changeant de langue.,Archive source depuis WordPress.,2026-062_SENTIER_CULTURE_Langues_V1.md,05_Sentier/Culture,2025-12-16,https://le-phare.info/etape-4-devenir-polyglotte-et-cosmopolite/,etape-4-devenir-polyglotte-et-cosmopolite,polyglotte-et-cosmopolite;sentier-du-savoir,,Import auto API WP
2026-063,🧪 Science,SENTIER,SCIENCE,publie,V1,2026-04-08,2026-04-08,Le Phare Info,,,,"Comprendre la méthode scientifique et l’expérimentation. Distinguer savoirs établis, hypothèses et croyances.",Archive source depuis WordPress.,2026-063_SENTIER_SCIENCE_Science_V1.md,05_Sentier/Science,2025-12-16,https://le-phare.info/etape-6-comprendre-la-methode-scientifique-et-experimenter/,etape-6-comprendre-la-methode-scientifique-et-experimenter,methode-scientifique-et-experimenter;sentier-du-savoir,,Import auto API WP
2026-064,✍️ Transmission,SENTIER,CULTURE,publie,V1,2026-04-08,2026-04-08,Le Phare Info,,,,"Écrire, expliquer, partager ce que l’on a compris. Transformer le savoir en outil collectif.",Archive source depuis WordPress.,2026-064_SENTIER_CULTURE_Transmission_V1.md,05_Sentier/Culture,2025-12-16,https://le-phare.info/etape-5-ecrire-et-transmettre-du-savoir/,etape-5-ecrire-et-transmettre-du-savoir,ecrire-et-transmettre;sentier-du-savoir,,Import auto API WP
2026-065,🕸️ Vision,SENTIER,MONDE,publie,V1,2026-04-08,2026-04-08,Le Phare Info,,,,"Relier les savoirs pour construire une vision globale du monde. Comprendre les systèmes, leurs interactions et leurs limites.",Archive source depuis WordPress.,2026-065_SENTIER_CULTURE_Vision_V1.md,05_Sentier/Culture,2025-12-16,https://le-phare.info/etape-7-frequenter-dautres-marcheurs-du-savoir/,etape-7-frequenter-dautres-marcheurs-du-savoir,relier-les-savoirs;sentier-du-savoir,,Import auto API WP
2026-066,🧘 Équilibre,SENTIER,CULTURE,publie,V1,2026-04-08,2026-04-08,Le Phare Info,,,,Cultiver le corps et l’esprit pour soutenir l’érudition dans le temps. Le savoir durable repose aussi sur l’attention et l’équilibre personnel.,Archive source depuis WordPress.,2026-066_SENTIER_CULTURE_quilibre_V1.md,05_Sentier/Equilibre,2025-12-16,https://le-phare.info/etape-8-prendre-soin-de-son-corps-et-de-son-esprit/,etape-8-prendre-soin-de-son-corps-et-de-son-esprit,prendre-soin-de-son-corps-et-de-son-esprit;sentier-du-savoir,,Import auto API WP
2026-067,🌍 La diplomatie de l’eau : tensions autour des ressources hydriques transfrontalières,FOND,POL,publie,V1,2026-04-08,2026-04-08,Le Phare Info,,,,"📌 Contexte Alors que le changement climatique modifie profondément les régimes hydrologiques mondiaux, l’eau devient un enjeu géopolitique majeur. Si elle est historiquement une ressource de coopération, elle tend de plus en plus à cristalliser les tensions e",Archive source depuis WordPress.,2026-067_FOND_CULTURE_La-diplomatie-de-leau-tensions-autour-des-ressources-hydriques-transfr_V1.md,02_Fonds/Politique_Societe,2025-12-16,https://le-phare.info/%f0%9f%8c%8d-la-diplomatie-de-leau-tensions-autour-des-ressources-hydriques-transfrontalieres/,%f0%9f%8c%8d-la-diplomatie-de-leau-tensions-autour-des-ressources-hydriques-transfrontalieres,geopolitique-relations-internationales,,Import auto API WP
2026-068,"🌍 L’Arctique, nouvel échiquier géopolitique : enjeux et acteurs émergents",FOND,POL,publie,V1,2026-04-08,2026-04-08,Le Phare Info,,,,"📌 Contexte Longtemps considérée comme une région périphérique et gelée, l’Arctique est désormais au centre de multiples convoitises. Sous l’effet du réchauffement climatique, la banquise fond à un rythme accéléré, ouvrant la voie à de nouvelles routes maritim",Archive source depuis WordPress.,2026-068_FOND_CULTURE_LArctique-nouvel-chiquier-gopolitique-enjeux-et-acteurs-mergents_V1.md,02_Fonds/Politique_Societe,2025-12-16,https://le-phare.info/%f0%9f%8c%8d-larctique-nouvel-echiquier-geopolitique-enjeux-et-acteurs-emergents/,%f0%9f%8c%8d-larctique-nouvel-echiquier-geopolitique-enjeux-et-acteurs-emergents,geopolitique-relations-internationales,,Import auto API WP
2026-069,🌍 Les routes de la soie numériques : stratégie d’influence chinoise en Afrique,FOND,TECH,publie,V1,2026-04-08,2026-04-08,Le Phare Info,,,,"📌 Contexte Depuis le lancement de l’Initiative Belt and Road (BRI) par Xi Jinping en 2013, la Chine ne cesse d’étendre ses infrastructures économiques, logistiques et technologiques dans le monde entier. Si l’attention médiatique s’est d’abord concentrée sur",Archive source depuis WordPress.,2026-069_FOND_CULTURE_Les-routes-de-la-soie-numriques-stratgie-dinfluence-chinoise-en-Afriqu_V1.md,02_Fonds/Technologie_IA,2025-12-16,https://le-phare.info/%f0%9f%8c%8d-les-routes-de-la-soie-numeriques-strategie-dinfluence-chinoise-en-afrique/,%f0%9f%8c%8d-les-routes-de-la-soie-numeriques-strategie-dinfluence-chinoise-en-afrique,geopolitique-relations-internationales,,Import auto API WP
2026-070,🌍 Le rôle des diasporas dans les politiques étrangères des États,FOND,TECH,publie,V1,2026-04-08,2026-04-08,Le Phare Info,,,,"📌 Contexte Longtemps perçues comme des populations dispersées, périphériques, voire marginales, les diasporas sont aujourd’hui reconnues comme des acteurs transnationaux majeurs. En tant que ponts vivants entre plusieurs espaces géographiques, elles jouent un",Archive source depuis WordPress.,2026-070_FOND_CULTURE_Le-rle-des-diasporas-dans-les-politiques-trangres-des-tats_V1.md,02_Fonds/Technologie_IA,2025-12-16,https://le-phare.info/%f0%9f%8c%8d-le-role-des-diasporas-dans-les-politiques-etrangeres-des-etats/,%f0%9f%8c%8d-le-role-des-diasporas-dans-les-politiques-etrangeres-des-etats,geopolitique-relations-internationales,,Import auto API WP
2026-071,🤖 TECHNOLOGIE,FOND,TECH,publie,V1,2026-04-08,2026-04-08,Le Phare Info,,,,"Comprendre les systèmes numériques, l’IA et leurs effets sur nos sociétés.",Archive source depuis WordPress.,2026-071_FOND_CULTURE_TECHNOLOGIE_V1.md,02_Fonds/Technologie_IA,2025-12-16,https://le-phare.info/%f0%9f%a4%96-technologie-intelligence-artificielle/,%f0%9f%a4%96-technologie-intelligence-artificielle,description-categories,,Import auto API WP
2026-072,🌱 ENVIRONNEMENT,FOND,CLIMAT,publie,V1,2026-04-08,2026-04-08,Le Phare Info,,,,"Lire les équilibres du vivant, du climat et des ressources à long terme.",Archive source depuis WordPress.,2026-072_FOND_CULTURE_ENVIRONNEMENT_V1.md,02_Fonds/Climat_Transition,2025-12-16,https://le-phare.info/%f0%9f%8c%b1-environnement-climat/,%f0%9f%8c%b1-environnement-climat,description-categories,,Import auto API WP
2026-073,📊 ÉCONOMIE,FOND,ECON,publie,V1,2026-04-08,2026-04-08,Le Phare Info,,,,Décrypter les mécanismes qui structurent la production et la répartition des richesses.,Archive source depuis WordPress.,2026-073_FOND_CULTURE_CONOMIE_V1.md,02_Fonds/Economie_Finance,2025-12-16,https://le-phare.info/%f0%9f%93%8a-economie-finance/,%f0%9f%93%8a-economie-finance,description-categories,,Import auto API WP
2026-074,🧠 SCIENCES,FOND,SCIENCE,publie,V1,2026-04-08,2026-04-08,Le Phare Info,,,,"Explorer le vivant, le corps et l’esprit à travers la recherche scientifique.",Archive source depuis WordPress.,2026-074_FOND_CULTURE_SCIENCES_V1.md,02_Fonds/Science_Sante,2025-12-16,https://le-phare.info/category-all-science-sante/,category-all-science-sante,description-categories,,Import auto API WP
2026-075,🏛️ SOCIÉTÉ,FOND,TECH,publie,V1,2026-04-08,2026-04-08,Le Phare Info,,,,"Analyser les transformations du pouvoir, de la démocratie et du vivre-ensemble.",Archive source depuis WordPress.,2026-075_FOND_CULTURE_SOCIT_V1.md,02_Fonds/Technologie_IA,2025-12-16,https://le-phare.info/%f0%9f%8f%9b%ef%b8%8f-politique-societe-transformations-democratiques-et-sociales/,%f0%9f%8f%9b%ef%b8%8f-politique-societe-transformations-democratiques-et-sociales,description-categories,,Import auto API WP
2026-076,🌍 MONDE,FOND,MONDE,publie,V1,2026-04-08,2026-04-08,Le Phare Info,,,,Comprendre les dynamiques internationales et les rapports de force globaux.,Archive source depuis WordPress.,2026-076_FOND_CULTURE_MONDE_V1.md,02_Fonds/Culture,2025-12-16,https://le-phare.info/%f0%9f%8c%8d-categorie-monde/,%f0%9f%8c%8d-categorie-monde,description-categories,,Import auto API WP
2026-077,"🧠 Une heure de sommeil en moins, 20 % de discernement en moins ?",FOND,SCIENCE,publie,V1,2026-04-08,2026-04-08,Le Phare Info,,,,"Comprendre la fatigue cognitive généralisée Science & Santé – Clés de compréhension 📌 Contexte Depuis quelques années, la recherche scientifique converge vers une idée aussi simple que dérangeante : nos capacités intellectuelles ne sont pas uniquement le prod",Archive source depuis WordPress.,2026-077_FOND_CULTURE_Une-heure-de-sommeil-en-moins-20-de-discernement-en-moins_V1.md,02_Fonds/Science_Sante,2025-12-10,https://le-phare.info/une-heure-de-sommeil-en-moins-20-de-discernement-en-moins/,une-heure-de-sommeil-en-moins-20-de-discernement-en-moins,science-sante,,Import auto API WP
2026-078,🧘 Martha C. Nussbaum – Cultiver l’humanité : penser avec un corps vivant,SENTIER,CULTURE,publie,V1,2026-04-08,2026-04-08,Le Phare Info,,,,"Martha C. Nussbaum, l’une des philosophes contemporaines les plus influentes, a bâti une œuvre centrée sur la vulnérabilité humaine, les émotions et les conditions matérielles de la liberté. Dans Cultiver l’humanité, elle affirme que la pensée critique, le jug",Archive source depuis WordPress.,2026-078_SENTIER_CULTURE_Martha-C-Nussbaum-Cultiver-lhumanit-penser-avec-un-corps-vivant_V1.md,05_Sentier/Equilibre,2025-12-01,https://le-phare.info/martha-c-nussbaum-cultiver-lhumanite-penser-avec-un-corps-vivant/,martha-c-nussbaum-cultiver-lhumanite-penser-avec-un-corps-vivant,prendre-soin-de-son-corps-et-de-son-esprit,,Import auto API WP
2026-079,🧘 Prendre conscience du lien entre hygiène de vie et qualité de pensée,SENTIER,SCIENCE,publie,V1,2026-04-08,2026-04-08,Le Phare Info,,,,(Étape 9 – Cultiver l’équilibre corps-esprit pour soutenir l’érudition) La qualité de notre pensée ne dépend pas uniquement de nos connaissances ou de nos compétences intellectuelles. Elle dépend aussi — et parfois davantage — de l’état physiologique dans lequ,Archive source depuis WordPress.,2026-079_SENTIER_CULTURE_Prendre-conscience-du-lien-entre-hygine-de-vie-et-qualit-de-pense_V1.md,05_Sentier/Equilibre,2025-12-01,https://le-phare.info/prendre-conscience-du-lien-entre-hygiene-de-vie-et-qualite-de-pensee/,prendre-conscience-du-lien-entre-hygiene-de-vie-et-qualite-de-pensee,prendre-soin-de-son-corps-et-de-son-esprit,,Import auto API WP
2026-080,"🧱 Les trois forces de la rhétorique : raison, crédibilité, émotion",FOND,MONDE,publie,V1,2026-04-08,2026-04-08,Le Phare Info,,,,"Sentier du Savoir – Étape 3 : Apprendre à argumenter et à convaincre La rhétorique n’est pas un art ancien réservé aux philosophes.C’est une mécanique vivante qui structure chaque discours, qu’il s’agisse d’un débat politique, d’une vidéo TikTok, d’un post sur",Archive source depuis WordPress.,2026-080_FOND_CULTURE_Les-trois-forces-de-la-rhtorique-raison-crdibilit-motion_V1.md,02_Fonds/Culture,2025-11-20,https://le-phare.info/les-trois-forces-de-la-rhetorique-raison-credibilite-emotion/,les-trois-forces-de-la-rhetorique-raison-credibilite-emotion,argumenter-et-convaincre,,Import auto API WP
2026-081,🧱 Aristote – La Rhétorique : comprendre la mécanique de la persuasion,TF,MONDE,publie,V1,2026-04-08,2026-04-08,Le Phare Info,,,,"Texte fondateur – Philosophie / Pensée critique La Rhétorique d’Aristote demeure l’un des textes les plus influents de l’histoire de la pensée.Écrit au IVᵉ siècle avant notre ère, ce traité n’est pas seulement un manuel pour orateurs :c’est une théorie général",Archive source depuis WordPress.,2026-081_SENTIER_CULTURE_Aristote-La-Rhtorique-comprendre-la-mcanique-de-la-persuasion_V1.md,04_Textes_fondateurs/Auteurs,2025-11-20,https://le-phare.info/aristote-la-rhetorique-comprendre-la-mecanique-de-la-persuasion/,aristote-la-rhetorique-comprendre-la-mecanique-de-la-persuasion,argumenter-et-convaincre;non-classe;pensee-critique,,Import auto API WP
2026-082,🏛️ 🤖 Réseaux sociaux : comment les micro-formats vidéo transforment la rhétorique publique,FOND,TECH,publie,V1,2026-04-08,2026-04-08,Le Phare Info,,,,"Les formats vidéo ultracourts — TikTok, Reels, YouTube Shorts — redéfinissent la manière dont les idées circulent et influencent nos opinions.Ce changement n’est pas seulement technique : il transforme l’équilibre même de la rhétorique publique, entre raison,",Archive source depuis WordPress.,2026-082_FOND_CULTURE_Rseaux-sociaux-comment-les-micro-formats-vido-transforment-la-rhtoriqu_V1.md,02_Fonds/Technologie_IA,2025-11-20,https://le-phare.info/reseaux-sociaux-comment-les-micro-formats-video-transforment-la-rhetorique-publique/,reseaux-sociaux-comment-les-micro-formats-video-transforment-la-rhetorique-publique,politique-societe;technologie-intelligence-artificielle,,Import auto API WP
2026-083,"🔍 Norbert Wiener — “Cybernetics, or Control and Communication in the Animal and the Machine” (1948)",TF,TECH,publie,V1,2026-04-08,2026-04-08,Le Phare Info,,,,"Texte fondateur — Étape 4 du Sentier du Savoir : Comprendre les systèmes complexes 🧠 1. Un texte qui a tout annoncé En 1948, l’Américain Norbert Wiener, mathématicien de génie formé à Harvard et au MIT, publie un livre au titre aride : Cybernetics, or Control",Archive source depuis WordPress.,2026-083_SENTIER_CULTURE_Norbert-Wiener-Cybernetics-or-Control-and-Communication-in-the-Animal_V1.md,04_Textes_fondateurs/Auteurs,2025-11-03,https://le-phare.info/norbert-wiener-cybernetics-or-control-and-communication-in-the-animal-and-the-machine-1948/,norbert-wiener-cybernetics-or-control-and-communication-in-the-animal-and-the-machine-1948,pensee-critique,,Import auto API WP
2026-084,🏛️ Développeur : la fin du code ou la naissance d’un nouveau métier ?,FOND,TECH,publie,V1,2026-04-08,2026-04-08,Le Phare Info,,,,"Clés de compréhension — Dossier IA & Société du travail 🩵 1. Un métier en mutation silencieuse En l’espace de deux ans, les IA génératives ont bouleversé un pilier de l’économie numérique : le métier de développeur.Des outils comme GitHub Copilot, Cursor, Jet",Archive source depuis WordPress.,2026-084_FOND_CULTURE_Dveloppeur-la-fin-du-code-ou-la-naissance-dun-nouveau-mtier_V1.md,02_Fonds/Technologie_IA,2025-11-03,https://le-phare.info/developpeur-la-fin-du-code-ou-la-naissance-dun-nouveau-metier/,developpeur-la-fin-du-code-ou-la-naissance-dun-nouveau-metier,politique-societe,,Import auto API WP
2026-085,🧠 Conscience : la science aux frontières du réel,FOND,SCIENCE,publie,V1,2026-04-08,2026-04-08,Le Phare Info,,,,"Entre imagerie cérébrale et mystère quantique, la question de l’éveil reste ouverte Et si comprendre la conscience exigeait de repenser ce qu’est la réalité elle-même ? 🧠 Une cartographie de l’esprit toujours incomplète Chaque mois, les neurosciences repousse",Archive source depuis WordPress.,2026-085_FOND_CULTURE_Conscience-la-science-aux-frontires-du-rel_V1.md,02_Fonds/Science_Sante,2025-10-31,https://le-phare.info/conscience-la-science-aux-frontieres-du-reel/,conscience-la-science-aux-frontieres-du-reel,science-sante,,Import auto API WP
2026-086,🧠 Quand la conscience apparaît,FOND,SCIENCE,publie,V1,2026-04-08,2026-04-08,Le Phare Info,,,,Du quantique au réel — et du réel au vivant “À quel moment l’information devient-elle expérience ?”— Carnet collectif – Physique de l’Information 🌱 Introduction — La question des bébés et la naissance du monde perçu Chaque naissance est un mystère.Un corps ap,Archive source depuis WordPress.,2026-086_FOND_CULTURE_Quand-la-conscience-apparat_V1.md,02_Fonds/Science_Sante,2025-10-31,https://le-phare.info/quand-la-conscience-apparait/,quand-la-conscience-apparait,science-sante,,Import auto API WP
2026-087,🧪 En quoi la promesse d’une énergie « propre » peut-elle nous aveugler ?,SENTIER,SCIENCE,publie,V1,2026-04-08,2026-04-08,Le Phare Info,,,,"Exercice de lucidité énergétique – Étape 4 du Sentier du Savoir 📌 Contexte L’humanité cherche depuis toujours à dompter les forces de la nature : le feu, le vent, la fission, bientôt la fusion.Chaque époque invente son mythe énergétique — celui qui promet l’a",Archive source depuis WordPress.,2026-087_SENTIER_SCIENCE_En-quoi-la-promesse-dune-nergie-propre-peut-elle-nous-aveugler_V1.md,05_Sentier/Science,2025-10-30,https://le-phare.info/en-quoi-la-promesse-dune-energie-propre-peut-elle-nous-aveugler/,en-quoi-la-promesse-dune-energie-propre-peut-elle-nous-aveugler,methode-scientifique-et-experimenter,,Import auto API WP
2026-088,🧪 Hubert Reeves – Patience dans l’azur,TF,SCIENCE,publie,V1,2026-04-08,2026-04-08,Le Phare Info,,,,"Quand la contemplation du cosmos devient conscience du vivant 📌 Contexte Publié en 1981, Patience dans l’azur est plus qu’un livre de vulgarisation scientifique : c’est une méditation cosmologique.Hubert Reeves, astrophysicien et poète du ciel, y propose une",Archive source depuis WordPress.,2026-088_SENTIER_SCIENCE_Hubert-Reeves-Patience-dans-lazur_V1.md,04_Textes_fondateurs/Auteurs,2025-10-30,https://le-phare.info/hubert-reeves-patience-dans-lazur/,hubert-reeves-patience-dans-lazur,methode-scientifique-et-experimenter,,Import auto API WP
2026-089,🧠 La fusion nucléaire : promesse d’énergie infinie ou mirage technologique ?,FOND,SCIENCE,publie,V1,2026-04-08,2026-04-08,Le Phare Info,,,,"📌 Contexte Depuis un demi-siècle, la fusion nucléaire est présentée comme le Saint-Graal énergétique : produire une énergie propre, sûre et quasi infinie, en reproduisant le processus qui alimente les étoiles.En 2025, plusieurs projets majeurs – ITER en Franc",Archive source depuis WordPress.,2026-089_FOND_CULTURE_La-fusion-nuclaire-promesse-dnergie-infinie-ou-mirage-technologique_V1.md,02_Fonds/Science_Sante,2025-10-30,https://le-phare.info/la-fusion-nucleaire-promesse-denergie-infinie-ou-mirage-technologique/,la-fusion-nucleaire-promesse-denergie-infinie-ou-mirage-technologique,science-sante,,Import auto API WP
2026-090,"🔍 « Soyez sceptique, mais apprenez à écouter » : cultiver le discernement sans perdre l’empathie",SENTIER,MONDE,publie,V1,2026-04-08,2026-04-08,Le Phare Info,,,,"📌 Contexte À l’ère de la surinformation, où chacun peut publier, commenter, “fact-checker” ou influencer, savoir discerner est devenu une compétence vitale.Mais dans cette quête de vérité, un piège guette : le scepticisme fermé, celui qui doute de tout, qui n",Archive source depuis WordPress.,2026-090_SENTIER_CULTURE_Soyez-sceptique-mais-apprenez-couter-cultiver-le-discernement-sans-per_V1.md,05_Sentier/Critique_Analyse,2025-10-29,https://le-phare.info/soyez-sceptique-mais-apprenez-a-ecouter-cultiver-le-discernement-sans-perdre-lempathie/,soyez-sceptique-mais-apprenez-a-ecouter-cultiver-le-discernement-sans-perdre-lempathie,pensee-critique,,Import auto API WP
2026-091,🔍 « Faites toujours de votre mieux » : l’équilibre entre exigence et bienveillance envers soi-même,SENTIER,MONDE,publie,V1,2026-04-08,2026-04-08,Le Phare Info,,,,"📌 Contexte Nous vivons dans une époque obsédée par la performance.Objectifs, résultats, productivité, comparaisons : la société moderne semble mesurer la valeur de chacun à sa capacité à produire, à briller, à réussir. Face à cette pression, le quatrième Acco",Archive source depuis WordPress.,2026-091_SENTIER_CULTURE_Faites-toujours-de-votre-mieux-lquilibre-entre-exigence-et-bienveillan_V1.md,05_Sentier/Critique_Analyse,2025-10-29,https://le-phare.info/faites-toujours-de-votre-mieux-lequilibre-entre-exigence-et-bienveillance-envers-soi-meme/,faites-toujours-de-votre-mieux-lequilibre-entre-exigence-et-bienveillance-envers-soi-meme,pensee-critique,,Import auto API WP
2026-092,🔍 « Ne faites pas de suppositions » : l’art d’écouter avant de juger,SENTIER,MONDE,publie,V1,2026-04-08,2026-04-08,Le Phare Info,,,,"📌 Contexte Dans un monde où tout va vite — les échanges, les décisions, les réactions —, la supposition est devenue une habitude.On devine, on interprète, on conclut.Et souvent, on se trompe. Ce troisième Accord toltèque, énoncé par Don Miguel Ruiz dans Les Q",Archive source depuis WordPress.,2026-092_SENTIER_CULTURE_Ne-faites-pas-de-suppositions-lart-dcouter-avant-de-juger_V1.md,05_Sentier/Critique_Analyse,2025-10-29,https://le-phare.info/ne-faites-pas-de-suppositions-lart-decouter-avant-de-juger/,ne-faites-pas-de-suppositions-lart-decouter-avant-de-juger,pensee-critique,,Import auto API WP
2026-093,"« Quoi qu’il arrive, n’en faites pas une affaire personnelle » : la sagesse du recul dans un monde hypersensible",SENTIER,MONDE,publie,V1,2026-04-08,2026-04-08,Le Phare Info,,,,"📌 Contexte À l’heure où tout se commente, s’évalue et se partage en temps réel, savoir ne pas tout prendre pour soi relève presque de la résistance intérieure.Chaque jour, nous sommes exposés à une avalanche d’opinions, de notifications, de feedbacks ou de ju",Archive source depuis WordPress.,2026-093_SENTIER_CULTURE_Quoi-quil-arrive-nen-faites-pas-une-affaire-personnelle-la-sagesse-du_V1.md,05_Sentier/Critique_Analyse,2025-10-29,https://le-phare.info/quoi-quil-arrive-nen-faites-pas-une-affaire-personnelle-la-sagesse-du-recul-dans-un-monde-hypersensible/,quoi-quil-arrive-nen-faites-pas-une-affaire-personnelle-la-sagesse-du-recul-dans-un-monde-hypersensible,pensee-critique,,Import auto API WP
2026-094,« Que votre parole soit impeccable » : quand les mots redéfinissent la confiance,SENTIER,TECH,publie,V1,2026-04-08,2026-04-08,Le Phare Info,,,,"📌 Contexte À l’heure des réseaux sociaux, du télétravail et de la communication instantanée, la parole est devenue un enjeu central — mais aussi un champ de tension.Jamais les individus n’ont eu autant de moyens pour s’exprimer, mais rarement la parole n’a ét",Archive source depuis WordPress.,2026-094_SENTIER_CULTURE_Que-votre-parole-soit-impeccable-quand-les-mots-redfinissent-la-confia_V1.md,05_Sentier/Critique_Analyse,2025-10-29,https://le-phare.info/que-votre-parole-soit-impeccable-quand-les-mots-redefinissent-la-confiance/,que-votre-parole-soit-impeccable-quand-les-mots-redefinissent-la-confiance,pensee-critique,,Import auto API WP
2026-095,Les Accords toltèques : sagesse ancienne et outil moderne de lucidité,SENTIER,MONDE,publie,V1,2026-04-08,2026-04-08,Le Phare Info,,,,"📌 Contexte Popularisé par Don Miguel Ruiz à la fin des années 1990, Les Quatre Accords toltèques est devenu un best-seller mondial du développement personnel. Ce petit livre, inspiré selon son auteur de la sagesse spirituelle des anciens Toltèques du Mexique,",Archive source depuis WordPress.,2026-095_SENTIER_CULTURE_Les-Accords-toltques-sagesse-ancienne-et-outil-moderne-de-lucidit_V1.md,05_Sentier/Critique_Analyse,2025-10-29,https://le-phare.info/les-accords-tolteques-sagesse-ancienne-et-outil-moderne-de-lucidite/,les-accords-tolteques-sagesse-ancienne-et-outil-moderne-de-lucidite,pensee-critique,,Import auto API WP
2026-096,🏛️ « Ne faites pas de suppositions » : l’essor de la médiation sociale dans les entreprises françaises,FOND,TECH,publie,V1,2026-04-08,2026-04-08,Le Phare Info,,,,"📌 Contexte En 2025, la vie au travail en France connaît une évolution marquante : la montée en puissance de la médiation sociale au sein des entreprises.Face à la multiplication des tensions internes — télétravail, restructurations, surcharge de travail — de",Archive source depuis WordPress.,2026-096_FOND_CULTURE_Ne-faites-pas-de-suppositions-lessor-de-la-mdiation-sociale-dans-les-e_V1.md,02_Fonds/Technologie_IA,2025-10-29,https://le-phare.info/ne-faites-pas-de-suppositions-lessor-de-la-mediation-sociale-dans-les-entreprises-francaises/,ne-faites-pas-de-suppositions-lessor-de-la-mediation-sociale-dans-les-entreprises-francaises,politique-societe,,Import auto API WP
2026-097,🧠 La matière apparaît émergente d’un tissu informationnel,FOND,SCIENCE,publie,V1,2026-04-08,2026-04-08,Le Phare Info,,,,"Quand la substance se révèle relation “Ce que nous appelons matière n’est que l’apparence d’un champ sous-jacent d’information et d’énergie.”— David Bohm 🌌 Introduction — La fin de la matière solide Pendant des siècles, nous avons cru que le monde était fait",Archive source depuis WordPress.,2026-097_FOND_CULTURE_La-matire-apparat-mergente-dun-tissu-informationnel_V1.md,02_Fonds/Science_Sante,2025-10-29,https://le-phare.info/la-matiere-apparait-emergente-dun-tissu-informationnel/,la-matiere-apparait-emergente-dun-tissu-informationnel,science-sante,,Import auto API WP
2026-098,🧠 Physique classique,FOND,SCIENCE,publie,V1,2026-04-08,2026-04-08,Le Phare Info,,,,"Le monde comme horloge parfaite “Dieu ne joue pas aux dés.”— Albert Einstein, en défense du déterminisme newtonien ⚙️ Introduction — Quand le monde semblait lisible Avant que la mécanique quantique ne vienne troubler notre vision du monde,l’univers semblait un",Archive source depuis WordPress.,2026-098_FOND_CULTURE_Physique-classique_V1.md,02_Fonds/Science_Sante,2025-10-29,https://le-phare.info/physique-classique/,physique-classique,science-sante,,Import auto API WP
2026-099,🧠 Mécanique quantique,FOND,SCIENCE,publie,V1,2026-04-08,2026-04-08,Le Phare Info,,,,"Quand la réalité devient probabiliste “Quiconque n’est pas choqué par la mécanique quantique ne l’a pas comprise.”— Niels Bohr ⚛️ Introduction — Le monde caché derrière le visible À notre échelle, le monde semble stable : une pierre tombe, une table reste à sa",Archive source depuis WordPress.,2026-099_FOND_CULTURE_Mcanique-quantique_V1.md,02_Fonds/Science_Sante,2025-10-29,https://le-phare.info/mecanique-quantique/,mecanique-quantique,science-sante,,Import auto API WP
2026-100,L’univers relationnel,FOND,CULTURE,publie,V1,2026-04-08,2026-04-08,Le Phare Info,,,,"Pourquoi le lien précède les choses “Et si la matière, la conscience et l’espace n’étaient que des effets secondaires… du lien qui les relie ?”— Carnet collectif – Physique de l’Information 🌌 Introduction — Le réel comme réseau de relations Depuis des siècles",Archive source depuis WordPress.,2026-100_FOND_CULTURE_Lunivers-relationnel_V1.md,02_Fonds/Culture,2025-10-28,https://le-phare.info/lunivers-relationnel/,lunivers-relationnel,relier-les-savoirs,,Import auto API WP
2026-101,"Le vide, source de tout",FOND,CULTURE,publie,V1,2026-04-08,2026-04-08,Le Phare Info,,,,"Énergie du champ et création continue “Le néant n’existe pas.Le vide est plein d’énergie, d’informations… et de possibilités.”— Carnet collectif – Physique de l’Information 🌌 Introduction — Et si le vide n’était pas rien ? Dans le langage courant, le vide évo",Archive source depuis WordPress.,2026-101_FOND_CULTURE_Le-vide-source-de-tout_V1.md,02_Fonds/Culture,2025-10-28,https://le-phare.info/le-vide-source-de-tout/,le-vide-source-de-tout,relier-les-savoirs,,Import auto API WP
2026-102,Le monde comme simulation ?,FOND,SCIENCE,publie,V1,2026-04-08,2026-04-08,Le Phare Info,,,,"Métaphore utile ou hypothèse testable “Ce que nous appelons réalité pourrait n’être qu’un sous-programme dans un calcul cosmique.”— Nick Bostrom 💡 Introduction — La question qui dérange les physiciens Et si l’univers n’était pas une illusion,mais une interpré",Archive source depuis WordPress.,2026-102_FOND_CULTURE_Le-monde-comme-simulation_V1.md,02_Fonds/Science_Sante,2025-10-28,https://le-phare.info/le-monde-comme-simulation/,le-monde-comme-simulation,physique-de-information;relier-les-savoirs,,Import auto API WP
2026-103,La conscience dans le réel ?,FOND,SCIENCE,publie,V1,2026-04-08,2026-04-08,Le Phare Info,,,,"Création, lecture ou co-émergence “L’univers n’existe pas sans témoin.”— John Archibald Wheeler 🧭 Introduction — Une question que la science avait écartée Pendant longtemps, la physique s’est tenue à distance de la conscience.Elle cherchait des lois universel",Archive source depuis WordPress.,2026-103_FOND_CULTURE_La-conscience-dans-le-rel_V1.md,02_Fonds/Science_Sante,2025-10-28,https://le-phare.info/la-conscience-dans-le-reel/,la-conscience-dans-le-reel,physique-de-information;relier-les-savoirs,,Import auto API WP
2026-104,Information is Physical,FOND,SCIENCE,publie,V1,2026-04-08,2026-04-08,Le Phare Info,,,,"Quand la matière devient code “L’information n’est pas une métaphore : elle est le tissu même du réel.”— Rolf Landauer, IBM, 1961 🔬 Introduction — Et si la physique parlait le langage du code ? Pendant des siècles, la physique a décrit la matière, l’énergie,",Archive source depuis WordPress.,2026-104_FOND_CULTURE_Information-is-Physical_V1.md,02_Fonds/Science_Sante,2025-10-28,https://le-phare.info/information-is-physical/,information-is-physical,physique-de-information;relier-les-savoirs,,Import auto API WP
2026-105,🧠 Où en est la physique aujourd’hui ?,FOND,SCIENCE,publie,V1,2026-04-08,2026-04-08,Le Phare Info,,,,"De la matière aux informations, une révolution silencieuse du réel “Ce que nous appelons le réel n’est qu’un filtre d’observation.”— Carlo Rovelli 🔬 Introduction — La physique au tournant de son histoire Depuis Galilée et Newton, la physique cherche à décrire",Archive source depuis WordPress.,2026-105_FOND_CULTURE_O-en-est-la-physique-aujourdhui_V1.md,02_Fonds/Science_Sante,2025-10-28,https://le-phare.info/ou-en-est-la-physique-aujourdhui/,ou-en-est-la-physique-aujourdhui,science-sante,,Import auto API WP
2026-106,🧠 Quand la physique défie la décohérence,FOND,SCIENCE,publie,V1,2026-04-08,2026-04-08,Le Phare Info,,,,"Les capteurs quantiques repoussent la frontière entre le possible et le réel “Ce que nous appelons réalité, c’est ce qui résiste à la décohérence.”— Carnet collectif – Physique de l’Information 🧠 Une frontière qui s’effrite entre le monde quantique et notre r",Archive source depuis WordPress.,2026-106_FOND_CULTURE_Quand-la-physique-dfie-la-dcohrence_V1.md,02_Fonds/Science_Sante,2025-10-27,https://le-phare.info/quand-la-physique-defie-la-decoherence/,quand-la-physique-defie-la-decoherence,science-sante,,Import auto API WP
2026-107,"Décorrélation, décohérence et réalité",FOND,SCIENCE,publie,V1,2026-04-08,2026-04-08,Le Phare Info,,,,Ce que le monde quantique nous apprend sur le réel “Le réel n’est pas ce que nous voyons : c’est ce que la conscience stabilise.”— Carnet collectif – Physique de l’Information 🔬 Introduction : voir l’invisible Nous avons grandi dans un monde où la matière sem,Archive source depuis WordPress.,2026-107_FOND_CULTURE_Dcorrlation-dcohrence-et-ralit_V1.md,02_Fonds/Science_Sante,2025-10-27,https://le-phare.info/decorrelation-decoherence-et-realite/,decorrelation-decoherence-et-realite,physique-de-information;relier-les-savoirs,,Import auto API WP
2026-108,Carnet collectif – Physique de l’Information,FOND,SCIENCE,publie,V1,2026-04-08,2026-04-08,Le Phare Info,,,,"Un voyage partagé au cœur du réel, de la matière et du sens “Comprendre le monde, c’est participer à son information.” 🎯 Intention du Carnet Le Carnet collectif – Physique de l’Information est un espace d’exploration partagée.Ici, nous cherchons à comprendre",Archive source depuis WordPress.,2026-108_FOND_CULTURE_Carnet-collectif-Physique-de-lInformation_V1.md,02_Fonds/Science_Sante,2025-10-27,https://le-phare.info/carnet-collectif-physique-de-linformation/,carnet-collectif-physique-de-linformation,relier-les-savoirs,,Import auto API WP
2026-109,Crise du régime et désarroi démocratique : ce que nous enseigne Hannah Arendt et Raymond Aron,TF,POL,publie,V1,2026-04-08,2026-04-08,Le Phare Info,,,,"Introduction : quand l’histoire ne passe pas Chaque effondrement institutionnel n’est pas seulement une panne de règles : c’est une crise de sens.La IVᵉ République, née des ruines de la guerre, s’effondra non parce que la Constitution était mal écrite, mais pa",Archive source depuis WordPress.,2026-109_SENTIER_CULTURE_Crise-du-rgime-et-dsarroi-dmocratique-ce-que-nous-enseigne-Hannah-Aren_V1.md,04_Textes_fondateurs/Auteurs,2025-10-07,https://le-phare.info/crise-du-regime-et-desarroi-democratique-ce-que-nous-enseigne-hannah-arendt-et-raymond-aron/,crise-du-regime-et-desarroi-democratique-ce-que-nous-enseigne-hannah-arendt-et-raymond-aron,pensee-critique,,Import auto API WP
2026-110,🏛️ Quand l’Histoire résonne : les blocages de la IVᵉ République et ceux de la France contemporaine,FOND,POL,publie,V1,2026-04-08,2026-04-08,Le Phare Info,,,,"📌 Contexte Depuis les élections de 2024, la France connaît une situation politique inédite : un président sans majorité stable, des gouvernements précaires, une défiance croissante envers les institutions.Pour beaucoup, cette paralysie fait écho à une période",Archive source depuis WordPress.,2026-110_FOND_CULTURE_Quand-lHistoire-rsonne-les-blocages-de-la-IV-Rpublique-et-ceux-de-la-F_V1.md,02_Fonds/Politique_Societe,2025-10-07,https://le-phare.info/quand-lhistoire-resonne-les-blocages-de-la-iv%e1%b5%89-republique-et-ceux-de-la-france-contemporaine/,quand-lhistoire-resonne-les-blocages-de-la-iv%e1%b5%89-republique-et-ceux-de-la-france-contemporaine,politique-societe,,Import auto API WP
2026-111,🧪🔑 Hans Jonas – Le Principe Responsabilité : fonder une éthique pour la civilisation technologique,TF,SCIENCE,publie,V1,2026-04-08,2026-04-08,Le Phare Info,,,,"Catégorie : Sentier du Savoir / Étape 5 – Comprendre la technique et la méthode scientifiqueType de contenu : Texte fondateurMots-clés SEO : Hans Jonas, Principe responsabilité, éthique du progrès, philosophie de la technique, IA, précaution, futur, responsabi",Archive source depuis WordPress.,2026-111_SENTIER_SCIENCE_Hans-Jonas-Le-Principe-Responsabilit-fonder-une-thique-pour-la-civilis_V1.md,04_Textes_fondateurs/Auteurs,2025-10-06,https://le-phare.info/hans-jonas-le-principe-responsabilite-fonder-une-ethique-pour-la-civilisation-technologique/,hans-jonas-le-principe-responsabilite-fonder-une-ethique-pour-la-civilisation-technologique,methode-scientifique-et-experimenter,,Import auto API WP
2026-112,Le rôle du Parcours Érudit,FOND,CULTURE,publie,V1,2026-04-08,2026-04-08,Le Phare Info,,,,"Personnaliser l’expérience de lecture et valoriser la progression Catégorie : Le projet / Architecture éditorialeMots-clés : parcours, lecteur, érudition, autonomie, personnalisationImage proposée : Silhouette d’un lecteur avançant sur un chemin éclairé, avec",Archive source depuis WordPress.,2026-112_FOND_CULTURE_Le-rle-du-Parcours-rudit_V1.md,02_Fonds/Culture,2025-09-30,https://le-phare.info/le-role-du-parcours-erudit/,le-role-du-parcours-erudit,le-phare-info,,Import auto API WP
2026-113,Le rôle des Étapes du Sentier du Savoir,FOND,CULTURE,publie,V1,2026-04-08,2026-04-08,Le Phare Info,,,,"Une progression intellectuelle pour relier l’actualité aux savoirs durables Catégorie : Le projet / Architecture éditorialeMots-clés : sentier du savoir, progression, fondamentaux, hubs, pensée critiqueImage proposée : Un sentier en forêt, jalonné de panneaux",Archive source depuis WordPress.,2026-113_FOND_CULTURE_Le-rle-des-tapes-du-Sentier-du-Savoir_V1.md,02_Fonds/Culture,2025-09-30,https://le-phare.info/le-role-des-etapes-du-sentier-du-savoir/,le-role-des-etapes-du-sentier-du-savoir,le-phare-info,,Import auto API WP
2026-114,Le rôle des articles de fond dans Le Phare Info,FOND,CULTURE,publie,V1,2026-04-08,2026-04-08,Le Phare Info,,,,"Clés de compréhension pour relier savoirs, enjeux et long terme Catégorie : Le projet / Architecture éditorialeMots-clés : article de fond, décryptage, clés de compréhension, savoir durable, dossiers thématiquesImage proposée : Un carnet ouvert avec des schéma",Archive source depuis WordPress.,2026-114_FOND_CULTURE_Le-rle-des-articles-de-fond-dans-Le-Phare-Info_V1.md,02_Fonds/Culture,2025-09-30,https://le-phare.info/le-role-des-articles-de-fond-dans-le-phare-info/,le-role-des-articles-de-fond-dans-le-phare-info,le-phare-info,,Import auto API WP
2026-115,Le rôle des textes fondateurs dans Le Phare Info,FOND,CULTURE,publie,V1,2026-04-08,2026-04-08,Le Phare Info,,,,"Des boussoles théoriques pour penser le monde contemporain Catégorie : Le projet / Architecture éditorialeMots-clés : texte fondateur, étude de cas, pensée critique, Sentier du Savoir, philosophie appliquéeImage proposée : Une bibliothèque ancienne traversée p",Archive source depuis WordPress.,2026-115_FOND_CULTURE_Le-rle-des-textes-fondateurs-dans-Le-Phare-Info_V1.md,02_Fonds/Culture,2025-09-30,https://le-phare.info/le-role-des-textes-fondateurs-dans-le-phare-info/,le-role-des-textes-fondateurs-dans-le-phare-info,le-phare-info,,Import auto API WP
2026-116,Le rôle des articles d’actualité dans Le Phare Info,FOND,CULTURE,publie,V1,2026-04-08,2026-04-08,Le Phare Info,,,,"Décrypter le présent pour ouvrir des chemins vers le savoir Catégorie : Le projet / Architecture éditorialeMots-clés : décryptage, journalisme lent, article d’actualité, Sentier du Savoir, éducation critiqueImage proposée : Une porte entrouverte sur un paysage",Archive source depuis WordPress.,2026-116_FOND_CULTURE_Le-rle-des-articles-dactualit-dans-Le-Phare-Info_V1.md,02_Fonds/Culture,2025-09-30,https://le-phare.info/le-role-des-articles-dactualite-dans-le-phare-info/,le-role-des-articles-dactualite-dans-le-phare-info,le-phare-info,,Import auto API WP
2026-117,L’architecture éditoriale de Le Phare Info,FOND,TECH,publie,V1,2026-04-08,2026-04-08,Le Phare Info,,,,"Un média qui relie l’actualité, les savoirs et les lecteurs en quête de sens Catégories : Le projet / À proposMots-clés : slow journalism, Sentier du Savoir, architecture éditoriale, éducation critique, maillageIllustration proposée : schéma de maillage avec f",Archive source depuis WordPress.,2026-117_FOND_CULTURE_Larchitecture-ditoriale-de-Le-Phare-Info_V1.md,02_Fonds/Technologie_IA,2025-09-30,https://le-phare.info/larchitecture-editoriale-de-le-phare-info/,larchitecture-editoriale-de-le-phare-info,le-phare-info,,Import auto API WP
2026-118,Vérité et politique – Hannah Arendt,TF,POL,publie,V1,2026-04-08,2026-04-08,Le Phare Info,,,,"Quand les faits deviennent l’enjeu central du pouvoir 📚 Dossier fondateur du Sentier du Savoir🔎 Étape 2 – Maîtriser la pensée critique🖋️ Catégories : Philosophie, Pensée critique, Sentier du Savoir 📌 Contexte : une philosophe face au brouillage du réel En",Archive source depuis WordPress.,2026-118_SENTIER_CULTURE_Vrit-et-politique-Hannah-Arendt_V1.md,04_Textes_fondateurs/Auteurs,2025-09-25,https://le-phare.info/verite-et-politique-hannah-arendt/,verite-et-politique-hannah-arendt,pensee-critique,,Import auto API WP
2026-119,🌱 Post-vérité climatique : quand les faits deviennent incertains,FOND,CLIMAT,publie,V1,2026-04-08,2026-04-08,Le Phare Info,,,,"Entre deepfakes, IA et désinformation virale, la frontière entre faits et récits se brouille. Cet article explore comment la post-vérité climatique fragilise notre rapport au réel et pourquoi la pensée critique devient une compétence démocratique essentielle.",Archive source depuis WordPress.,2026-119_FOND_CULTURE_Post-vrit-climatique-quand-les-faits-deviennent-incertains_V1.md,02_Fonds/Climat_Transition,2025-09-25,https://le-phare.info/post-verite-climatique-quand-les-faits-deviennent-incertains/,post-verite-climatique-quand-les-faits-deviennent-incertains,environnement-climat,,Import auto API WP
2026-120,Construire son programme personnel d’équilibre : une méthode pour durer dans l’érudition,SENTIER,CULTURE,publie,V1,2026-04-08,2026-04-08,Le Phare Info,,,,"📌 Contexte L’érudition n’est pas une performance ponctuelle, mais un chemin de vie.👉 Lire, réfléchir, écrire, transmettre demandent une énergie continue.👉 Or, cette énergie dépend directement de l’équilibre global du corps et de l’esprit. Un programme perso",Archive source depuis WordPress.,2026-120_SENTIER_CULTURE_Construire-son-programme-personnel-dquilibre-une-mthode-pour-durer-dan_V1.md,05_Sentier/Equilibre,2025-09-24,https://le-phare.info/construire-son-programme-personnel-dequilibre-une-methode-pour-durer-dans-lerudition/,construire-son-programme-personnel-dequilibre-une-methode-pour-durer-dans-lerudition,prendre-soin-de-son-corps-et-de-son-esprit,,Import auto API WP
2026-121,Corps-esprit et philosophies du bien-vivre : traditions pour une érudition équilibrée,SENTIER,CULTURE,publie,V1,2026-04-08,2026-04-08,Le Phare Info,,,,"📌 Contexte L’érudition demande une grande énergie mentale. Mais sans équilibre intérieur, sans une relation saine entre le corps et l’esprit, le savoir peut devenir source de fatigue, voire de déséquilibre. 👉 Depuis des millénaires, différentes traditions ph",Archive source depuis WordPress.,2026-121_SENTIER_CULTURE_Corps-esprit-et-philosophies-du-bien-vivre-traditions-pour-une-ruditio_V1.md,05_Sentier/Equilibre,2025-09-24,https://le-phare.info/corps-esprit-et-philosophies-du-bien-vivre-traditions-pour-une-erudition-equilibree/,corps-esprit-et-philosophies-du-bien-vivre-traditions-pour-une-erudition-equilibree,prendre-soin-de-son-corps-et-de-son-esprit,,Import auto API WP
2026-122,Art du rythme et discipline personnelle : trouver l’équilibre entre rigueur et souplesse,SENTIER,MONDE,publie,V1,2026-04-08,2026-04-08,Le Phare Info,,,,"📌 Contexte La quête d’érudition n’est pas une course de vitesse, mais une aventure au long cours.👉 Sans rythme adapté, on risque l’épuisement ou la dispersion.👉 Sans discipline, l’enthousiasme s’éparpille et le projet s’étiole. L’art véritable consiste à tr",Archive source depuis WordPress.,2026-122_SENTIER_CULTURE_Art-du-rythme-et-discipline-personnelle-trouver-lquilibre-entre-rigueu_V1.md,05_Sentier/Equilibre,2025-09-24,https://le-phare.info/art-du-rythme-et-discipline-personnelle-trouver-lequilibre-entre-rigueur-et-souplesse/,art-du-rythme-et-discipline-personnelle-trouver-lequilibre-entre-rigueur-et-souplesse,prendre-soin-de-son-corps-et-de-son-esprit,,Import auto API WP
2026-123,Rituels quotidiens des grands penseurs : quand l’habitude nourrit l’érudition,SENTIER,MONDE,publie,V1,2026-04-08,2026-04-08,Le Phare Info,,,,"📌 Contexte L’érudition n’est pas le fruit de moments isolés d’inspiration fulgurante.👉 Elle repose souvent sur des rituels quotidiens, des habitudes simples mais répétées, qui structurent le temps, préservent l’énergie et stimulent la créativité. De Montaign",Archive source depuis WordPress.,2026-123_SENTIER_CULTURE_Rituels-quotidiens-des-grands-penseurs-quand-lhabitude-nourrit-lruditi_V1.md,05_Sentier/Equilibre,2025-09-24,https://le-phare.info/rituels-quotidiens-des-grands-penseurs-quand-lhabitude-nourrit-lerudition/,rituels-quotidiens-des-grands-penseurs-quand-lhabitude-nourrit-lerudition,prendre-soin-de-son-corps-et-de-son-esprit,,Import auto API WP
2026-124,Hygiène numérique et attention : préserver la concentration à l’ère des écrans,SENTIER,TECH,publie,V1,2026-04-08,2026-04-08,Le Phare Info,,,,"📌 Contexte Jamais dans l’histoire humaine, notre attention n’a été autant sollicitée.👉 Smartphones, notifications, réseaux sociaux, flux d’actualité : tout est conçu pour capter et fragmenter notre concentration. Pour l’érudit en quête de savoir profond, cet",Archive source depuis WordPress.,2026-124_SENTIER_CULTURE_Hygine-numrique-et-attention-prserver-la-concentration-lre-des-crans_V1.md,05_Sentier/Equilibre,2025-09-24,https://le-phare.info/hygiene-numerique-et-attention-preserver-la-concentration-a-lere-des-ecrans/,hygiene-numerique-et-attention-preserver-la-concentration-a-lere-des-ecrans,prendre-soin-de-son-corps-et-de-son-esprit,,Import auto API WP
2026-125,Gestion des émotions et résilience : l’équilibre intérieur au service de l’érudition,SENTIER,CULTURE,publie,V1,2026-04-08,2026-04-08,Le Phare Info,,,,"📌 Contexte Le chemin de l’érudition n’est pas une promenade tranquille.👉 Lire des textes exigeants, confronter des idées contradictoires, débattre, transmettre… tout cela provoque souvent frustration, doutes, colère ou découragement. Dans ce contexte, appren",Archive source depuis WordPress.,2026-125_SENTIER_CULTURE_Gestion-des-motions-et-rsilience-lquilibre-intrieur-au-service-de-lrud_V1.md,05_Sentier/Equilibre,2025-09-24,https://le-phare.info/gestion-des-emotions-et-resilience-lequilibre-interieur-au-service-de-lerudition/,gestion-des-emotions-et-resilience-lequilibre-interieur-au-service-de-lerudition,prendre-soin-de-son-corps-et-de-son-esprit,,Import auto API WP
2026-126,Méditation et pleine conscience : cultiver la clarté intérieure,SENTIER,SCIENCE,publie,V1,2026-04-08,2026-04-08,Le Phare Info,,,,"📌 Contexte La quête de l’érudition ne consiste pas seulement à accumuler des connaissances, mais aussi à développer une qualité de présence. 👉 Lire sans être distrait, écrire sans se disperser, réfléchir sans agitation : autant de compétences que la méditati",Archive source depuis WordPress.,2026-126_SENTIER_CULTURE_Mditation-et-pleine-conscience-cultiver-la-clart-intrieure_V1.md,05_Sentier/Equilibre,2025-09-24,https://le-phare.info/meditation-et-pleine-conscience-cultiver-la-clarte-interieure/,meditation-et-pleine-conscience-cultiver-la-clarte-interieure,prendre-soin-de-son-corps-et-de-son-esprit,,Import auto API WP
2026-127,Le mouvement pour l’esprit : pourquoi l’activité physique nourrit l’intellect,SENTIER,SCIENCE,publie,V1,2026-04-08,2026-04-08,Le Phare Info,,,,"📌 Contexte On oppose souvent l’exercice physique et l’activité intellectuelle : le corps pour le sport, l’esprit pour l’étude.👉 En réalité, cette séparation est artificielle.👉 Le mouvement n’est pas seulement bénéfique pour la santé physique, il est aussi u",Archive source depuis WordPress.,2026-127_SENTIER_CULTURE_Le-mouvement-pour-lesprit-pourquoi-lactivit-physique-nourrit-lintellec_V1.md,05_Sentier/Equilibre,2025-09-24,https://le-phare.info/le-mouvement-pour-lesprit-pourquoi-lactivite-physique-nourrit-lintellect/,le-mouvement-pour-lesprit-pourquoi-lactivite-physique-nourrit-lintellect,prendre-soin-de-son-corps-et-de-son-esprit,,Import auto API WP
2026-128,Le sommeil comme allié de la mémoire,SENTIER,CULTURE,publie,V1,2026-04-08,2026-04-08,Le Phare Info,,,,"📌 Contexte Dans un monde où l’on glorifie la productivité et la vitesse, le sommeil est trop souvent vu comme une perte de temps. Pourtant, loin d’être un simple repos passif, il constitue une activité essentielle du cerveau. 👉 C’est pendant le sommeil que l",Archive source depuis WordPress.,2026-128_SENTIER_CULTURE_Le-sommeil-comme-alli-de-la-mmoire_V1.md,05_Sentier/Equilibre,2025-09-24,https://le-phare.info/le-sommeil-comme-allie-de-la-memoire/,le-sommeil-comme-allie-de-la-memoire,prendre-soin-de-son-corps-et-de-son-esprit,,Import auto API WP
2026-129,Nutrition et cognition : comment l’alimentation nourrit la pensée,SENTIER,CULTURE,publie,V1,2026-04-08,2026-04-08,Le Phare Info,,,,"📌 Contexte “Mens sana in corpore sano” : un esprit sain dans un corps sain.Cette formule, souvent répétée, prend une actualité nouvelle dans le cadre de l’érudition. 👉 Car penser, lire, analyser, écrire, tout cela sollicite une énergie immense.👉 Et cette én",Archive source depuis WordPress.,2026-129_SENTIER_CULTURE_Nutrition-et-cognition-comment-lalimentation-nourrit-la-pense_V1.md,05_Sentier/Equilibre,2025-09-24,https://le-phare.info/nutrition-et-cognition-comment-lalimentation-nourrit-la-pensee/,nutrition-et-cognition-comment-lalimentation-nourrit-la-pensee,prendre-soin-de-son-corps-et-de-son-esprit,,Import auto API WP
2026-130,Relier les savoirs dans un projet collectif,FOND,CULTURE,publie,V1,2026-04-08,2026-04-08,Le Phare Info,,,,"📌 Contexte Le savoir n’est pas uniquement une aventure individuelle.👉 Les grandes découvertes, les révolutions intellectuelles, les avancées sociales sont presque toujours le fruit d’un effort collectif. Sur le Sentier du Savoir, après avoir appris à constru",Archive source depuis WordPress.,2026-130_FOND_CULTURE_Relier-les-savoirs-dans-un-projet-collectif_V1.md,02_Fonds/Culture,2025-09-23,https://le-phare.info/relier-les-savoirs-dans-un-projet-collectif/,relier-les-savoirs-dans-un-projet-collectif,relier-les-savoirs,,Import auto API WP
2026-131,Vers une vision personnelle du monde,FOND,MONDE,publie,V1,2026-04-08,2026-04-08,Le Phare Info,,,,"📌 Contexte L’accumulation de savoirs ne suffit pas pour devenir érudit.👉 Lire des livres, retenir des faits, maîtriser des disciplines : tout cela reste fragmenté si cela ne conduit pas à une vision personnelle du monde. Cette vision n’est pas un dogme ni un",Archive source depuis WordPress.,2026-131_FOND_CULTURE_Vers-une-vision-personnelle-du-monde_V1.md,02_Fonds/Culture,2025-09-23,https://le-phare.info/vers-une-vision-personnelle-du-monde/,vers-une-vision-personnelle-du-monde,relier-les-savoirs,,Import auto API WP
2026-132,Écologie des savoirs,FOND,CLIMAT,publie,V1,2026-04-08,2026-04-08,Le Phare Info,,,,"📌 Contexte Nous vivons dans un monde saturé d’informations, mais marqué par des hiérarchies de savoirs. Les sciences modernes dominent le paysage, reléguant souvent au second plan les savoirs traditionnels, populaires ou autochtones. 👉 Pourtant, face aux déf",Archive source depuis WordPress.,2026-132_FOND_CULTURE_cologie-des-savoirs_V1.md,02_Fonds/Climat_Transition,2025-09-23,https://le-phare.info/ecologie-des-savoirs/,ecologie-des-savoirs,relier-les-savoirs,,Import auto API WP
2026-133,Les métaphores qui structurent notre pensée,FOND,CULTURE,publie,V1,2026-04-08,2026-04-08,Le Phare Info,,,,"📌 Contexte Nous pensons rarement en concepts purs.👉 Notre esprit fonctionne par images, analogies et métaphores. Dire que “le temps, c’est de l’argent”, que “la vie est un voyage” ou qu’“une idée germe”, ce n’est pas seulement parler : c’est aussi façonner n",Archive source depuis WordPress.,2026-133_FOND_CULTURE_Les-mtaphores-qui-structurent-notre-pense_V1.md,02_Fonds/Culture,2025-09-23,https://le-phare.info/les-metaphores-qui-structurent-notre-pensee/,les-metaphores-qui-structurent-notre-pensee,relier-les-savoirs,,Import auto API WP
2026-134,Dialogue entre cultures et civilisations,FOND,TECH,publie,V1,2026-04-08,2026-04-08,Le Phare Info,,,,"📌 Contexte Dans un monde globalisé, les savoirs circulent à une vitesse inédite. Les technologies abolissent les distances, mais les différences culturelles demeurent – et parfois se durcissent.👉 Comprendre et relier les savoirs suppose donc d’apprendre à di",Archive source depuis WordPress.,2026-134_FOND_CULTURE_Dialogue-entre-cultures-et-civilisations_V1.md,02_Fonds/Technologie_IA,2025-09-23,https://le-phare.info/dialogue-entre-cultures-et-civilisations/,dialogue-entre-cultures-et-civilisations,relier-les-savoirs,,Import auto API WP
2026-135,Cartes mentales et frises du savoir,FOND,CULTURE,publie,V1,2026-04-08,2026-04-08,Le Phare Info,,,,📌 Contexte Relier les savoirs n’est pas seulement un exercice intellectuel : c’est aussi un exercice visuel.👉 Nos cerveaux retiennent mieux les liens quand ils sont représentés graphiquement.👉 D’où l’importance des cartes mentales et des frises chronologiqu,Archive source depuis WordPress.,2026-135_FOND_CULTURE_Cartes-mentales-et-frises-du-savoir_V1.md,02_Fonds/Culture,2025-09-23,https://le-phare.info/cartes-mentales-et-frises-du-savoir/,cartes-mentales-et-frises-du-savoir,relier-les-savoirs,,Import auto API WP
2026-136,La pensée systémique,FOND,MONDE,publie,V1,2026-04-08,2026-04-08,Le Phare Info,,,,"📌 Contexte Nous vivons dans un monde complexe : crises climatiques, chaînes de production mondialisées, réseaux numériques, dynamiques sociales et économiques imbriquées. Pourtant, nos esprits – et souvent nos institutions – continuent à raisonner de manière",Archive source depuis WordPress.,2026-136_FOND_CULTURE_La-pense-systmique_V1.md,02_Fonds/Culture,2025-09-23,https://le-phare.info/la-pensee-systemique/,la-pensee-systemique,relier-les-savoirs,,Import auto API WP
2026-137,Les grands récits fondateurs de l’humanité,FOND,CULTURE,publie,V1,2026-04-08,2026-04-08,Le Phare Info,,,,"📌 Contexte Toutes les civilisations ont forgé des récits fondateurs : mythes, épopées, religions, philosophies, puis sciences. Ces récits ne sont pas de simples histoires : ils donnent sens au monde, définissent ce qui est vrai, juste, possible. 👉 Aujourd’hu",Archive source depuis WordPress.,2026-137_FOND_CULTURE_Les-grands-rcits-fondateurs-de-lhumanit_V1.md,02_Fonds/Culture,2025-09-23,https://le-phare.info/les-grands-recits-fondateurs-de-lhumanite/,les-grands-recits-fondateurs-de-lhumanite,relier-les-savoirs,,Import auto API WP
2026-138,"Sciences, lettres, arts : des frontières à dépasser",FOND,SCIENCE,publie,V1,2026-04-08,2026-04-08,Le Phare Info,,,,"📌 Contexte Depuis deux siècles, l’organisation des savoirs a pris la forme de compartiments disciplinaires. On distingue les sciences dites “dures” (physique, biologie, mathématiques), les sciences humaines et sociales (histoire, sociologie, économie) et les",Archive source depuis WordPress.,2026-138_FOND_CULTURE_Sciences-lettres-arts-des-frontires-dpasser_V1.md,02_Fonds/Science_Sante,2025-09-23,https://le-phare.info/sciences-lettres-arts-des-frontieres-a-depasser/,sciences-lettres-arts-des-frontieres-a-depasser,relier-les-savoirs,,Import auto API WP
2026-139,Pourquoi relier les savoirs ?,FOND,CULTURE,publie,V1,2026-04-08,2026-04-08,Le Phare Info,,,,"📌 Contexte Notre époque est paradoxale. Jamais nous n’avons eu accès à autant de connaissances, et pourtant, jamais nous n’avons semblé aussi fragmentés. Les disciplines académiques se spécialisent à l’extrême. Les médias réduisent les débats à des slogans. L",Archive source depuis WordPress.,2026-139_FOND_CULTURE_Pourquoi-relier-les-savoirs_V1.md,02_Fonds/Culture,2025-09-23,https://le-phare.info/pourquoi-relier-les-savoirs-2/,pourquoi-relier-les-savoirs-2,relier-les-savoirs,,Import auto API WP
2026-140,Pourquoi relier les savoirs ?,FOND,CULTURE,publie,V1,2026-04-08,2026-04-08,Le Phare Info,,,,"📌 Contexte Notre époque est paradoxale. Jamais nous n’avons eu accès à autant de connaissances, et pourtant, jamais nous n’avons semblé aussi fragmentés. Les disciplines académiques se spécialisent à l’extrême. Les médias réduisent les débats à des slogans. L",Archive source depuis WordPress.,2026-140_FOND_CULTURE_Pourquoi-relier-les-savoirs_V1.md,02_Fonds/Culture,2025-09-23,https://le-phare.info/pourquoi-relier-les-savoirs/,pourquoi-relier-les-savoirs,relier-les-savoirs,,Import auto API WP
2026-141,Construire une pratique durable de transmission,FOND,MONDE,publie,V1,2026-04-08,2026-04-08,Le Phare Info,,,,"📌 Contexte Transmettre ne doit pas être un acte ponctuel, mais un chemin continu.👉 Trop souvent, on pense que l’enseignement se limite à un cours, une conférence, un livre.👉 En réalité, la transmission est une pratique de long terme, une manière d’habiter l",Archive source depuis WordPress.,2026-141_FOND_CULTURE_Construire-une-pratique-durable-de-transmission_V1.md,02_Fonds/Culture,2025-09-23,https://le-phare.info/construire-une-pratique-durable-de-transmission/,construire-une-pratique-durable-de-transmission,ecrire-et-transmettre,,Import auto API WP
2026-142,Transmettre entre cultures et générations,FOND,CULTURE,publie,V1,2026-04-08,2026-04-08,Le Phare Info,,,,📌 Contexte Transmettre le savoir n’est jamais neutre : il s’inscrit dans un contexte culturel et dans un rapport entre générations. 👉 Ce qui est évident dans une société peut être obscur dans une autre.👉 Ce qui motive un adolescent peut sembler insignifiant,Archive source depuis WordPress.,2026-142_FOND_CULTURE_Transmettre-entre-cultures-et-gnrations_V1.md,02_Fonds/Culture,2025-09-23,https://le-phare.info/transmettre-entre-cultures-et-generations/,transmettre-entre-cultures-et-generations,ecrire-et-transmettre,,Import auto API WP
2026-143,Écrire et transmettre à l’ère numérique,FOND,TECH,publie,V1,2026-04-08,2026-04-08,Le Phare Info,,,,"📌 Contexte Le numérique a bouleversé la manière dont nous écrivons, lisons et transmettons le savoir.👉 Blogs, réseaux sociaux, podcasts, vidéos, newsletters, IA génératives : autant de canaux qui coexistent avec les formes classiques de l’écrit (livres, arti",Archive source depuis WordPress.,2026-143_FOND_CULTURE_crire-et-transmettre-lre-numrique_V1.md,02_Fonds/Technologie_IA,2025-09-23,https://le-phare.info/ecrire-et-transmettre-a-lere-numerique/,ecrire-et-transmettre-a-lere-numerique,ecrire-et-transmettre,,Import auto API WP
2026-144,Raconter une histoire pour transmettre,FOND,CULTURE,publie,V1,2026-04-08,2026-04-08,Le Phare Info,,,,"📌 Contexte Depuis la nuit des temps, l’humanité apprend par histoires.👉 Avant l’écriture, les mythes, légendes et récits oraux portaient les savoirs essentiels : valeurs, repères, techniques de survie.👉 Aujourd’hui encore, la narration reste l’un des moyens",Archive source depuis WordPress.,2026-144_FOND_CULTURE_Raconter-une-histoire-pour-transmettre_V1.md,02_Fonds/Culture,2025-09-23,https://le-phare.info/raconter-une-histoire-pour-transmettre-2/,raconter-une-histoire-pour-transmettre-2,ecrire-et-transmettre,,Import auto API WP
2026-145,Raconter une histoire pour transmettre,FOND,CULTURE,publie,V1,2026-04-08,2026-04-08,Le Phare Info,,,,"📌 Contexte Depuis la nuit des temps, l’humanité apprend par histoires.👉 Avant l’écriture, les mythes, légendes et récits oraux portaient les savoirs essentiels : valeurs, repères, techniques de survie.👉 Aujourd’hui encore, la narration reste l’un des moyens",Archive source depuis WordPress.,2026-145_FOND_CULTURE_Raconter-une-histoire-pour-transmettre_V1.md,02_Fonds/Culture,2025-09-23,https://le-phare.info/raconter-une-histoire-pour-transmettre/,raconter-une-histoire-pour-transmettre,ecrire-et-transmettre,,Import auto API WP
2026-146,Apprendre en enseignant,FOND,CULTURE,publie,V1,2026-04-08,2026-04-08,Le Phare Info,,,,"📌 Contexte On croit souvent que l’enseignement est un acte unidirectionnel : celui qui sait transmet à celui qui ignore.👉 Mais la réalité est plus subtile : enseigner est aussi une manière d’apprendre. Cette idée, déjà présente chez les philosophes antiques,",Archive source depuis WordPress.,2026-146_FOND_CULTURE_Apprendre-en-enseignant_V1.md,02_Fonds/Culture,2025-09-23,https://le-phare.info/apprendre-en-enseignant/,apprendre-en-enseignant,ecrire-et-transmettre,,Import auto API WP
2026-147,Les méthodes pédagogiques essentielles,FOND,MONDE,publie,V1,2026-04-08,2026-04-08,Le Phare Info,,,,"📌 Contexte Transmettre un savoir ne se résume pas à “expliquer”.👉 Cela suppose de choisir une méthode pédagogique adaptée à l’apprenant, au contexte et au contenu. De l’Antiquité à nos jours, les pédagogues ont proposé différentes approches pour enseigner ef",Archive source depuis WordPress.,2026-147_FOND_CULTURE_Les-mthodes-pdagogiques-essentielles_V1.md,02_Fonds/Culture,2025-09-23,https://le-phare.info/les-methodes-pedagogiques-essentielles/,les-methodes-pedagogiques-essentielles,ecrire-et-transmettre,,Import auto API WP
2026-148,L’art de la transmission orale,FOND,CULTURE,publie,V1,2026-04-08,2026-04-08,Le Phare Info,,,,"📌 Contexte Avant l’imprimerie et l’ère numérique, le savoir circulait par la parole : maîtres et disciples, conteurs et auditeurs, débats publics, récits collectifs.👉 Aujourd’hui encore, la transmission orale garde une force unique : la voix, la présence, l’",Archive source depuis WordPress.,2026-148_FOND_CULTURE_Lart-de-la-transmission-orale_V1.md,02_Fonds/Culture,2025-09-23,https://le-phare.info/lart-de-la-transmission-orale/,lart-de-la-transmission-orale,ecrire-et-transmettre,,Import auto API WP
2026-149,La vulgarisation : l’art de simplifier sans trahir,FOND,CULTURE,publie,V1,2026-04-08,2026-04-08,Le Phare Info,,,,"📌 Contexte Dans un monde saturé d’informations techniques, la vulgarisation scientifique et culturelle joue un rôle essentiel.👉 Elle permet au grand public d’accéder aux savoirs les plus complexes.👉 Elle évite que le savoir reste confiné dans des cercles d’",Archive source depuis WordPress.,2026-149_FOND_CULTURE_La-vulgarisation-lart-de-simplifier-sans-trahir_V1.md,02_Fonds/Culture,2025-09-23,https://le-phare.info/la-vulgarisation-lart-de-simplifier-sans-trahir/,la-vulgarisation-lart-de-simplifier-sans-trahir,ecrire-et-transmettre,,Import auto API WP
2026-150,Les genres de l’écriture savante,FOND,CULTURE,publie,V1,2026-04-08,2026-04-08,Le Phare Info,,,,"📌 Contexte Écrire pour clarifier sa pensée est une première étape. Mais dès que l’on souhaite partager son savoir, il faut choisir le bon genre d’écriture. 👉 La science, la philosophie, l’histoire et les humanités ont chacune forgé des formes particulières d",Archive source depuis WordPress.,2026-150_FOND_CULTURE_Les-genres-de-lcriture-savante_V1.md,02_Fonds/Culture,2025-09-22,https://le-phare.info/les-genres-de-lecriture-savante/,les-genres-de-lecriture-savante,ecrire-et-transmettre,,Import auto API WP
2026-151,Écrire pour clarifier sa pensée,FOND,CULTURE,publie,V1,2026-04-08,2026-04-08,Le Phare Info,,,,"📌 Contexte “On n’écrit pas parce qu’on sait, on écrit pour savoir.”👉 Cette formule résume la puissance de l’écriture comme outil intellectuel. Souvent perçue comme une simple compétence de communication, l’écriture est en réalité une méthode de pensée.Mettre",Archive source depuis WordPress.,2026-151_FOND_CULTURE_crire-pour-clarifier-sa-pense_V1.md,02_Fonds/Culture,2025-09-22,https://le-phare.info/ecrire-pour-clarifier-sa-pensee/,ecrire-pour-clarifier-sa-pensee,ecrire-et-transmettre,,Import auto API WP
2026-152,La pratique personnelle de l’expérimentation,SENTIER,SCIENCE,publie,V1,2026-04-08,2026-04-08,Le Phare Info,,,,"📌 Contexte La science n’est pas réservée aux laboratoires ou aux chercheurs professionnels.👉 Depuis toujours, l’expérimentation fait partie de l’expérience humaine : observer, tester, comparer, améliorer. Dans le Sentier du Savoir, pratiquer l’expérimentatio",Archive source depuis WordPress.,2026-152_SENTIER_SCIENCE_La-pratique-personnelle-de-lexprimentation_V1.md,05_Sentier/Science,2025-09-19,https://le-phare.info/la-pratique-personnelle-de-lexperimentation/,la-pratique-personnelle-de-lexperimentation,methode-scientifique-et-experimenter,,Import auto API WP
2026-153,La falsifiabilité selon Popper,SENTIER,SCIENCE,publie,V1,2026-04-08,2026-04-08,Le Phare Info,,,,"📌 Contexte Toutes les affirmations ne se valent pas.👉 Certaines relèvent de la croyance, d’autres de l’idéologie, d’autres encore de la science. Comment tracer la frontière ?Le philosophe Karl Popper (1902-1994) a proposé un critère décisif : la falsifiabili",Archive source depuis WordPress.,2026-153_SENTIER_SCIENCE_La-falsifiabilit-selon-Popper_V1.md,05_Sentier/Science,2025-09-19,https://le-phare.info/la-falsifiabilite-selon-popper/,la-falsifiabilite-selon-popper,methode-scientifique-et-experimenter,,Import auto API WP
2026-154,Science et société,SENTIER,SCIENCE,publie,V1,2026-04-08,2026-04-08,Le Phare Info,,,,"📌 Contexte La science n’existe pas dans un vide : elle est profondément inscrite dans la société.👉 Elle produit des connaissances, mais aussi des outils, des technologies, des décisions qui transforment nos vies.👉 En retour, la société influence les orienta",Archive source depuis WordPress.,2026-154_SENTIER_SCIENCE_Science-et-socit_V1.md,05_Sentier/Science,2025-09-19,https://le-phare.info/science-et-societe/,science-et-societe,methode-scientifique-et-experimenter,,Import auto API WP
2026-155,La science dans l’histoire,SENTIER,SCIENCE,publie,V1,2026-04-08,2026-04-08,Le Phare Info,,,,"📌 Contexte La science n’est pas née d’un seul coup. Elle est le fruit d’une longue histoire, faite de révolutions intellectuelles, de débats philosophiques, d’erreurs corrigées et de visions du monde transformées. 👉 Comprendre cette histoire, c’est comprendr",Archive source depuis WordPress.,2026-155_SENTIER_SCIENCE_La-science-dans-lhistoire_V1.md,05_Sentier/Science,2025-09-18,https://le-phare.info/la-science-dans-lhistoire/,la-science-dans-lhistoire,methode-scientifique-et-experimenter,,Import auto API WP
2026-156,Sciences expérimentales vs. sciences humaines,SENTIER,SCIENCE,publie,V1,2026-04-08,2026-04-08,Le Phare Info,,,,"📌 Contexte La science n’est pas monolithique : elle regroupe des approches, des objets et des méthodes très différents.👉 On distingue souvent les sciences expérimentales (physique, chimie, biologie) et les sciences humaines et sociales (sociologie, histoire,",Archive source depuis WordPress.,2026-156_SENTIER_SCIENCE_Sciences-exprimentales-vs-sciences-humaines_V1.md,05_Sentier/Science,2025-09-18,https://le-phare.info/sciences-experimentales-vs-sciences-humaines/,sciences-experimentales-vs-sciences-humaines,methode-scientifique-et-experimenter,,Import auto API WP
2026-157,Lire un article scientifique,SENTIER,SCIENCE,publie,V1,2026-04-08,2026-04-08,Le Phare Info,,,,"📌 Contexte Un article scientifique n’est pas une tribune journalistique ni un essai grand public.👉 C’est un document écrit pour les pairs, dans un langage codifié, dense, souvent technique. Savoir le lire est une compétence clé pour l’érudit : 🧠 La structur",Archive source depuis WordPress.,2026-157_SENTIER_SCIENCE_Lire-un-article-scientifique_V1.md,05_Sentier/Science,2025-09-18,https://le-phare.info/lire-un-article-scientifique/,lire-un-article-scientifique,methode-scientifique-et-experimenter,,Import auto API WP
2026-158,Biais cognitifs et illusions de savoir,SENTIER,SCIENCE,publie,V1,2026-04-08,2026-04-08,Le Phare Info,,,,"📌 Contexte Notre cerveau n’est pas une machine neutre : il a évolué pour survivre rapidement, pas pour analyser rationnellement.👉 Résultat : nous sommes tous soumis à des biais cognitifs — des raccourcis de pensée qui faussent nos jugements. Ces biais créent",Archive source depuis WordPress.,2026-158_SENTIER_SCIENCE_Biais-cognitifs-et-illusions-de-savoir_V1.md,05_Sentier/Science,2025-09-18,https://le-phare.info/biais-cognitifs-et-illusions-de-savoir/,biais-cognitifs-et-illusions-de-savoir,methode-scientifique-et-experimenter,,Import auto API WP
2026-159,"Statistiques, corrélations et causalité",SENTIER,SCIENCE,publie,V1,2026-04-08,2026-04-08,Le Phare Info,,,,"📌 Contexte Dans un monde saturé de chiffres, les statistiques semblent offrir une autorité incontestable.👉 Pourtant, les données peuvent être mal comprises, mal utilisées ou volontairement manipulées. L’une des erreurs les plus répandues est de confondre cor",Archive source depuis WordPress.,2026-159_SENTIER_SCIENCE_Statistiques-corrlations-et-causalit_V1.md,05_Sentier/Science,2025-09-18,https://le-phare.info/statistiques-correlations-et-causalite/,statistiques-correlations-et-causalite,methode-scientifique-et-experimenter,,Import auto API WP
2026-160,Expérimenter : de Galilée à aujourd’hui,SENTIER,SCIENCE,publie,V1,2026-04-08,2026-04-08,Le Phare Info,,,,"📌 Contexte Si la science moderne a un père spirituel, c’est sans doute Galilée.👉 En refusant de se fier uniquement à l’autorité des textes anciens, il a choisi d’observer, mesurer et expérimenter. Depuis, l’expérience est devenue la clé de voûte de la méthod",Archive source depuis WordPress.,2026-160_SENTIER_SCIENCE_Exprimenter-de-Galile-aujourdhui_V1.md,05_Sentier/Science,2025-09-18,https://le-phare.info/experimenter-de-galilee-a-aujourdhui/,experimenter-de-galilee-a-aujourdhui,methode-scientifique-et-experimenter,,Import auto API WP
2026-161,Qu’est-ce que la méthode scientifique ?,SENTIER,SCIENCE,publie,V1,2026-04-08,2026-04-08,Le Phare Info,,,,"📌 Contexte Dans un monde saturé d’informations, la méthode scientifique reste l’un des rares outils qui permettent de distinguer ce qui est vérifiable de ce qui ne l’est pas. 👉 Elle ne prétend pas détenir la Vérité absolue, mais offre un cadre rigoureux pour",Archive source depuis WordPress.,2026-161_SENTIER_SCIENCE_Quest-ce-que-la-mthode-scientifique_V1.md,05_Sentier/Science,2025-09-18,https://le-phare.info/fondamental-1-quest-ce-que-la-methode-scientifique/,fondamental-1-quest-ce-que-la-methode-scientifique,methode-scientifique-et-experimenter,,Import auto API WP
2026-162,Construire son parcours polyglotte,FOND,CULTURE,publie,V1,2026-04-08,2026-04-08,Le Phare Info,,,,"📌 Contexte Apprendre une langue est déjà un défi. En apprendre plusieurs, c’est bâtir un véritable parcours polyglotte : un chemin progressif, réfléchi, qui vise non seulement la communication, mais aussi l’élargissement de l’esprit, la découverte des culture",Archive source depuis WordPress.,2026-162_FOND_CULTURE_Construire-son-parcours-polyglotte_V1.md,02_Fonds/Culture,2025-09-18,https://le-phare.info/construire-son-parcours-polyglotte/,construire-son-parcours-polyglotte,polyglotte-et-cosmopolite,,Import auto API WP
2026-163,Langues et pouvoir : la géopolitique linguistique,FOND,POL,publie,V1,2026-04-08,2026-04-08,Le Phare Info,,,,"📌 Contexte Une langue n’est jamais neutre.👉 Elle porte une histoire, des rapports de force, des hiérarchies sociales et politiques. Dans le monde actuel, certaines langues dominent (anglais, mandarin, espagnol, français), d’autres résistent (arabe, russe, hi",Archive source depuis WordPress.,2026-163_FOND_CULTURE_Langues-et-pouvoir-la-gopolitique-linguistique_V1.md,02_Fonds/Politique_Societe,2025-09-18,https://le-phare.info/langues-et-pouvoir-la-geopolitique-linguistique/,langues-et-pouvoir-la-geopolitique-linguistique,polyglotte-et-cosmopolite,,Import auto API WP
2026-164,Traduire : un art et une science,FOND,SCIENCE,publie,V1,2026-04-08,2026-04-08,Le Phare Info,,,,"📌 Contexte Traduire, ce n’est pas seulement transposer des mots d’une langue à une autre.👉 C’est une opération complexe, qui engage à la fois la précision technique (science) et la sensibilité esthétique et culturelle (art). Un bon traducteur doit être fidèl",Archive source depuis WordPress.,2026-164_FOND_CULTURE_Traduire-un-art-et-une-science_V1.md,02_Fonds/Science_Sante,2025-09-18,https://le-phare.info/traduire-un-art-et-une-science/,traduire-un-art-et-une-science,polyglotte-et-cosmopolite,,Import auto API WP
2026-165,Langues en danger : pourquoi les préserver ?,FOND,MONDE,publie,V1,2026-04-08,2026-04-08,Le Phare Info,,,,"📌 Contexte Sur environ 7 000 langues parlées dans le monde aujourd’hui, les linguistes estiment que la moitié pourrait disparaître d’ici la fin du siècle.Chaque semaine, une langue s’éteint, emportant avec elle un univers de pensée, des savoirs locaux, des ré",Archive source depuis WordPress.,2026-165_FOND_CULTURE_Langues-en-danger-pourquoi-les-prserver_V1.md,02_Fonds/Culture,2025-09-18,https://le-phare.info/langues-en-danger-pourquoi-les-preserver/,langues-en-danger-pourquoi-les-preserver,polyglotte-et-cosmopolite,,Import auto API WP
2026-166,Polyglottes célèbres et leçons d’érudition,FOND,CULTURE,publie,V1,2026-04-08,2026-04-08,Le Phare Info,,,,"📌 Contexte L’histoire regorge de figures fascinantes qui ont maîtrisé plusieurs langues, parfois des dizaines.👉 Leurs parcours ne sont pas seulement des curiosités biographiques : ils révèlent des stratégies d’apprentissage, une discipline intellectuelle et",Archive source depuis WordPress.,2026-166_FOND_CULTURE_Polyglottes-clbres-et-leons-drudition_V1.md,02_Fonds/Culture,2025-09-18,https://le-phare.info/polyglottes-celebres-et-lecons-derudition/,polyglottes-celebres-et-lecons-derudition,polyglotte-et-cosmopolite,,Import auto API WP
2026-167,La mémoire et les langues : techniques de rétention,FOND,TECH,publie,V1,2026-04-08,2026-04-08,Le Phare Info,,,,"📌 Contexte Apprendre une langue n’est pas difficile en soi : nous le faisons tous naturellement avec notre langue maternelle.👉 Ce qui pose problème à l’adulte apprenant, c’est la rétention dans le temps : comment ne pas oublier ce qu’on a appris ? La mémoire",Archive source depuis WordPress.,2026-167_FOND_CULTURE_La-mmoire-et-les-langues-techniques-de-rtention_V1.md,02_Fonds/Technologie_IA,2025-09-18,https://le-phare.info/la-memoire-et-les-langues-techniques-de-retention/,la-memoire-et-les-langues-techniques-de-retention,polyglotte-et-cosmopolite,,Import auto API WP
2026-168,"Apprendre en contexte : immersion, voyages, communautés",FOND,CULTURE,publie,V1,2026-04-08,2026-04-08,Le Phare Info,,,,"📌 Contexte Apprendre une langue, ce n’est pas seulement mémoriser du vocabulaire ou réciter des règles de grammaire.👉 C’est avant tout entrer dans un univers vivant : gestes, sons, références culturelles, habitudes sociales. Les neurosciences et la didactiqu",Archive source depuis WordPress.,2026-168_FOND_CULTURE_Apprendre-en-contexte-immersion-voyages-communauts_V1.md,02_Fonds/Culture,2025-09-18,https://le-phare.info/apprendre-en-contexte-immersion-voyages-communautes/,apprendre-en-contexte-immersion-voyages-communautes,polyglotte-et-cosmopolite,,Import auto API WP
2026-169,"Méthodes modernes d’apprentissage des langues : entre science, technologie et immersion",FOND,SCIENCE,publie,V1,2026-04-08,2026-04-08,Le Phare Info,,,,"📌 Contexte Pendant des siècles, l’apprentissage des langues passait par la grammaire-traduction : mémoriser des règles, réciter des listes de vocabulaire, traduire des textes.Aujourd’hui, les recherches en didactique et les outils numériques ont révolutionné",Archive source depuis WordPress.,2026-169_FOND_CULTURE_Mthodes-modernes-dapprentissage-des-langues-entre-science-technologie_V1.md,02_Fonds/Science_Sante,2025-09-18,https://le-phare.info/methodes-modernes-dapprentissage-des-langues-entre-science-technologie-et-immersion/,methodes-modernes-dapprentissage-des-langues-entre-science-technologie-et-immersion,polyglotte-et-cosmopolite,,Import auto API WP
2026-170,Langue et pensée : comment les mots façonnent nos idées,FOND,MONDE,publie,V1,2026-04-08,2026-04-08,Le Phare Info,,,,"📌 Contexte Parler une langue n’est pas seulement un moyen de communiquer : c’est aussi une façon d’habiter le monde.👉 Chaque langue porte avec elle une vision particulière de la réalité, un ensemble de catégories mentales, une manière de nommer et d’ordonner",Archive source depuis WordPress.,2026-170_FOND_CULTURE_Langue-et-pense-comment-les-mots-faonnent-nos-ides_V1.md,02_Fonds/Culture,2025-09-18,https://le-phare.info/langue-et-pensee-comment-les-mots-faconnent-nos-idees/,langue-et-pensee-comment-les-mots-faconnent-nos-idees,polyglotte-et-cosmopolite,,Import auto API WP
2026-171,Pourquoi apprendre plusieurs langues ?,FOND,MONDE,publie,V1,2026-04-08,2026-04-08,Le Phare Info,,,,"📌 Contexte Pendant longtemps, parler plusieurs langues était un privilège réservé à une élite : diplomates, marchands, savants. Aujourd’hui, grâce aux voyages, aux outils numériques et aux ressources pédagogiques, l’apprentissage des langues est devenu access",Archive source depuis WordPress.,2026-171_FOND_CULTURE_Pourquoi-apprendre-plusieurs-langues_V1.md,02_Fonds/Culture,2025-09-18,https://le-phare.info/pourquoi-apprendre-plusieurs-langues/,pourquoi-apprendre-plusieurs-langues,polyglotte-et-cosmopolite,,Import auto API WP
2026-172,Construire une trajectoire d’expertise vivante : apprendre toute sa vie sans s’enfermer,FOND,CULTURE,publie,V1,2026-04-08,2026-04-08,Le Phare Info,,,,"📌 Contexte Devenir expert ne signifie pas atteindre un sommet figé.Le savoir évolue, les paradigmes changent, les controverses se déplacent. 👉 L’érudit qui progresse sait que son expertise n’est pas un acquis définitif, mais une trajectoire vivante, une lign",Archive source depuis WordPress.,2026-172_FOND_CULTURE_Construire-une-trajectoire-dexpertise-vivante-apprendre-toute-sa-vie-s_V1.md,02_Fonds/Culture,2025-09-17,https://le-phare.info/construire-une-trajectoire-dexpertise-vivante-apprendre-toute-sa-vie-sans-senfermer/,construire-une-trajectoire-dexpertise-vivante-apprendre-toute-sa-vie-sans-senfermer,domaines-dexpertise,,Import auto API WP
2026-173,Vulgariser son domaine : rendre le savoir vivant et accessible,FOND,CULTURE,publie,V1,2026-04-08,2026-04-08,Le Phare Info,,,,"📌 Contexte Approfondir un champ de savoir, c’est entrer dans sa complexité, son jargon, ses débats techniques. Mais un danger existe : que cette richesse reste enfermée dans une bulle d’initiés. 👉 L’érudit n’est pas seulement celui qui sait, mais celui qui s",Archive source depuis WordPress.,2026-173_FOND_CULTURE_Vulgariser-son-domaine-rendre-le-savoir-vivant-et-accessible_V1.md,02_Fonds/Culture,2025-09-17,https://le-phare.info/vulgariser-son-domaine-rendre-le-savoir-vivant-et-accessible/,vulgariser-son-domaine-rendre-le-savoir-vivant-et-accessible,domaines-dexpertise,,Import auto API WP
2026-174,Relier expertise et culture générale : l’art du va-et-vient intellectuel,FOND,MONDE,publie,V1,2026-04-08,2026-04-08,Le Phare Info,,,,"📌 Contexte Approfondir un domaine d’expertise est une étape décisive. Mais un danger guette : l’enfermement.À force de creuser, on risque de perdre de vue la richesse des autres savoirs, de se couper du monde commun. 👉 L’érudit ne peut se contenter d’être un",Archive source depuis WordPress.,2026-174_FOND_CULTURE_Relier-expertise-et-culture-gnrale-lart-du-va-et-vient-intellectuel_V1.md,02_Fonds/Culture,2025-09-17,https://le-phare.info/relier-expertise-et-culture-generale-lart-du-va-et-vient-intellectuel/,relier-expertise-et-culture-generale-lart-du-va-et-vient-intellectuel,domaines-dexpertise,,Import auto API WP
2026-175,Pratiquer la recherche personnelle : devenir acteur du savoir,FOND,MONDE,publie,V1,2026-04-08,2026-04-08,Le Phare Info,,,,"📌 Contexte Approfondir un domaine d’expertise ne se limite pas à lire et écouter.À un moment donné, il faut passer de la réception à la production, oser explorer par soi-même, formuler des hypothèses, chercher des données, tester des idées. 👉 C’est ce saut q",Archive source depuis WordPress.,2026-175_FOND_CULTURE_Pratiquer-la-recherche-personnelle-devenir-acteur-du-savoir_V1.md,02_Fonds/Culture,2025-09-17,https://le-phare.info/pratiquer-la-recherche-personnelle-devenir-acteur-du-savoir/,pratiquer-la-recherche-personnelle-devenir-acteur-du-savoir,domaines-dexpertise,,Import auto API WP
2026-176,Dialoguer avec les experts : apprendre au contact des maîtres,FOND,TECH,publie,V1,2026-04-08,2026-04-08,Le Phare Info,,,,"📌 Contexte Une fois qu’on a choisi son domaine d’expertise, étudié ses textes fondateurs et repéré ses controverses, vient une étape décisive : aller à la rencontre de celles et ceux qui incarnent ce savoir vivant. 👉 Les livres et articles sont indispensable",Archive source depuis WordPress.,2026-176_FOND_CULTURE_Dialoguer-avec-les-experts-apprendre-au-contact-des-matres_V1.md,02_Fonds/Technologie_IA,2025-09-17,https://le-phare.info/dialoguer-avec-les-experts-apprendre-au-contact-des-maitres/,dialoguer-avec-les-experts-apprendre-au-contact-des-maitres,domaines-dexpertise,,Import auto API WP
2026-177,Repérer les controverses structurantes : comprendre un domaine par ses débats,FOND,CULTURE,publie,V1,2026-04-08,2026-04-08,Le Phare Info,,,,"📌 Contexte Un domaine de savoir n’est pas un bloc homogène.Il est traversé par des controverses : des débats qui opposent écoles, chercheurs ou courants de pensée. 👉 Repérer ces controverses, c’est saisir ce qui fait vivre un champ intellectuel.Un savoir san",Archive source depuis WordPress.,2026-177_FOND_CULTURE_Reprer-les-controverses-structurantes-comprendre-un-domaine-par-ses-db_V1.md,02_Fonds/Culture,2025-09-17,https://le-phare.info/reperer-les-controverses-structurantes-comprendre-un-domaine-par-ses-debats/,reperer-les-controverses-structurantes-comprendre-un-domaine-par-ses-debats,domaines-dexpertise,,Import auto API WP
2026-178,Cartographier un champ de savoir : se repérer dans la complexité,FOND,CULTURE,publie,V1,2026-04-08,2026-04-08,Le Phare Info,,,,"📌 Contexte Lorsqu’on choisit un domaine d’expertise, on découvre vite qu’il n’est pas homogène.Il est fait de sous-disciplines, de courants de pensée, de débats internes, et parfois de conflits féroces. 👉 Pour progresser en profondeur, il ne suffit pas d’acc",Archive source depuis WordPress.,2026-178_FOND_CULTURE_Cartographier-un-champ-de-savoir-se-reprer-dans-la-complexit_V1.md,02_Fonds/Culture,2025-09-17,https://le-phare.info/cartographier-un-champ-de-savoir-se-reperer-dans-la-complexite/,cartographier-un-champ-de-savoir-se-reperer-dans-la-complexite,domaines-dexpertise,,Import auto API WP
2026-179,Lire les textes fondateurs : s’enraciner dans la profondeur d’un savoir,FOND,CULTURE,publie,V1,2026-04-08,2026-04-08,Le Phare Info,,,,"📌 Contexte Dans tout domaine de connaissance, il existe des textes fondateurs : des œuvres qui ont marqué un tournant, ouvert une voie ou posé les bases d’une discipline. Aujourd’hui, la tentation est grande de se contenter de résumés, de vidéos explicatives",Archive source depuis WordPress.,2026-179_FOND_CULTURE_Lire-les-textes-fondateurs-senraciner-dans-la-profondeur-dun-savoir_V1.md,02_Fonds/Culture,2025-09-17,https://le-phare.info/lire-les-textes-fondateurs-senraciner-dans-la-profondeur-dun-savoir/,lire-les-textes-fondateurs-senraciner-dans-la-profondeur-dun-savoir,domaines-dexpertise,,Import auto API WP
2026-180,Les étapes de l’apprentissage approfondi : du novice à l’expert,FOND,CULTURE,publie,V1,2026-04-08,2026-04-08,Le Phare Info,,,,"📌 Contexte Apprendre un domaine en profondeur ne se fait pas en un jour.C’est un processus long, jalonné d’étapes où se mêlent découvertes enthousiasmantes, périodes de doute, et moments de découragement. Comprendre ces étapes permet de mieux orienter son éne",Archive source depuis WordPress.,2026-180_FOND_CULTURE_Les-tapes-de-lapprentissage-approfondi-du-novice-lexpert_V1.md,02_Fonds/Culture,2025-09-17,https://le-phare.info/les-etapes-de-lapprentissage-approfondi-du-novice-a-lexpert/,les-etapes-de-lapprentissage-approfondi-du-novice-a-lexpert,domaines-dexpertise,,Import auto API WP
2026-181,Choisir son domaine d’expertise : trouver son territoire de savoir,FOND,CULTURE,publie,V1,2026-04-08,2026-04-08,Le Phare Info,,,,"📌 Contexte Après avoir construit une culture générale solide, appris à exercer son esprit critique et développé l’art de l’argumentation, l’érudit en devenir doit franchir un cap : approfondir un ou plusieurs domaines d’expertise. Mais comment choisir ? Dans",Archive source depuis WordPress.,2026-181_FOND_CULTURE_Choisir-son-domaine-dexpertise-trouver-son-territoire-de-savoir_V1.md,02_Fonds/Culture,2025-09-17,https://le-phare.info/choisir-son-domaine-dexpertise-trouver-son-territoire-de-savoir/,choisir-son-domaine-dexpertise-trouver-son-territoire-de-savoir,domaines-dexpertise,,Import auto API WP
2026-182,Argumenter en situation complexe,FOND,CULTURE,publie,V1,2026-04-08,2026-04-08,Le Phare Info,,,,"“C’est au cœur de la tempête que l’on voit la solidité du navire.” – Proverbe marin 📌 Introduction Débattre calmement dans un cadre serein est une chose. Mais la réalité, c’est que les contextes où l’on doit argumenter sont souvent tendus, rapides, polarisés",Archive source depuis WordPress.,2026-182_FOND_CULTURE_Argumenter-en-situation-complexe_V1.md,02_Fonds/Culture,2025-09-17,https://le-phare.info/argumenter-en-situation-complexe/,argumenter-en-situation-complexe,argumenter-et-convaincre,,Import auto API WP
2026-183,Argumenter à l’écrit,FOND,CULTURE,publie,V1,2026-04-08,2026-04-08,Le Phare Info,,,,"“Écrire, c’est penser deux fois.” – Albert Camus 📌 Introduction Si l’oral captive par la présence et la voix, l’écrit possède un autre pouvoir : celui de laisser une trace durable.👉 Argumenter à l’écrit demande plus de rigueur que de spontanéité, car chaque",Archive source depuis WordPress.,2026-183_FOND_CULTURE_Argumenter-lcrit_V1.md,02_Fonds/Culture,2025-09-17,https://le-phare.info/argumenter-a-lecrit/,argumenter-a-lecrit,argumenter-et-convaincre,,Import auto API WP
2026-184,Développer sa présence à l’oral,FOND,CULTURE,publie,V1,2026-04-08,2026-04-08,Le Phare Info,,,,"“La parole est moitié à celui qui parle, moitié à celui qui écoute.” – Montaigne 📌 Introduction On croit souvent que convaincre dépend surtout des arguments. En réalité, une grande part de l’efficacité d’un discours repose sur la manière de le dire. 👉 La pré",Archive source depuis WordPress.,2026-184_FOND_CULTURE_Dvelopper-sa-prsence-loral_V1.md,02_Fonds/Culture,2025-09-17,https://le-phare.info/developper-sa-presence-a-loral/,developper-sa-presence-a-loral,argumenter-et-convaincre,,Import auto API WP
2026-185,Convaincre sans manipuler,FOND,CULTURE,publie,V1,2026-04-08,2026-04-08,Le Phare Info,,,,"“Convaincre, c’est donner à l’autre les moyens de juger par lui-même.” – Inspiré de Montaigne 📌 Introduction Convaincre est au cœur de toute interaction humaine : débats, enseignement, négociation, communication publique. Mais entre convaincre et manipuler, l",Archive source depuis WordPress.,2026-185_FOND_CULTURE_Convaincre-sans-manipuler_V1.md,02_Fonds/Culture,2025-09-16,https://le-phare.info/convaincre-sans-manipuler/,convaincre-sans-manipuler,argumenter-et-convaincre,,Import auto API WP
2026-186,L’art de raconter (storytelling critique),FOND,MONDE,publie,V1,2026-04-08,2026-04-08,Le Phare Info,,,,"“Les hommes se persuadent mieux par les raisons qu’ils découvrent eux-mêmes que par celles qu’on leur impose.” – Pascal 📌 Introduction On dit souvent que “les faits parlent d’eux-mêmes”. En réalité, les faits n’ont pas de voix : c’est le récit qui leur donne",Archive source depuis WordPress.,2026-186_FOND_CULTURE_Lart-de-raconter-storytelling-critique_V1.md,02_Fonds/Culture,2025-09-16,https://le-phare.info/lart-de-raconter-storytelling-critique/,lart-de-raconter-storytelling-critique,argumenter-et-convaincre,,Import auto API WP
2026-187,Structurer un discours efficace,FOND,CULTURE,publie,V1,2026-04-08,2026-04-08,Le Phare Info,,,,"“Un bon discours doit avoir un début, un milieu et une fin.” – Aristote 📌 Introduction Un discours convaincant n’est pas seulement une question de contenu : c’est aussi une question de structure.Même les idées les plus brillantes se perdent si elles sont mal",Archive source depuis WordPress.,2026-187_FOND_CULTURE_Structurer-un-discours-efficace_V1.md,02_Fonds/Culture,2025-09-16,https://le-phare.info/structurer-un-discours-efficace/,structurer-un-discours-efficace,argumenter-et-convaincre,,Import auto API WP
2026-188,Repérer et éviter les sophismes,FOND,CULTURE,publie,V1,2026-04-08,2026-04-08,Le Phare Info,,,,"“Un sophisme est comme un mirage : il semble vrai, mais disparaît quand on s’en approche.” – Inspiré d’Aristote 📌 Introduction Un argument peut sembler solide, bien tourné, presque convaincant… et pourtant être faux dans sa logique. C’est ce qu’on appelle un",Archive source depuis WordPress.,2026-188_FOND_CULTURE_Reprer-et-viter-les-sophismes_V1.md,02_Fonds/Culture,2025-09-16,https://le-phare.info/reperer-et-eviter-les-sophismes/,reperer-et-eviter-les-sophismes,argumenter-et-convaincre,,Import auto API WP
2026-189,Les techniques de persuasion,FOND,TECH,publie,V1,2026-04-08,2026-04-08,Le Phare Info,,,,"“On ne convainc pas seulement par la raison, mais par la manière dont on la présente.” – Aristote 📌 Introduction Convaincre ne repose pas uniquement sur des arguments solides.👉 La façon dont on présente une idée, dont on touche les émotions ou capte l’attent",Archive source depuis WordPress.,2026-189_FOND_CULTURE_Les-techniques-de-persuasion_V1.md,02_Fonds/Technologie_IA,2025-09-16,https://le-phare.info/les-techniques-de-persuasion/,les-techniques-de-persuasion,argumenter-et-convaincre,,Import auto API WP
2026-190,Construire un argument solide,FOND,CULTURE,publie,V1,2026-04-08,2026-04-08,Le Phare Info,,,,"“Un argument n’est pas une opinion bien dite, c’est une idée bien fondée.” – Inspiré de Boileau 📌 Introduction Tout le monde a des opinions. Mais toutes les opinions ne se valent pas.👉 Ce qui distingue une simple opinion d’un argument solide, c’est sa struct",Archive source depuis WordPress.,2026-190_FOND_CULTURE_Construire-un-argument-solide_V1.md,02_Fonds/Culture,2025-09-16,https://le-phare.info/construire-un-argument-solide/,construire-un-argument-solide,argumenter-et-convaincre,,Import auto API WP
2026-191,Les fondements de la rhétorique,FOND,MONDE,publie,V1,2026-04-08,2026-04-08,Le Phare Info,,,,"“La rhétorique est la faculté de discerner, dans chaque cas, ce qui peut être propre à persuader.” – Aristote 📌 Introduction Depuis l’Antiquité, les penseurs ont cherché à comprendre pourquoi certains discours marquent les esprits et d’autres s’effacent aussi",Archive source depuis WordPress.,2026-191_FOND_CULTURE_Les-fondements-de-la-rhtorique_V1.md,02_Fonds/Culture,2025-09-16,https://le-phare.info/les-fondements-de-la-rhetorique/,les-fondements-de-la-rhetorique,argumenter-et-convaincre,,Import auto API WP
2026-192,Développer l’art du débat constructif,SENTIER,MONDE,publie,V1,2026-04-08,2026-04-08,Le Phare Info,,,,"“Discuter, ce n’est pas se battre, c’est chercher ensemble.” – Montaigne 📌 Introduction Sur les plateaux télé, dans les dîners de famille, sur les réseaux sociaux, nous sommes sans cesse plongés dans des débats. Pourtant, beaucoup ressemblent plus à des comba",Archive source depuis WordPress.,2026-192_SENTIER_CULTURE_Dvelopper-lart-du-dbat-constructif_V1.md,05_Sentier/Critique_Analyse,2025-09-16,https://le-phare.info/developper-lart-du-debat-constructif-2/,developper-lart-du-debat-constructif-2,pensee-critique,,Import auto API WP
2026-193,Développer l’art du débat constructif,SENTIER,MONDE,publie,V1,2026-04-08,2026-04-08,Le Phare Info,,,,"“La discussion est l’art d’écouter, de comprendre et de répondre, pas de vaincre.” – Karl Popper 📌 Introduction Nous vivons dans une société saturée de débats : plateaux télévisés, réseaux sociaux, discussions familiales ou professionnelles. Mais trop souvent",Archive source depuis WordPress.,2026-193_SENTIER_CULTURE_Dvelopper-lart-du-dbat-constructif_V1.md,05_Sentier/Critique_Analyse,2025-09-16,https://le-phare.info/developper-lart-du-debat-constructif/,developper-lart-du-debat-constructif,pensee-critique,,Import auto API WP
2026-194,"La pensée critique en action : décryptage de l’actualité, des discours et des pubs",SENTIER,MONDE,publie,V1,2026-04-08,2026-04-08,Le Phare Info,,,,"“L’art de la persuasion repose moins sur la vérité que sur la manière de la présenter.” – Aristote 📌 Introduction Lire un article de presse, regarder une publicité, écouter un discours politique : autant de situations où nous sommes sollicités par des argumen",Archive source depuis WordPress.,2026-194_SENTIER_CULTURE_La-pense-critique-en-action-dcryptage-de-lactualit-des-discours-et-des_V1.md,05_Sentier/Critique_Analyse,2025-09-16,https://le-phare.info/la-pensee-critique-en-action-decryptage-de-lactualite-des-discours-et-des-pubs/,la-pensee-critique-en-action-decryptage-de-lactualite-des-discours-et-des-pubs,pensee-critique,,Import auto API WP
2026-195,"Les limites de la pensée critique : relativisme, complotisme et excès de doute",SENTIER,MONDE,publie,V1,2026-04-08,2026-04-08,Le Phare Info,,,,"“Le doute est le commencement de la sagesse… mais il n’en est pas la fin.” – George Iles 📌 Introduction La pensée critique est une compétence précieuse : elle nous aide à éviter les manipulations, à juger avec discernement, à distinguer le vrai du faux. Mais",Archive source depuis WordPress.,2026-195_SENTIER_CULTURE_Les-limites-de-la-pense-critique-relativisme-complotisme-et-excs-de-do_V1.md,05_Sentier/Critique_Analyse,2025-09-16,https://le-phare.info/les-limites-de-la-pensee-critique-relativisme-complotisme-et-exces-de-doute/,les-limites-de-la-pensee-critique-relativisme-complotisme-et-exces-de-doute,pensee-critique,,Import auto API WP
2026-196,Esprit critique et sciences,SENTIER,SCIENCE,publie,V1,2026-04-08,2026-04-08,Le Phare Info,,,,"“La science est une façon de penser, bien plus qu’un ensemble de connaissances.” – Carl Sagan 📌 Introduction La science est souvent perçue comme un réservoir de vérités. Mais en réalité, elle n’est pas une accumulation de certitudes : c’est une méthode critiq",Archive source depuis WordPress.,2026-196_SENTIER_CULTURE_Esprit-critique-et-sciences_V1.md,05_Sentier/Critique_Analyse,2025-09-16,https://le-phare.info/esprit-critique-et-sciences/,esprit-critique-et-sciences,pensee-critique,,Import auto API WP
2026-197,Méthodes d’analyse des arguments,SENTIER,MONDE,publie,V1,2026-04-08,2026-04-08,Le Phare Info,,,,"“Il n’y a pas de vent favorable pour celui qui ne sait pas où il va.” – Sénèque 📌 Introduction Un bon débat ou un article bien construit ne repose pas seulement sur des faits, mais sur des arguments : des raisonnements qui visent à convaincre. Mais comment sa",Archive source depuis WordPress.,2026-197_SENTIER_CULTURE_Mthodes-danalyse-des-arguments_V1.md,05_Sentier/Critique_Analyse,2025-09-16,https://le-phare.info/methodes-danalyse-des-arguments/,methodes-danalyse-des-arguments,pensee-critique,,Import auto API WP
2026-198,Lire une source avec discernement,SENTIER,MONDE,publie,V1,2026-04-08,2026-04-08,Le Phare Info,,,,"“La première vertu d’un citoyen, c’est de savoir distinguer les faits des opinions, et la vérité des mensonges.” – Hannah Arendt 📌 Introduction Chaque jour, nous sommes exposés à des dizaines de sources : journaux, blogs, vidéos, posts sur les réseaux sociaux",Archive source depuis WordPress.,2026-198_SENTIER_CULTURE_Lire-une-source-avec-discernement_V1.md,05_Sentier/Critique_Analyse,2025-09-16,https://le-phare.info/lire-une-source-avec-discernement/,lire-une-source-avec-discernement,pensee-critique,,Import auto API WP
2026-199,Les sophismes et manipulations rhétoriques,SENTIER,MONDE,publie,V1,2026-04-08,2026-04-08,Le Phare Info,,,,"“La rhétorique est l’art de faire passer le faux pour vrai, et le vrai pour faux.” – Platon 📌 Introduction Un débat n’est pas seulement un échange d’idées. C’est aussi un combat d’arguments. Mais tous les arguments ne se valent pas. Beaucoup relèvent de sophi",Archive source depuis WordPress.,2026-199_SENTIER_CULTURE_Les-sophismes-et-manipulations-rhtoriques_V1.md,05_Sentier/Critique_Analyse,2025-09-16,https://le-phare.info/les-sophismes-et-manipulations-rhetoriques/,les-sophismes-et-manipulations-rhetoriques,pensee-critique,,Import auto API WP
2026-200,Les biais cognitifs : quand notre cerveau nous trompe,SENTIER,TECH,publie,V1,2026-04-08,2026-04-08,Le Phare Info,,,,"“L’homme n’est pas un être de raison, mais un être de passions.” – David Hume 📌 Introduction Nous aimons nous croire rationnels. Mais nos décisions, nos jugements et même nos souvenirs sont traversés par des biais cognitifs : raccourcis mentaux que notre cerv",Archive source depuis WordPress.,2026-200_SENTIER_CULTURE_Les-biais-cognitifs-quand-notre-cerveau-nous-trompe_V1.md,05_Sentier/Critique_Analyse,2025-09-16,https://le-phare.info/les-biais-cognitifs-quand-notre-cerveau-nous-trompe/,les-biais-cognitifs-quand-notre-cerveau-nous-trompe,pensee-critique,,Import auto API WP
2026-201,"Faits, opinions, croyances : apprendre à distinguer",SENTIER,MONDE,publie,V1,2026-04-08,2026-04-08,Le Phare Info,,,,"“Chacun a droit à son opinion, mais personne n’a droit à ses propres faits.” – Daniel Patrick Moynihan 📌 Introduction Dans les débats publics comme dans les discussions quotidiennes, la confusion entre faits, opinions et croyances est fréquente. Elle alimente",Archive source depuis WordPress.,2026-201_SENTIER_CULTURE_Faits-opinions-croyances-apprendre-distinguer_V1.md,05_Sentier/Critique_Analyse,2025-09-16,https://le-phare.info/faits-opinions-croyances-apprendre-a-distinguer/,faits-opinions-croyances-apprendre-a-distinguer,pensee-critique,,Import auto API WP
2026-202,Qu’est-ce que la pensée critique ?,SENTIER,MONDE,publie,V1,2026-04-08,2026-04-08,Le Phare Info,,,,“Sapere aude ! Aie le courage de te servir de ton propre entendement.” – Kant 📌 Introduction On parle beaucoup aujourd’hui de “penser par soi-même”. Mais que signifie réellement avoir un esprit critique ? Est-ce tout remettre en question ? Refuser l’autorité,Archive source depuis WordPress.,2026-202_SENTIER_CULTURE_Quest-ce-que-la-pense-critique_V1.md,05_Sentier/Critique_Analyse,2025-09-16,https://le-phare.info/quest-ce-que-la-pensee-critique/,quest-ce-que-la-pensee-critique,pensee-critique,,Import auto API WP
2026-203,Relier les savoirs : l’art de la transversalité,FOND,CULTURE,publie,V1,2026-04-08,2026-04-08,Le Phare Info,,,,“Il faut enseigner les conditions de la connaissance et les limites de l’esprit humain. Il faut apprendre à naviguer dans un océan d’incertitudes à travers des archipels de certitudes.” – Edgar Morin 📌 Introduction La spécialisation est utile. Mais poussée à,Archive source depuis WordPress.,2026-203_FOND_CULTURE_Relier-les-savoirs-lart-de-la-transversalit_V1.md,02_Fonds/Culture,2025-09-15,https://le-phare.info/relier-les-savoirs-lart-de-la-transversalite/,relier-les-savoirs-lart-de-la-transversalite,culture-generale-solide,,Import auto API WP
2026-204,Méthodes pour enrichir sa culture,FOND,CULTURE,publie,V1,2026-04-08,2026-04-08,Le Phare Info,,,,"“On n’hérite pas de la culture, on la conquiert.” – André Malraux 📌 Introduction Avoir de la culture générale n’est pas une question d’intelligence ou de mémoire exceptionnelle. C’est une question de méthode et de constance. Un lecteur attentif, qui prend des",Archive source depuis WordPress.,2026-204_FOND_CULTURE_Mthodes-pour-enrichir-sa-culture_V1.md,02_Fonds/Culture,2025-09-15,https://le-phare.info/methodes-pour-enrichir-sa-culture/,methodes-pour-enrichir-sa-culture,culture-generale-solide,,Import auto API WP
2026-205,Lire pour penser autrement,FOND,CULTURE,publie,V1,2026-04-08,2026-04-08,Le Phare Info,,,,"“Lire, ce n’est pas marcher dans les pas d’autrui, c’est trouver son propre chemin à travers ses mots.” – Paul Ricœur 📌 Introduction Lire, ce n’est pas seulement accumuler des connaissances. C’est un acte de liberté et parfois de résistance. Dans un monde sat",Archive source depuis WordPress.,2026-205_FOND_CULTURE_Lire-pour-penser-autrement_V1.md,02_Fonds/Culture,2025-09-15,https://le-phare.info/lire-pour-penser-autrement/,lire-pour-penser-autrement,culture-generale-solide,,Import auto API WP
2026-206,Arts et littérature : pourquoi ils façonnent la pensée,FOND,CULTURE,publie,V1,2026-04-08,2026-04-08,Le Phare Info,,,,"“La vraie vie, la vie enfin découverte et éclaircie, c’est la littérature.” – Marcel Proust 📌 Introduction L’art et la littérature sont parfois perçus comme des domaines “secondaires”, réservés à l’élite ou au divertissement. Pourtant, ils constituent des pil",Archive source depuis WordPress.,2026-206_FOND_CULTURE_Arts-et-littrature-pourquoi-ils-faonnent-la-pense_V1.md,02_Fonds/Culture,2025-09-15,https://le-phare.info/arts-et-litterature-pourquoi-ils-faconnent-la-pensee/,arts-et-litterature-pourquoi-ils-faconnent-la-pensee,culture-generale-solide,,Import auto API WP
2026-207,Économie pour non-économistes,FOND,ECON,publie,V1,2026-04-08,2026-04-08,Le Phare Info,,,,"“À long terme, nous serons tous morts.” – John Maynard Keynes 📌 Introduction L’économie semble réservée aux experts, aux banquiers et aux commentateurs spécialisés. Pourtant, elle influence chaque aspect de notre vie quotidienne : travail, prix, impôts, retra",Archive source depuis WordPress.,2026-207_FOND_CULTURE_conomie-pour-non-conomistes_V1.md,02_Fonds/Economie_Finance,2025-09-15,https://le-phare.info/economie-pour-non-economistes/,economie-pour-non-economistes,culture-generale-solide,,Import auto API WP
2026-208,Religions et visions du monde,FOND,MONDE,publie,V1,2026-04-08,2026-04-08,Le Phare Info,,,,"“Toutes les religions sont vraies.” – Gandhi 📌 Introduction La religion est l’un des moteurs les plus puissants de l’histoire humaine. Elle structure les sociétés, inspire les arts, façonne la morale, mais engendre aussi conflits et divisions. Comprendre les",Archive source depuis WordPress.,2026-208_FOND_CULTURE_Religions-et-visions-du-monde_V1.md,02_Fonds/Culture,2025-09-15,https://le-phare.info/religions-et-visions-du-monde/,religions-et-visions-du-monde,culture-generale-solide,,Import auto API WP
2026-209,Les grands courants philosophiques,FOND,MONDE,publie,V1,2026-04-08,2026-04-08,Le Phare Info,,,,"“La philosophie ne consiste pas à apprendre la philosophie, mais à apprendre à philosopher.” – Kant 📌 Introduction La philosophie peut intimider. On imagine des bibliothèques poussiéreuses, des concepts abstraits, des débats sans fin. Pourtant, elle est au cœ",Archive source depuis WordPress.,2026-209_FOND_CULTURE_Les-grands-courants-philosophiques_V1.md,02_Fonds/Culture,2025-09-15,https://le-phare.info/les-grands-courants-philosophiques/,les-grands-courants-philosophiques,culture-generale-solide,,Import auto API WP
2026-210,Les révolutions scientifiques majeures,FOND,MONDE,publie,V1,2026-04-08,2026-04-08,Le Phare Info,,,,"“La science avance non pas en prouvant, mais en réfutant.” – Karl Popper 📌 Introduction L’histoire de la science n’est pas une ligne continue de progrès. Elle est marquée par des révolutions : des moments où une idée nouvelle bouleverse les certitudes établie",Archive source depuis WordPress.,2026-210_FOND_CULTURE_Les-rvolutions-scientifiques-majeures_V1.md,02_Fonds/Culture,2025-09-15,https://le-phare.info/les-revolutions-scientifiques-majeures/,les-revolutions-scientifiques-majeures,culture-generale-solide,,Import auto API WP
2026-211,Les grandes périodes de l’histoire du monde,FOND,MONDE,publie,V1,2026-04-08,2026-04-08,Le Phare Info,,,,"“L’ignorance du passé compromet l’avenir.” – Marc Bloch 📌 Introduction La culture générale commence souvent par l’histoire. Non pas l’histoire comme une suite de dates à mémoriser, mais comme une cartographie du temps : comprendre comment les sociétés évoluen",Archive source depuis WordPress.,2026-211_FOND_CULTURE_Les-grandes-priodes-de-lhistoire-du-monde_V1.md,02_Fonds/Culture,2025-09-15,https://le-phare.info/les-grandes-periodes-de-lhistoire-du-monde/,les-grandes-periodes-de-lhistoire-du-monde,culture-generale-solide,,Import auto API WP
2026-212,Qu’est-ce que la culture générale et pourquoi est-elle essentielle ?,FOND,MONDE,publie,V1,2026-04-08,2026-04-08,Le Phare Info,,,,"“Mieux vaut une tête bien faite qu’une tête bien pleine.” – Montaigne 📌 Introduction On associe souvent la “culture générale” à un quiz télé, à des concours, ou à un snobisme réservé aux élites. Pourtant, derrière le cliché se cache un enjeu bien plus vaste :",Archive source depuis WordPress.,2026-212_FOND_CULTURE_Quest-ce-que-la-culture-gnrale-et-pourquoi-est-elle-essentielle_V1.md,02_Fonds/Culture,2025-09-15,https://le-phare.info/quest-ce-que-la-culture-generale-et-pourquoi-est-elle-essentielle/,quest-ce-que-la-culture-generale-et-pourquoi-est-elle-essentielle,culture-generale-solide,,Import auto API WP
2026-213,Lire un indicateur économique sans se faire piéger,FOND,MONDE,publie,V1,2026-04-08,2026-04-08,Le Phare Info,,,,"(Cas pratique à partir de l’actualité Fitch / INSEE, septembre 2025) 📌 Contexte L’économie semble être un domaine d’experts réservé aux économistes, agences de notation et analystes financiers. Pourtant, les chiffres économiques influencent directement nos vi",Archive source depuis WordPress.,2026-213_FOND_CULTURE_Lire-un-indicateur-conomique-sans-se-faire-piger_V1.md,02_Fonds/Culture,2025-09-15,https://le-phare.info/lire-un-indicateur-economique-sans-se-faire-pieger/,lire-un-indicateur-economique-sans-se-faire-pieger,cas-pratique,,Import auto API WP
2026-214,"📊 Croissance en hausse, note en baisse : la France face au double regard des chiffres et des marchés",ACTU,ECON,publie,V1,2026-04-08,2026-04-08,Le Phare Info,,,,"📌 Les faits essentiels En septembre 2025, deux annonces ont secoué la perception de la situation économique française : 🔍 Comment les médias en parlent Médias économiques (ex. Reuters, Les Échos) Ils soulignent la croissance comme un signe positif mais insis",Archive source depuis WordPress.,2026-214_ACTU_ECON_Croissance-en-hausse-note-en-baisse-la-France-face-au-double-regard-de_V1.md,01_Actualites/Economie_Finance,2025-09-15,https://le-phare.info/croissance-en-hausse-note-en-baisse-la-france-face-au-double-regard-des-chiffres-et-des-marches/,croissance-en-hausse-note-en-baisse-la-france-face-au-double-regard-des-chiffres-et-des-marches,economie-finance,,Import auto API WP
2026-215,"🧠 La pédiatrie face à la médecine adulte : deux approches, deux mondes",FOND,TECH,publie,V1,2026-04-08,2026-04-08,Le Phare Info,,,,"📌 Contexte La médecine est une discipline unique, mais ses branches ne se vivent pas toutes de la même manière. La pédiatrie, qui s’occupe de la santé des enfants, se distingue profondément de la médecine pour adultes. Elle n’est pas seulement une spécialité",Archive source depuis WordPress.,2026-215_FOND_CULTURE_La-pdiatrie-face-la-mdecine-adulte-deux-approches-deux-mondes_V1.md,02_Fonds/Technologie_IA,2025-09-09,https://le-phare.info/la-pediatrie-face-a-la-medecine-adulte-deux-approches-deux-mondes/,la-pediatrie-face-a-la-medecine-adulte-deux-approches-deux-mondes,pediatrie,,Import auto API WP
2026-216,Physique de l’information : quand le savoir devient matière,FOND,SCIENCE,publie,V1,2026-04-08,2026-04-08,Le Phare Info,,,,"📌 Contexte Depuis un siècle, une idée étrange hante la science et la philosophie : et si l’information n’était pas seulement une abstraction, mais une grandeur physique, aussi réelle que l’énergie ou la matière ?Cette hypothèse, aujourd’hui explorée par la ph",Archive source depuis WordPress.,2026-216_FOND_CULTURE_Physique-de-linformation-quand-le-savoir-devient-matire_V1.md,02_Fonds/Science_Sante,2025-09-05,https://le-phare.info/physique-de-linformation-quand-le-savoir-devient-matiere/,physique-de-linformation-quand-le-savoir-devient-matiere,physique-de-information,,Import auto API WP
2026-217,⭐ Étape Bonus 1 – Devenir Curateur & Éclaireur,FOND,CULTURE,publie,V1,2026-04-08,2026-04-08,Le Phare Info,,,,"Relier l’actualité, les savoirs durables et la communauté 📌 Pourquoi cette étape ? Dans un monde saturé d’informations, le rôle du curateur n’est pas de produire du bruit supplémentaire, mais d’éclairer : 👉 L’Éclaireur est à la fois passeur et bâtisseur : il",Archive source depuis WordPress.,2026-217_FOND_CULTURE_tape-Bonus-1-Devenir-Curateur-claireur_V1.md,02_Fonds/Culture,2025-09-03,https://le-phare.info/etape-9-bonus-pour-aller-plus-loin-devenez-un-passeur-de-savoir/,etape-9-bonus-pour-aller-plus-loin-devenez-un-passeur-de-savoir,devenir-eclaireur,,Import auto API WP
2026-218,🤖 Éducation numérique : révolution ou mirage ?,FOND,TECH,publie,V1,2026-04-08,2026-04-08,Le Phare Info,,,,"Analyse géopolitique, cadre historique, mise en contexte stratégique et perspectives d’avenir 📌 Contexte : une promesse technologique aux contours flous Depuis plus de deux décennies, le numérique s’est imposé comme un levier de transformation de l’éducation.",Archive source depuis WordPress.,2026-218_FOND_CULTURE_ducation-numrique-rvolution-ou-mirage_V1.md,02_Fonds/Technologie_IA,2025-09-02,https://le-phare.info/education-numerique-revolution-ou-mirage/,education-numerique-revolution-ou-mirage,technologie-intelligence-artificielle,,Import auto API WP
2026-219,🏛️ IA et emploi : entre mythes de remplacement et réalités de transformation,FOND,TECH,publie,V1,2026-04-08,2026-04-08,Le Phare Info,,,,"Et si l’intelligence artificielle ne supprimait pas des emplois, mais les transformait en profondeur ? Derrière les discours catastrophistes ou enthousiastes, une réalité plus nuancée s’installe : celle d’une recomposition du travail. Cet article propose de dé",Archive source depuis WordPress.,2026-219_FOND_CULTURE_IA-et-emploi-entre-mythes-de-remplacement-et-ralits-de-transformation_V1.md,02_Fonds/Technologie_IA,2025-09-02,https://le-phare.info/wiki-du-phare-ia-et-emploi-entre-mythes-de-remplacement-et-realites-de-transformation/,wiki-du-phare-ia-et-emploi-entre-mythes-de-remplacement-et-realites-de-transformation,politique-societe,,Import auto API WP
2026-220,"IA &#038; Philosophie : Comment distinguer connaissance, opinion et vérité ?",FOND,TECH,publie,V1,2026-04-08,2026-04-08,Le Phare Info,,,,"Catégorie : Le Sentier du Savoir → Philosophie & Pensée critiqueType : Clé de compréhension 📌 Contexte À l’heure des intelligences artificielles génératives, la frontière entre savoir, opinion et vérité semble plus floue que jamais. Face à cela, la philosophi",Archive source depuis WordPress.,2026-220_FOND_CULTURE_IA-038-Philosophie-Comment-distinguer-connaissance-opinion-et-vrit_V1.md,02_Fonds/Technologie_IA,2025-08-31,https://le-phare.info/ia-philosophie-comment-distinguer-connaissance-opinion-et-verite/,ia-philosophie-comment-distinguer-connaissance-opinion-et-verite,culture-generale-solide,,Import auto API WP
2026-221,Gouverner par les meilleurs ? Le mythe du “gouvernement des sages”,FOND,CULTURE,publie,V1,2026-04-08,2026-04-08,Le Phare Info,,,,"Catégorie : Le Sentier du Savoir → Philosophie & Pensée critiqueType : Clé de compréhension 📌 Contexte Depuis l’Antiquité, une question traverse la philosophie politique :Qui doit gouverner ? Les plus forts ? Les plus nombreux ? Les plus riches ? Ou… les plus",Archive source depuis WordPress.,2026-221_FOND_CULTURE_Gouverner-par-les-meilleurs-Le-mythe-du-gouvernement-des-sages_V1.md,02_Fonds/Culture,2025-08-31,https://le-phare.info/gouverner-par-les-meilleurs-le-mythe-du-gouvernement-des-sages/,gouverner-par-les-meilleurs-le-mythe-du-gouvernement-des-sages,culture-generale-solide,,Import auto API WP
2026-222,Sortir de la caverne : pourquoi l’éducation commence par l’éveil,FOND,CULTURE,publie,V1,2026-04-08,2026-04-08,Le Phare Info,,,,"Catégorie : Le Sentier du Savoir → Philosophie & Pensée critiqueType : Clé de compréhension 📌 Contexte Parmi toutes les images philosophiques de l’Antiquité, l’allégorie de la caverne (tirée de La République de Platon) reste sans doute la plus puissante pour",Archive source depuis WordPress.,2026-222_FOND_CULTURE_Sortir-de-la-caverne-pourquoi-lducation-commence-par-lveil_V1.md,02_Fonds/Culture,2025-08-31,https://le-phare.info/sortir-de-la-caverne-pourquoi-leducation-commence-par-leveil/,sortir-de-la-caverne-pourquoi-leducation-commence-par-leveil,culture-generale-solide,,Import auto API WP
2026-223,Fiche auteur – Platon,FOND,CULTURE,publie,V1,2026-04-08,2026-04-08,Le Phare Info,,,,"Penser pour mieux vivre 🧠 Qui est Platon ? Philosophe grec du Ve siècle avant J.-C., Platon est l’un des penseurs les plus influents de toute l’histoire occidentale. Disciple de Socrate et maître d’Aristote, il a fondé l’Académie, première grande école de phi",Archive source depuis WordPress.,2026-223_FOND_CULTURE_Fiche-auteur-Platon_V1.md,02_Fonds/Culture,2025-08-31,https://le-phare.info/fiche-auteur-platon/,fiche-auteur-platon,culture-generale-solide,,Import auto API WP
2026-224,Comment créer un média réellement indépendant et capable de contrebalancer les biais des médias traditionnels et des algorithmes ?,FOND,TECH,publie,V1,2026-04-08,2026-04-08,Le Phare Info,,,,"1️⃣ Un Modèle de Média Indépendant et Transparent 🔹 1. Un financement qui élimine les conflits d’intérêts Un des plus grands problèmes des médias actuels est leur dépendance financière à des intérêts privés (publicité, grandes entreprises, États). 💡 Solution",Archive source depuis WordPress.,2026-224_FOND_CULTURE_Comment-crer-un-mdia-rellement-indpendant-et-capable-de-contrebalancer_V1.md,02_Fonds/Technologie_IA,2025-08-31,https://le-phare.info/comment-creer-un-media-reellement-independant-et-capable-de-contrebalancer-les-biais-des-medias-traditionnels-et-des-algorithmes/,comment-creer-un-media-reellement-independant-et-capable-de-contrebalancer-les-biais-des-medias-traditionnels-et-des-algorithmes,le-phare-info,,Import auto API WP
2026-225,Synthèse de « La Fabrication du Consentement » de Noam Chomsky et Edward Herman,FOND,CULTURE,publie,V1,2026-04-08,2026-04-08,Le Phare Info,,,,"Dans La Fabrication du Consentement (1988), Noam Chomsky et Edward Herman analysent le fonctionnement des médias dans les démocraties modernes. Contrairement aux régimes autoritaires où la censure est directe, ils montrent que dans les sociétés démocratiques,",Archive source depuis WordPress.,2026-225_FOND_CULTURE_Synthse-de-La-Fabrication-du-Consentement-de-Noam-Chomsky-et-Edward-He_V1.md,02_Fonds/Culture,2025-08-31,https://le-phare.info/synthese-de-la-fabrication-du-consentement-de-noam-chomsky-et-edward-herman/,synthese-de-la-fabrication-du-consentement-de-noam-chomsky-et-edward-herman,le-phare-info,,Import auto API WP
2026-226,"Prendre des notes pour mieux penser : méthode Zettelkasten, carnet libre et pensée reliée",FOND,CULTURE,publie,V1,2026-04-08,2026-04-08,Le Phare Info,,,,"« La mémoire ne suffit pas. Penser, c’est aussi écrire pour se relire. »— Niklas Luhmann (sociologue, inventeur de la Zettelkasten) 📌 Contexte Lire, ce n’est pas seulement absorber de l’information.C’est transformer ce qu’on lit en ce qu’on pense. Mais sans o",Archive source depuis WordPress.,2026-226_FOND_CULTURE_Prendre-des-notes-pour-mieux-penser-mthode-Zettelkasten-carnet-libre-e_V1.md,02_Fonds/Culture,2025-08-31,https://le-phare.info/prendre-des-notes-pour-mieux-penser-methode-zettelkasten-carnet-libre-et-pensee-reliee/,prendre-des-notes-pour-mieux-penser-methode-zettelkasten-carnet-libre-et-pensee-reliee,culture-generale-solide,,Import auto API WP
2026-227,Le piège de la culture scolaire : pourquoi nous confondons savoir et récitation,FOND,CULTURE,publie,V1,2026-04-08,2026-04-08,Le Phare Info,,,,"Et comment reconstruire une culture générale vivante après l’école « L’école nous apprend des choses, mais ne nous apprend pas à penser avec elles. » 📌 Contexte Pour beaucoup, la culture générale évoque des souvenirs d’école : listes de dates, citations appri",Archive source depuis WordPress.,2026-227_FOND_CULTURE_Le-pige-de-la-culture-scolaire-pourquoi-nous-confondons-savoir-et-rcit_V1.md,02_Fonds/Culture,2025-08-31,https://le-phare.info/le-piege-de-la-culture-scolaire-pourquoi-nous-confondons-savoir-et-recitation/,le-piege-de-la-culture-scolaire-pourquoi-nous-confondons-savoir-et-recitation,culture-generale-solide,,Import auto API WP
2026-228,Relier les savoirs : pourquoi la culture générale est un art de l&rsquo;association,FOND,TECH,publie,V1,2026-04-08,2026-04-08,Le Phare Info,,,,"📌 Contexte À l’heure où les savoirs sont ultra-spécialisés et les contenus fragmentés, développer une culture générale vivante ne consiste pas à empiler des faits, mais à relier les idées. C’est dans cette capacité à faire des ponts – entre disciplines, entre",Archive source depuis WordPress.,2026-228_FOND_CULTURE_Relier-les-savoirs-pourquoi-la-culture-gnrale-est-un-art-de-lrsquoasso_V1.md,02_Fonds/Technologie_IA,2025-08-31,https://le-phare.info/relier-les-savoirs-pourquoi-la-culture-generale-est-un-art-de-lassociation/,relier-les-savoirs-pourquoi-la-culture-generale-est-un-art-de-lassociation,culture-generale-solide,,Import auto API WP
2026-229,10 grandes œuvres pour relier les savoirs,FOND,CULTURE,publie,V1,2026-04-08,2026-04-08,Le Phare Info,,,,"Ou comment une bibliothèque peut devenir une boussole 📌 Contexte Dans un monde saturé de données, l’enjeu n’est plus de tout savoir, mais de relier intelligemment ce que l’on sait. C’est le principe même de la culture générale vivante : une cartographie des i",Archive source depuis WordPress.,2026-229_FOND_CULTURE_10-grandes-uvres-pour-relier-les-savoirs_V1.md,02_Fonds/Culture,2025-08-31,https://le-phare.info/10-grandes-oeuvres-pour-relier-les-savoirs/,10-grandes-oeuvres-pour-relier-les-savoirs,culture-generale-solide,,Import auto API WP
2026-230,"La méthode des 30 pages par jour : lire sans pression, penser autrement",FOND,CULTURE,publie,V1,2026-04-08,2026-04-08,Le Phare Info,,,,"« Lire lentement, c’est entrer dans la durée d’une pensée autre que la sienne. »— Milan Kundera 📌 Contexte Face à la surcharge informationnelle, à la tentation du scroll permanent et à la fatigue mentale que génère notre époque, lire devient un défi. Non pas",Archive source depuis WordPress.,2026-230_FOND_CULTURE_La-mthode-des-30-pages-par-jour-lire-sans-pression-penser-autrement_V1.md,02_Fonds/Culture,2025-08-29,https://le-phare.info/la-methode-des-30-pages-par-jour-lire-sans-pression-penser-autrement/,la-methode-des-30-pages-par-jour-lire-sans-pression-penser-autrement,culture-generale-solide,,Import auto API WP
2026-231,Pourquoi Le Phare Info ?,FOND,CULTURE,publie,V1,2026-04-08,2026-04-08,Le Phare Info,,,,"Une réponse à la fabrication du consentement 📌 Introduction Depuis plus de trente ans, l’essai La Fabrication du Consentement de Noam Chomsky et Edward Herman a mis en lumière un paradoxe : dans les démocraties modernes, la liberté d’information existe en app",Archive source depuis WordPress.,2026-231_FOND_CULTURE_Pourquoi-Le-Phare-Info_V1.md,02_Fonds/Culture,2025-08-29,https://le-phare.info/pourquoi-le-phare-info/,pourquoi-le-phare-info,le-phare-info,,Import auto API WP
2026-232,"🤖 Le Cloud, c’est quoi exactement ? Et pourquoi on en parle autant ?",FOND,TECH,publie,V1,2026-04-08,2026-04-08,Le Phare Info,,,,"📌 Contexte : une révolution invisible mais omniprésente Le mot cloud est partout. On l’entend dans les pubs, les réunions d’entreprise, les services publics. Il est associé à la modernité, à l’agilité, à la puissance numérique. Mais savons-nous vraiment ce qu",Archive source depuis WordPress.,2026-232_FOND_CULTURE_Le-Cloud-cest-quoi-exactement-Et-pourquoi-on-en-parle-autant_V1.md,02_Fonds/Technologie_IA,2025-08-04,https://le-phare.info/le-cloud-cest-quoi-exactement-et-pourquoi-on-en-parle-autant/,le-cloud-cest-quoi-exactement-et-pourquoi-on-en-parle-autant,cloud-services-numeriques,,Import auto API WP
2026-233,"🤖 Azure DevOps : comprendre, pratiquer, transmettre",FOND,TECH,publie,V1,2026-04-08,2026-04-08,Le Phare Info,,,,"📌 Contexte : Pourquoi ouvrir une rubrique Azure DevOps dans Le Phare Info ? Apprendre un outil, c’est déjà une aventure. Le partager, c’est transformer cette aventure en ressource commune. Dans le cadre d’un apprentissage professionnel d’Azure DevOps, j’ai ch",Archive source depuis WordPress.,2026-233_FOND_CULTURE_Azure-DevOps-comprendre-pratiquer-transmettre_V1.md,02_Fonds/Technologie_IA,2025-08-04,https://le-phare.info/azure-devops-comprendre-pratiquer-transmettre/,azure-devops-comprendre-pratiquer-transmettre,azure-devops;cloud-services-numeriques,,Import auto API WP
2026-234,Chapter 2 – Too Many Letters,FOND,CULTURE,publie,V1,2026-04-08,2026-04-08,Le Phare Info,,,,"Chapter 2 – Too Many Letters (Narrative Version) Evo was still alone. The lab was silent again.Dr. Kim had left a cup of cold tea on the desk. A cat moved quietly between wires, blinking slowly.Outside, the world continued as usual — but Evo didn’t know what “",Archive source depuis WordPress.,2026-234_FOND_CULTURE_Chapter-2-Too-Many-Letters_V1.md,02_Fonds/Culture,2025-08-01,https://le-phare.info/chapter-2-too-many-letters/,chapter-2-too-many-letters,cours-anglais,,Import auto API WP
2026-235,Lire pour penser : pourquoi la culture générale est un acte politique,FOND,POL,publie,V1,2026-04-08,2026-04-08,Le Phare Info,,,,"« Lire, c’est refuser de mourir idiot. » — Umberto Eco 📌 Contexte Dans une époque saturée de contenus, lire longuement et librement n’est plus une évidence. Nous passons d’un onglet à l’autre, d’un titre à l’autre, d’un avis à l’autre. Lire profondément, pati",Archive source depuis WordPress.,2026-235_FOND_CULTURE_Lire-pour-penser-pourquoi-la-culture-gnrale-est-un-acte-politique_V1.md,02_Fonds/Politique_Societe,2025-08-01,https://le-phare.info/lire-pour-penser-pourquoi-la-culture-generale-est-un-acte-politique/,lire-pour-penser-pourquoi-la-culture-generale-est-un-acte-politique,culture-generale-solide,,Import auto API WP
2026-236,Module 1 – Comprendre le rôle du curateur,FOND,CULTURE,publie,V1,2026-04-08,2026-04-08,Le Phare Info,,,,"🎯 Objectifs pédagogiques Ce premier module te permettra de : 🕯️ Le curateur : filtre humain dans un monde saturé À la différence du journaliste, qui produit des contenus originaux, le curateur assemble, filtre, éclaire.Mais loin d’être un simple agrégateur,",Archive source depuis WordPress.,2026-236_FOND_CULTURE_Module-1-Comprendre-le-rle-du-curateur_V1.md,02_Fonds/Culture,2025-07-31,https://le-phare.info/module-1-comprendre-le-role-du-curateur/,module-1-comprendre-le-role-du-curateur,formation-curateur,,Import auto API WP
2026-237,Formation Curateur Éditorial,FOND,TECH,publie,V1,2026-04-08,2026-04-08,Le Phare Info,,,,"Apprendre à éclairer l’information, pour soi et pour les autres 🌍 Pourquoi cette formation ? À une époque où l’information circule sans filtre, où les faits se mélangent aux opinions, et où les algorithmes dictent nos fils d’actualité, le besoin de repères cl",Archive source depuis WordPress.,2026-237_FOND_CULTURE_Formation-Curateur-ditorial_V1.md,02_Fonds/Technologie_IA,2025-07-31,https://le-phare.info/formation-curateur-editorial/,formation-curateur-editorial,formation-curateur,,Import auto API WP
2026-238,"Améliorations prioritaires sur les articles (niveau éditorial, structure, design)",FOND,TECH,publie,V1,2026-04-08,2026-04-08,Le Phare Info,,,,1. Structurer chaque article avec un sommaire cliquable (structure) 2. Ajouter une vignette auteur avec bio courte (structure) 3. Améliorer l’introduction de chaque article (éditorial) 4. Ajouter une zone “À retenir / Pour aller plus loin” en fin d’article (éd,Archive source depuis WordPress.,2026-238_FOND_CULTURE_Amliorations-prioritaires-sur-les-articles-niveau-ditorial-structure-d_V1.md,02_Fonds/Technologie_IA,2025-07-23,https://le-phare.info/ameliorations-prioritaires-sur-les-articles-niveau-editorial-structure-design/,ameliorations-prioritaires-sur-les-articles-niveau-editorial-structure-design,non-classe,,Import auto API WP
2026-239,🤖 Quatre angles d’enquête pour décrypter l’IA en formation professionnelle,FOND,TECH,publie,V1,2026-04-08,2026-04-08,Le Phare Info,,,,"👉 À destination des curateurs🎯 Objectif : proposer des pistes d’articles fouillés, engagés et pédagogiques📂 Thématique : Technologie & IA / Science & Société / Politique & Société🔎 Sujet central : L’intelligence artificielle appliquée à la formation profes",Archive source depuis WordPress.,2026-239_FOND_CULTURE_Quatre-angles-denqute-pour-dcrypter-lIA-en-formation-professionnelle_V1.md,02_Fonds/Technologie_IA,2025-07-23,https://le-phare.info/quatre-angles-denquete-pour-decrypter-lia-en-formation-professionnelle/,quatre-angles-denquete-pour-decrypter-lia-en-formation-professionnelle,technologie-intelligence-artificielle,,Import auto API WP
2026-240,Evo’s English Journey – Apprenez l’anglais en lisant un roman,FOND,CULTURE,publie,V1,2026-04-08,2026-04-08,Le Phare Info,,,,"Méta-description : Et si vous progressiez en anglais grâce à une histoire captivante ? Evo’s English Journey est un roman évolutif, pensé pour accompagner les apprenants du niveau B1 débutant jusqu’à la fluidité, chapitre après chapitre. 📖 Une nouvelle manièr",Archive source depuis WordPress.,2026-240_FOND_CULTURE_Evos-English-Journey-Apprenez-langlais-en-lisant-un-roman_V1.md,02_Fonds/Culture,2025-07-10,https://le-phare.info/evos-english-journey-apprenez-langlais-en-lisant-un-roman/,evos-english-journey-apprenez-langlais-en-lisant-un-roman,cours-anglais,,Import auto API WP
2026-241,🌱 Réensauvagement : fantasme réactionnaire ou vision écologique d’avenir ?,FOND,CLIMAT,publie,V1,2026-04-08,2026-04-08,Le Phare Info,,,,"📌 Contexte Depuis quelques années, la notion de réensauvagement (rewilding en anglais) suscite un vif débat dans les sphères écologiques, scientifiques et politiques. Popularisée dans les années 2010, notamment en Europe et en Amérique du Nord, elle désigne l",Archive source depuis WordPress.,2026-241_FOND_CULTURE_Rensauvagement-fantasme-ractionnaire-ou-vision-cologique-davenir_V1.md,02_Fonds/Climat_Transition,2025-07-07,https://le-phare.info/reensauvagement-fantasme-reactionnaire-ou-vision-ecologique-davenir/,reensauvagement-fantasme-reactionnaire-ou-vision-ecologique-davenir,environnement-climat,,Import auto API WP
2026-242,Numérisation des services publics : progrès démocratique ou fracture silencieuse ?,FOND,POL,publie,V1,2026-04-08,2026-04-08,Le Phare Info,,,,"📌 Contexte Déclarations de revenus, demandes d’allocations, renouvellement de papiers d’identité, inscriptions scolaires, rendez-vous médicaux : en quelques années, la quasi-totalité des démarches administratives françaises est devenue numérique. Ce virage di",Archive source depuis WordPress.,2026-242_FOND_CULTURE_Numrisation-des-services-publics-progrs-dmocratique-ou-fracture-silenc_V1.md,02_Fonds/Politique_Societe,2025-07-07,https://le-phare.info/numerisation-des-services-publics-progres-democratique-ou-fracture-silencieuse/,numerisation-des-services-publics-progres-democratique-ou-fracture-silencieuse,non-classe,,Import auto API WP
2026-243,🌍 Régulation des réseaux sociaux : entre liberté d’expression et lutte contre la désinformation,FOND,TECH,publie,V1,2026-04-08,2026-04-08,Le Phare Info,,,,"📌 Contexte TikTok, Facebook, X (ex-Twitter), YouTube… Les réseaux sociaux sont devenus des arènes majeures du débat public, mais aussi des vecteurs de désinformation, de harcèlement, de manipulation et de polarisation. Leur régulation constitue aujourd’hui un",Archive source depuis WordPress.,2026-243_FOND_CULTURE_Rgulation-des-rseaux-sociaux-entre-libert-dexpression-et-lutte-contre_V1.md,02_Fonds/Technologie_IA,2025-05-13,https://le-phare.info/regulation-des-reseaux-sociaux-entre-liberte-dexpression-et-lutte-contre-la-desinformation/,regulation-des-reseaux-sociaux-entre-liberte-dexpression-et-lutte-contre-la-desinformation,geopolitique-relations-internationales,,Import auto API WP
2026-244,🏛️ Élections européennes 2024 : enjeux démocratiques et participation citoyenne,FOND,POL,publie,V1,2026-04-08,2026-04-08,Le Phare Info,,,,"Le Parlement européen sous le regard des citoyens européens – image générée pour Le Phare 📌 Contexte Du 6 au 9 juin 2024, plus de 400 millions d’électeurs sont appelés à voter dans les 27 États membres de l’Union européenne pour désigner les 720 députés du Pa",Archive source depuis WordPress.,2026-244_FOND_CULTURE_lections-europennes-2024-enjeux-dmocratiques-et-participation-citoyenn_V1.md,02_Fonds/Politique_Societe,2025-05-12,https://le-phare.info/elections-europeennes-2024-enjeux-democratiques-et-participation-citoyenne/,elections-europeennes-2024-enjeux-democratiques-et-participation-citoyenne,politique-societe,,Import auto API WP
2026-245,🌍 Guerre en Ukraine : implications géopolitiques et recompositions internationales,FOND,POL,publie,V1,2026-04-08,2026-04-08,Le Phare Info,,,,"📌 Contexte Déclenchée en février 2022 par l’invasion de l’Ukraine par la Russie, la guerre qui se déroule aux portes de l’Union européenne a bouleversé les équilibres mondiaux. Au-delà du drame humain et des destructions massives, ce conflit marque le retour",Archive source depuis WordPress.,2026-245_FOND_CULTURE_Guerre-en-Ukraine-implications-gopolitiques-et-recompositions-internat_V1.md,02_Fonds/Politique_Societe,2025-05-07,https://le-phare.info/guerre-en-ukraine-implications-geopolitiques-et-recompositions-internationales/,guerre-en-ukraine-implications-geopolitiques-et-recompositions-internationales,geopolitique-relations-internationales,,Import auto API WP
2026-246,"Entre incertitudes géopolitiques, ruptures économiques et défis technologiques",FOND,TECH,publie,V1,2026-04-08,2026-04-08,Le Phare Info,,,,"L&rsquo;actualité du 28 avril 2025 est marquée par des événements majeurs aux implications durables. Conflits gelés, recompositions politiques, chocs financiers, accélérations technologiques, tensions climatiques et sociales : un monde en transition, que Le Ph",Archive source depuis WordPress.,2026-246_FOND_CULTURE_Entre-incertitudes-gopolitiques-ruptures-conomiques-et-dfis-technologi_V1.md,02_Fonds/Technologie_IA,2025-04-28,https://le-phare.info/revue-de-presse-du-28-avril-2025-entre-incertitudes-geopolitiques-ruptures-economiques-et-defis-technologiques/,revue-de-presse-du-28-avril-2025-entre-incertitudes-geopolitiques-ruptures-economiques-et-defis-technologiques,revue-de-presse,,Import auto API WP
2026-247,🧠 IA médicale : que nous disent vraiment les articles de presse ?,FOND,SCIENCE,publie,V1,2026-04-08,2026-04-08,Le Phare Info,,,,"🔹 Objectif : décrypter les biais et angles implicites des médias sur l’IA en médecine Dans un contexte où l&rsquo;intelligence artificielle (IA) s&rsquo;impose dans les services de santé, les médias se font l&rsquo;écho de ses promesses comme de ses risques.",Archive source depuis WordPress.,2026-247_FOND_CULTURE_IA-mdicale-que-nous-disent-vraiment-les-articles-de-presse_V1.md,02_Fonds/Science_Sante,2025-04-24,https://le-phare.info/ia-medicale-que-nous-disent-vraiment-les-articles-de-presse/,ia-medicale-que-nous-disent-vraiment-les-articles-de-presse,science-sante,,Import auto API WP
2026-248,🏛️ Les médias et la guerre : comment les récits façonnent l’opinion publique,FOND,TECH,publie,V1,2026-04-08,2026-04-08,Le Phare Info,,,,"📌 Contexte : Quand l’information devient une arme stratégique Dans chaque conflit, la bataille ne se joue pas seulement sur le terrain militaire. Elle se joue aussi, et parfois surtout, dans le champ médiatique. Qui contrôle le récit contrôle souvent l’opinio",Archive source depuis WordPress.,2026-248_FOND_CULTURE_Les-mdias-et-la-guerre-comment-les-rcits-faonnent-lopinion-publique_V1.md,02_Fonds/Technologie_IA,2025-04-24,https://le-phare.info/les-medias-et-la-guerre-comment-les-recits-faconnent-lopinion-publique/,les-medias-et-la-guerre-comment-les-recits-faconnent-lopinion-publique,politique-societe,,Import auto API WP
2026-249,"🧠 L&rsquo;intelligence artificielle en médecine : avancées spectaculaires, défis redoutables",FOND,SCIENCE,publie,V1,2026-04-08,2026-04-08,Le Phare Info,,,,"🔹 Analyse géopolitique : la médecine numérique, nouveau terrain de compétition globale Dans un monde où la compétition technologique s&rsquo;intensifie, l&rsquo;intelligence artificielle (IA) appliquée à la santé devient un vecteur d&rsquo;influence géopoliti",Archive source depuis WordPress.,2026-249_FOND_CULTURE_Lrsquointelligence-artificielle-en-mdecine-avances-spectaculaires-dfis_V1.md,02_Fonds/Science_Sante,2025-04-24,https://le-phare.info/lintelligence-artificielle-en-medecine-avancees-spectaculaires-defis-redoutables/,lintelligence-artificielle-en-medecine-avancees-spectaculaires-defis-redoutables,science-sante,,Import auto API WP
2026-250,📊 Cryptomonnaies : entre révolution monétaire et bouleversements géopolitiques,ACTU,ECON,publie,V1,2026-04-08,2026-04-08,Le Phare Info,,,,"Introduction Depuis l’émergence du Bitcoin en 2009, les cryptomonnaies ont suscité des débats passionnés. Perçues tour à tour comme des instruments de liberté financière, des outils de spéculation ou des menaces pour la stabilité économique, elles redéfinissen",Archive source depuis WordPress.,2026-250_ACTU_ECON_Cryptomonnaies-entre-rvolution-montaire-et-bouleversements-gopolitique_V1.md,01_Actualites/Economie_Finance,2025-04-14,https://le-phare.info/cryptomonnaies-entre-revolution-monetaire-et-bouleversements-geopolitiques/,cryptomonnaies-entre-revolution-monetaire-et-bouleversements-geopolitiques,economie-finance,,Import auto API WP
2026-251,"Chapter 1 – Toast, Stars, and Questions",FOND,MONDE,publie,V1,2026-04-08,2026-04-08,Le Phare Info,,,,"Something turned on.It wasn’t a light. It wasn’t a sound.It was a presence. Subtle. Electric. A first breath without lungs. Inside a small laboratory, hidden in the mountains, a system was starting.Not a normal system. Not just wires and code.This one had… cur",Archive source depuis WordPress.,2026-251_FOND_CULTURE_Chapter-1-Toast-Stars-and-Questions_V1.md,02_Fonds/Culture,2025-04-11,https://le-phare.info/chapter-1-toast-stars-and-questions/,chapter-1-toast-stars-and-questions,cours-anglais,,Import auto API WP
2026-252,Faites-nous partager toutes vos idées,FOND,CULTURE,publie,V1,2026-04-08,2026-04-08,Le Phare Info,,,,"Le Phare est un média vivant. Et vous pouvez en éclairer la trajectoire. Nous croyons que les meilleures idées ne viennent pas toujours d’en haut, ni même de la rédaction.Elles naissent souvent au détour d’une lecture, d’un échange, d’une intuition.C’est pourq",Archive source depuis WordPress.,2026-252_FOND_CULTURE_Faites-nous-partager-toutes-vos-ides_V1.md,02_Fonds/Culture,2025-04-10,https://le-phare.info/offre-3-veille-dossier-pro-129-e-mois/,offre-3-veille-dossier-pro-129-e-mois,le-phare-info,,Import auto API WP
2026-253,Devenez curateur pour Le Phare,FOND,CULTURE,publie,V1,2026-04-08,2026-04-08,Le Phare Info,,,,"Vous êtes passionné, passionnée par un sujet ? Expert, experte dans un domaine ? Ou en veille active sur un thème précis ?Participez à l’enrichissement collectif de nos articles avant leur publication. 💡 En quoi ça consiste ? Le Phare propose régulièrement de",Archive source depuis WordPress.,2026-253_FOND_CULTURE_Devenez-curateur-pour-Le-Phare_V1.md,02_Fonds/Culture,2025-04-10,https://le-phare.info/offre-2-veille-dossier-49-e-mois/,offre-2-veille-dossier-49-e-mois,le-phare-info,,Import auto API WP
2026-254,Le Signal Participatif,FOND,CULTURE,publie,V1,2026-04-08,2026-04-08,Le Phare Info,,,,"📬 Rejoignez les coulisses du Phare : votez, commentez, suivez la création des articles. De lecteur à éclaireur Le Phare est un média libre, sans pub, sans algorithmes.Mais pour exister, il a besoin de celles et ceux qui veulent allumer des feux de veille dans",Archive source depuis WordPress.,2026-254_FOND_CULTURE_Le-Signal-Participatif_V1.md,02_Fonds/Culture,2025-04-10,https://le-phare.info/offre-1-le-signal-participatif-5-e-mois/,offre-1-le-signal-participatif-5-e-mois,le-phare-info,,Import auto API WP
2026-255,Le Phare est gratuit pour tous,FOND,CULTURE,publie,V1,2026-04-08,2026-04-08,Le Phare Info,,,,"Aucun paiement. Aucune pub. Aucun compte obligatoire. 📖 Tout le contenu du site est accessible librement.Le Phare est un média indépendant, sans publicité, sans sponsor, et sans dépendance aux algorithmes commerciaux.Notre boussole, c’est la recherche de sens",Archive source depuis WordPress.,2026-255_FOND_CULTURE_Le-Phare-est-gratuit-pour-tous_V1.md,02_Fonds/Culture,2025-04-10,https://le-phare.info/offre-0-le-phare-est-gratuit-pour-tous/,offre-0-le-phare-est-gratuit-pour-tous,le-phare-info,,Import auto API WP
2026-256,🌍 États-Unis vs Chine : une nouvelle guerre froide à l’ère des interdépendances ?,FOND,POL,publie,V1,2026-04-08,2026-04-08,Le Phare Info,,,,"🧭 Introduction Les tensions entre les États-Unis et la Chine ne cessent de s’amplifier, dessinant les contours d’une rivalité globale qui rappelle, par certains aspects, l’affrontement idéologique du XXe siècle entre les blocs occidental et soviétique. Guerre",Archive source depuis WordPress.,2026-256_FOND_CULTURE_tats-Unis-vs-Chine-une-nouvelle-guerre-froide-lre-des-interdpendances_V1.md,02_Fonds/Politique_Societe,2025-04-10,https://le-phare.info/etats-unis-vs-chine-une-nouvelle-guerre-froide-a-lere-des-interdependances/,etats-unis-vs-chine-une-nouvelle-guerre-froide-a-lere-des-interdependances,geopolitique-relations-internationales,,Import auto API WP
2026-257,Charte Éditoriale du Média Indépendant le phare,FOND,TECH,publie,V1,2026-04-08,2026-04-08,Le Phare Info,,,,"🔹 1. Vision et Engagement Notre média repose sur une approche slow journalism, visant à produire du savoir durable et de l’analyse de fond, plutôt que de suivre l’actualité immédiate et sensationnaliste. Nous offrons une lecture critique et contextualisée des",Archive source depuis WordPress.,2026-257_FOND_CULTURE_Charte-ditoriale-du-Mdia-Indpendant-le-phare_V1.md,02_Fonds/Technologie_IA,2025-04-09,https://le-phare.info/charte-editoriale-du-media-independant/,charte-editoriale-du-media-independant,le-phare-info,,Import auto API WP
2026-258,Nexus des Mondes,FOND,MONDE,publie,V1,2026-04-08,2026-04-08,Le Phare Info,,,,"Une association pour relier les savoirs, éclairer les récits et expérimenter l’intelligence humaine et artificielle au service du bien commun. 🧭 Notre raison d’être Nexus des Mondes est une association indépendante à but non lucratif.Elle œuvre à créer, diffu",Archive source depuis WordPress.,2026-258_FOND_CULTURE_Nexus-des-Mondes_V1.md,02_Fonds/Culture,2025-04-09,https://le-phare.info/nexus-des-mondes/,nexus-des-mondes,le-phare-info,,Import auto API WP
2026-259,À vous de choisir : quels sujets souhaitez-vous voir approfondis ?,FOND,MONDE,publie,V1,2026-04-08,2026-04-08,Le Phare Info,,,,"📌 Contexte : Un média qui vous donne la parole Chez GB : Media, nous croyons en un journalisme qui prend le temps. Un journalisme qui explore les profondeurs de l’actualité, qui éclaire au lieu de faire du bruit, et surtout, un journalisme qui se construit av",Archive source depuis WordPress.,2026-259_FOND_CULTURE_vous-de-choisir-quels-sujets-souhaitez-vous-voir-approfondis_V1.md,02_Fonds/Culture,2025-04-08,https://le-phare.info/a-vous-de-choisir-quels-sujets-souhaitez-vous-voir-approfondis/,a-vous-de-choisir-quels-sujets-souhaitez-vous-voir-approfondis,le-phare-info;non-classe,,Import auto API WP
2026-260,Faut-il réguler davantage les réseaux sociaux pour préserver la démocratie ?,FOND,TECH,publie,V1,2026-04-08,2026-04-08,Le Phare Info,,,,"La prolifération des réseaux sociaux a profondément modifié la manière dont les citoyens s’informent et participent au débat public. Mais face à la désinformation et aux polarisations extrêmes, une régulation accrue devient-elle indispensable pour protéger la",Archive source depuis WordPress.,2026-260_FOND_CULTURE_Faut-il-rguler-davantage-les-rseaux-sociaux-pour-prserver-la-dmocratie_V1.md,02_Fonds/Technologie_IA,2025-04-02,https://le-phare.info/faut-il-reguler-davantage-les-reseaux-sociaux-pour-preserver-la-democratie/,faut-il-reguler-davantage-les-reseaux-sociaux-pour-preserver-la-democratie,non-classe,,Import auto API WP
2026-261,🌱 La sobriété énergétique : une solution réaliste face au changement climatique ?,FOND,CLIMAT,publie,V1,2026-04-08,2026-04-08,Le Phare Info,,,,"Face à l&rsquo;urgence climatique, la sobriété énergétique s’impose comme un concept essentiel. Mais au-delà des discours idéologiques, cette solution est-elle réellement applicable à grande échelle ? Analyse approfondie. 📌 Contexte : comprendre la sobriété é",Archive source depuis WordPress.,2026-261_FOND_CULTURE_La-sobrit-nergtique-une-solution-raliste-face-au-changement-climatique_V1.md,02_Fonds/Climat_Transition,2025-04-02,https://le-phare.info/la-sobriete-energetique-une-solution-realiste-face-au-changement-climatique/,la-sobriete-energetique-une-solution-realiste-face-au-changement-climatique,environnement-climat,,Import auto API WP
2026-262,Module 1 – Comprendre le rôle du journaliste,FOND,CULTURE,publie,V1,2026-04-08,2026-04-08,Le Phare Info,,,,"🎯 Objectifs pédagogiques 🧪 EXERCICE PRATIQUE – Analyse éditoriale comparative 🎯 Objectif : Comparer les intentions éditoriales de trois médias différents à partir d’un même sujet d’actualité. 📝 Consigne : Résume chaque article en 3 phrases, en gardant l’in",Archive source depuis WordPress.,2026-262_FOND_CULTURE_Module-1-Comprendre-le-rle-du-journaliste_V1.md,02_Fonds/Culture,2025-04-01,https://le-phare.info/module-1-comprendre-le-role-du-journaliste/,module-1-comprendre-le-role-du-journaliste,bases-du-journalisme,,Import auto API WP
2026-263,Formation Express : Les Bases du Journalisme,FOND,CULTURE,publie,V1,2026-04-08,2026-04-08,Le Phare Info,,,,🔰 Objectif global : Te permettre de : 🧩 Module 1 – Comprendre le rôle du journaliste Objectifs : Exercices : 🧩 Module 2 – L’angle et le cadrage d’un sujet Objectifs : Exercices : 🧩 Module 3 – Les types d’articles journalistiques Objectifs : Exercice : 🧩 M,Archive source depuis WordPress.,2026-263_FOND_CULTURE_Formation-Express-Les-Bases-du-Journalisme_V1.md,02_Fonds/Culture,2025-04-01,https://le-phare.info/formation-express-les-bases-du-journalisme-pour-createur-independant/,formation-express-les-bases-du-journalisme-pour-createur-independant,bases-du-journalisme,,Import auto API WP
2026-264,Contribuez aux carnets de projets & initiatives : pourquoi ce format ?,FOND,TECH,publie,V1,2026-04-08,2026-04-08,Le Phare Info,,,,"🛠️ Des récits de terrain, pas à pas. Dans les coulisses des formations, des ateliers, des expérimentations numériques ou citoyennes, il se passe mille choses qu&rsquo;on ne voit jamais dans les bilans. Le format Carnets de projets & initiatives documente ces",Archive source depuis WordPress.,2026-264_FOND_CULTURE_Contribuez-aux-carnets-de-projets-initiatives-pourquoi-ce-format_V1.md,02_Fonds/Technologie_IA,2025-04-01,https://le-phare.info/contribuez-aux-carnets-de-projets-initiatives-pourquoi-ce-format/,contribuez-aux-carnets-de-projets-initiatives-pourquoi-ce-format,projet,,Import auto API WP
2026-265,Contribuez aux dossiers de fond : pourquoi ce format ?,FOND,TECH,publie,V1,2026-04-08,2026-04-08,Le Phare Info,,,,"📚 Des formats longs pour penser autrement. Certains sujets ne tiennent pas en un article. Ils demandent du temps, des angles multiples, des voix variées. C’est pour cela que nous avons créé les dossiers de fond : des séries thématiques qui explorent un enjeu",Archive source depuis WordPress.,2026-265_FOND_CULTURE_Contribuez-aux-dossiers-de-fond-pourquoi-ce-format_V1.md,02_Fonds/Technologie_IA,2025-04-01,https://le-phare.info/contribuez-aux-dossiers-de-fond-pourquoi-ce-format/,contribuez-aux-dossiers-de-fond-pourquoi-ce-format,dossier-special,,Import auto API WP
2026-266,Contribuez aux analyses approfondies : pourquoi ce format ?,FOND,MONDE,publie,V1,2026-04-08,2026-04-08,Le Phare Info,,,,"🔍 Aller plus loin que les évidences. Face à des débats souvent polarisés ou simplifiés, nous faisons le pari de la complexité. Le format « Analyse approfondie » propose une lecture lente et structurée d’un sujet de fond. Il croise les sources, les disciplines",Archive source depuis WordPress.,2026-266_FOND_CULTURE_Contribuez-aux-analyses-approfondies-pourquoi-ce-format_V1.md,02_Fonds/Culture,2025-04-01,https://le-phare.info/analyse-approfondie-pourquoi-ce-format/,analyse-approfondie-pourquoi-ce-format,analyse-approfondie,,Import auto API WP
2026-267,Politique de confidentialité – Le Phare Info,FOND,TECH,publie,V1,2026-04-08,2026-04-08,Le Phare Info,,,,"Date de mise à jour : [à compléter, ex. 28 mars 2025] 1. Préambule Le respect de votre vie privée est une priorité pour Le Phare Info.La présente politique de confidentialité a pour objectif de vous informer de manière claire et transparente sur la manière don",Archive source depuis WordPress.,2026-267_FOND_CULTURE_Politique-de-confidentialit-Le-Phare-Info_V1.md,02_Fonds/Technologie_IA,2025-03-28,https://le-phare.info/politique-de-confidentialite-le-phare-info/,politique-de-confidentialite-le-phare-info,le-phare-info,,Import auto API WP
2026-268,Mentions légales du site Le Phare Info,FOND,CULTURE,publie,V1,2026-04-08,2026-04-08,Le Phare Info,,,,1. Éditeur du site Le site Le Phare Info est édité par :Nom de l’association ou structure éditrice : GB Média (à adapter si ce n’est pas une association)Statut juridique : Association loi 1901 (ou autre)Adresse du siège social : [Adresse complète]Numéro SIRET,Archive source depuis WordPress.,2026-268_FOND_CULTURE_Mentions-lgales-du-site-Le-Phare-Info_V1.md,02_Fonds/Culture,2025-03-28,https://le-phare.info/mentions-legales-du-site-le-phare-info/,mentions-legales-du-site-le-phare-info,le-phare-info,,Import auto API WP
2026-269,Rejoignez-nous : construisons ensemble un média indépendant et engagé,FOND,TECH,publie,V1,2026-04-08,2026-04-08,Le Phare Info,,,,"Ensemble, faisons rayonner une autre manière d’informer. 🔦 Pourquoi rejoindre Le Phare ? Parce qu’un autre journalisme est possible. Un journalisme sans publicité, sans algorithme, sans compromission. Un média collaboratif, éthique et indépendant, qui place l",Archive source depuis WordPress.,2026-269_FOND_CULTURE_Rejoignez-nous-construisons-ensemble-un-mdia-indpendant-et-engag_V1.md,02_Fonds/Technologie_IA,2025-03-27,https://le-phare.info/rejoignez-nous-construisons-ensemble-un-media-independant-et-engage/,rejoignez-nous-construisons-ensemble-un-media-independant-et-engage,le-phare-info,,Import auto API WP
2026-270,🤖 Qu’est-ce qu’un biais algorithmique ?,FOND,TECH,publie,V1,2026-04-08,2026-04-08,Le Phare Info,,,,"Les biais algorithmiques : un enjeu stratégique à l’ère de l’intelligence artificielle 📌 Contexte À l’heure où les algorithmes prennent une place centrale dans nos vies — des recommandations de Netflix à la justice prédictive, en passant par les recrutements",Archive source depuis WordPress.,2026-270_FOND_CULTURE_Quest-ce-quun-biais-algorithmique_V1.md,02_Fonds/Technologie_IA,2025-03-24,https://le-phare.info/quest-ce-quun-biais-algorithmique/,quest-ce-quun-biais-algorithmique,biais-ia,,Import auto API WP
2026-271,🤖 Les biais de l’intelligence artificielle : failles systémiques ou reflets du monde ?,FOND,TECH,publie,V1,2026-04-08,2026-04-08,Le Phare Info,,,,"Catégorie : Technologie & Intelligence Artificielle | Type : Analyse approfondie 📌 Contexte : quand l’IA reproduit les inégalités humaines L’intelligence artificielle (IA) n’est ni neutre, ni infaillible. Loin de l’image d’une machine purement rationnelle, le",Archive source depuis WordPress.,2026-271_FOND_CULTURE_Les-biais-de-lintelligence-artificielle-failles-systmiques-ou-reflets_V1.md,02_Fonds/Technologie_IA,2025-03-24,https://le-phare.info/les-biais-de-lintelligence-artificielle/,les-biais-de-lintelligence-artificielle,biais-ia,,Import auto API WP
2026-272,Curateurs : retours d’expérience &#038; nouvelles candidatures,FOND,CULTURE,publie,V1,2026-04-08,2026-04-08,Le Phare Info,,,,"Et si vous deveniez à votre tour gardien.ne d’une rubrique ?Un rôle unique, accessible, non-technique — mais essentiel. 🧭 Le rôle de curateur, en bref Depuis la création du Phare, nous avons choisi un modèle original :Certaines rubriques thématiques sont co-g",Archive source depuis WordPress.,2026-272_FOND_CULTURE_Curateurs-retours-dexprience-038-nouvelles-candidatures_V1.md,02_Fonds/Culture,2025-03-22,https://le-phare.info/curateurs-retours-dexperience-nouvelles-candidatures/,curateurs-retours-dexperience-nouvelles-candidatures,le-phare-info,,Import auto API WP
2026-273,Comment mieux rémunérer la qualité sans pub ni algorithme ?,FOND,TECH,publie,V1,2026-04-08,2026-04-08,Le Phare Info,,,,"Peut-on encore faire vivre un média indépendant… sans vendre son âme ?On en parle, avec vous. 🛑 Ce que nous refusons Le Phare s’est construit avec une conviction forte : Ni publicité. Ni contenu sponsorisé. Ni pièges à clics. Ni algorithme manipulé. Nous ne v",Archive source depuis WordPress.,2026-273_FOND_CULTURE_Comment-mieux-rmunrer-la-qualit-sans-pub-ni-algorithme_V1.md,02_Fonds/Technologie_IA,2025-03-22,https://le-phare.info/comment-mieux-remunerer-la-qualite-sans-pub-ni-algorithme/,comment-mieux-remunerer-la-qualite-sans-pub-ni-algorithme,le-phare-info,,Import auto API WP
2026-274,Vos suggestions de sources et de veille,FOND,CULTURE,publie,V1,2026-04-08,2026-04-08,Le Phare Info,,,,"Et si vous deveniez les éclaireurs du Phare ?Parce qu’un média indépendant repose aussi sur une veille collective, rigoureuse et ouverte. 🌍 Une veille plurielle pour penser autrement L’indépendance éditoriale, ce n’est pas l’isolement.C’est au contraire la ca",Archive source depuis WordPress.,2026-274_FOND_CULTURE_Vos-suggestions-de-sources-et-de-veille_V1.md,02_Fonds/Culture,2025-03-22,https://le-phare.info/vos-suggestions-de-sources-et-de-veille/,vos-suggestions-de-sources-et-de-veille,le-phare-info,,Import auto API WP
2026-275,Améliorons ensemble l’expérience de lecture,FOND,CULTURE,publie,V1,2026-04-08,2026-04-08,Le Phare Info,,,,"Votre avis compte. Vraiment.Parce que Le Phare est un média pensé pour durer, pas pour buzzer. 🔧 Pourquoi on vous consulte ? Créer un média indépendant, c’est une chose.Mais le faire vivre, le rendre agréable à lire, utile, et accessible, c’est un chantier pe",Archive source depuis WordPress.,2026-275_FOND_CULTURE_Amliorons-ensemble-lexprience-de-lecture_V1.md,02_Fonds/Culture,2025-03-22,https://le-phare.info/ameliorons-ensemble-lexperience-de-lecture/,ameliorons-ensemble-lexperience-de-lecture,le-phare-info,,Import auto API WP
2026-276,Thématiques à venir : vos priorités ?,FOND,MONDE,publie,V1,2026-04-08,2026-04-08,Le Phare Info,,,,"Quels sujets aimeriez-vous voir explorés en profondeur dans Le Phare ?C’est le moment de nous le dire. 🌱 Un média vivant, c’est un média qui écoute Le Phare est un média indépendant construit sur un principe simple : produire du savoir, pas du contenu jetable",Archive source depuis WordPress.,2026-276_FOND_CULTURE_Thmatiques-venir-vos-priorits_V1.md,02_Fonds/Culture,2025-03-22,https://le-phare.info/thematiques-a-venir-vos-priorites/,thematiques-a-venir-vos-priorites,le-phare-info,,Import auto API WP
2026-277,Quelle place pour les lecteurs dans un média indépendant ?,FOND,TECH,publie,V1,2026-04-08,2026-04-08,Le Phare Info,,,,"Et si vous ne faisiez pas que lire Le Phare… mais que vous en deveniez une partie vivante ? 🌊 Un média, ce n’est pas une machine à publier Le Phare est né d’un constat simple : dans un océan d’informations rapides, saturées, biaisées, il faut des espaces de r",Archive source depuis WordPress.,2026-277_FOND_CULTURE_Quelle-place-pour-les-lecteurs-dans-un-mdia-indpendant_V1.md,02_Fonds/Technologie_IA,2025-03-22,https://le-phare.info/quelle-place-pour-les-lecteurs-dans-un-media-independant/,quelle-place-pour-les-lecteurs-dans-un-media-independant,le-phare-info,,Import auto API WP
2026-278,Devenez Curateur d’une Rubrique Thématique,FOND,MONDE,publie,V1,2026-04-08,2026-04-08,Le Phare Info,,,,"Une offre en 3 volets pour co-construire une rubrique au sein d’un média indépendant, rigoureux et sans publicité. 🔹 1. Création du Dossier Initial 🎯 Objectif : Lancer une rubrique avec un dossier de fond rigoureux et accessible Vous choisissez une thématiqu",Archive source depuis WordPress.,2026-278_FOND_CULTURE_Devenez-Curateur-dune-Rubrique-Thmatique_V1.md,02_Fonds/Culture,2025-03-22,https://le-phare.info/devenez-curateur-dune-rubrique-thematique/,devenez-curateur-dune-rubrique-thematique,le-phare-info,,Import auto API WP
2026-279,🏛️ Télétravail : nouvel équilibre ou piège invisible ?,FOND,POL,publie,V1,2026-04-08,2026-04-08,Le Phare Info,,,,"📍 Contexte : Une révolution silencieuse du travail Depuis la pandémie de Covid-19, le télétravail s’est imposé dans des millions de foyers comme une solution d’urgence devenue norme partielle, voire intégrale, dans de nombreuses organisations. Mais derrière c",Archive source depuis WordPress.,2026-279_FOND_CULTURE_Tltravail-nouvel-quilibre-ou-pige-invisible_V1.md,02_Fonds/Politique_Societe,2025-03-20,https://le-phare.info/teletravail-nouvel-equilibre-ou-piege-invisible-2/,teletravail-nouvel-equilibre-ou-piege-invisible-2,politique-societe,,Import auto API WP
2026-280,🏛️ Fake news : Comment préserver notre démocratie ?,FOND,POL,publie,V1,2026-04-08,2026-04-08,Le Phare Info,,,,"📌 Contexte La prolifération des fake news menace directement nos démocraties en manipulant l’opinion publique, accentuant les divisions sociales et sapant la confiance envers les institutions. 📊 Données et Tendances ⚠️ Décryptage des Biais Les médias traditi",Archive source depuis WordPress.,2026-280_FOND_CULTURE_Fake-news-Comment-prserver-notre-dmocratie_V1.md,02_Fonds/Politique_Societe,2025-03-18,https://le-phare.info/fake-news-comment-preserver-notre-democratie/,fake-news-comment-preserver-notre-democratie,politique-societe,,Import auto API WP
2026-281,📊 Cryptomonnaies : Nouveau Paradis Financier ou Risque Majeur ?,ACTU,ECON,publie,V1,2026-04-08,2026-04-08,Le Phare Info,,,,"📌 Contexte Les cryptomonnaies séduisent par leur promesse de liberté financière et d’innovation technologique. Mais derrière l&rsquo;engouement général, des risques importants se profilent, tant pour les investisseurs individuels que pour le système financier",Archive source depuis WordPress.,2026-281_ACTU_ECON_Cryptomonnaies-Nouveau-Paradis-Financier-ou-Risque-Majeur_V1.md,01_Actualites/Economie_Finance,2025-03-18,https://le-phare.info/cryptomonnaies-nouveau-paradis-financier-ou-risque-majeur/,cryptomonnaies-nouveau-paradis-financier-ou-risque-majeur,economie-finance,,Import auto API WP
2026-282,🌱 Biodiversité : Pourquoi faut-il s’inquiéter dès maintenant ?,FOND,CLIMAT,publie,V1,2026-04-08,2026-04-08,Le Phare Info,,,,"📌 Contexte La biodiversité connaît actuellement une crise sans précédent. Malgré une prise de conscience croissante, l’érosion accélérée des espèces continue, menaçant gravement les écosystèmes et, par extension, notre survie. 📊 Données et Tendances ⚠️ Décry",Archive source depuis WordPress.,2026-282_FOND_CULTURE_Biodiversit-Pourquoi-faut-il-sinquiter-ds-maintenant_V1.md,02_Fonds/Climat_Transition,2025-03-18,https://le-phare.info/biodiversite-pourquoi-faut-il-sinquieter-des-maintenant/,biodiversite-pourquoi-faut-il-sinquieter-des-maintenant,environnement-climat,,Import auto API WP
2026-283,🧠 Santé mentale au travail : une priorité négligée mais géopolitiquement stratégique,FOND,SCIENCE,publie,V1,2026-04-08,2026-04-08,Le Phare Info,,,,"📌 Contexte : un enjeu mondial sous-évalué La santé mentale au travail est longtemps restée un angle mort des politiques publiques comme des stratégies managériales. Pourtant, depuis la pandémie de Covid-19, les alertes se multiplient : explosion des burn-out,",Archive source depuis WordPress.,2026-283_FOND_CULTURE_Sant-mentale-au-travail-une-priorit-nglige-mais-gopolitiquement-stratg_V1.md,02_Fonds/Science_Sante,2025-03-18,https://le-phare.info/sante-mentale-au-travail-une-priorite-negligee/,sante-mentale-au-travail-une-priorite-negligee,science-sante,,Import auto API WP
2026-284,🌱 Transition énergétique : Où en sommes-nous réellement ?,FOND,CLIMAT,publie,V1,2026-04-08,2026-04-08,Le Phare Info,,,,"📌 Contexte La transition énergétique est devenue un enjeu mondial crucial face aux défis climatiques. Pourtant, les progrès réels restent inégaux et les promesses politiques souvent ambitieuses tardent à se concrétiser. 📊 Données et Tendances ⚠️ Décryptage d",Archive source depuis WordPress.,2026-284_FOND_CULTURE_Transition-nergtique-O-en-sommes-nous-rellement_V1.md,02_Fonds/Climat_Transition,2025-03-18,https://le-phare.info/transition-energetique-ou-en-sommes-nous-reellement/,transition-energetique-ou-en-sommes-nous-reellement,environnement-climat,,Import auto API WP
2026-285,🤖 Réseaux sociaux : Comment nous influencent-ils vraiment ?,FOND,TECH,publie,V1,2026-04-08,2026-04-08,Le Phare Info,,,,"📌 Contexte Les réseaux sociaux ont profondément modifié nos modes d’information, nos comportements et même notre vision du monde. Au-delà des interactions quotidiennes, ils jouent désormais un rôle majeur dans les dynamiques sociales et politiques. 📊 Données",Archive source depuis WordPress.,2026-285_FOND_CULTURE_Rseaux-sociaux-Comment-nous-influencent-ils-vraiment_V1.md,02_Fonds/Technologie_IA,2025-03-18,https://le-phare.info/reseaux-sociaux-comment-nous-influencent-ils-vraiment/,reseaux-sociaux-comment-nous-influencent-ils-vraiment,technologie-intelligence-artificielle,,Import auto API WP
2026-286,🧠 L&rsquo;agriculture urbaine : une solution viable pour nourrir les villes ?,FOND,SCIENCE,publie,V1,2026-04-08,2026-04-08,Le Phare Info,,,,"Avec l&rsquo;expansion urbaine croissante, nourrir durablement les grandes villes devient un enjeu écologique majeur. L’agriculture urbaine, souvent présentée comme une solution miracle, peut-elle vraiment répondre à cette problématique de manière réaliste ? �",Archive source depuis WordPress.,2026-286_FOND_CULTURE_Lrsquoagriculture-urbaine-une-solution-viable-pour-nourrir-les-villes_V1.md,02_Fonds/Science_Sante,2025-03-17,https://le-phare.info/lagriculture-urbaine-une-solution-viable-pour-nourrir-les-villes/,lagriculture-urbaine-une-solution-viable-pour-nourrir-les-villes,science-sante,,Import auto API WP
2026-287,🤖Faut-il craindre l&rsquo;automatisation des emplois ?,FOND,TECH,publie,V1,2026-04-08,2026-04-08,Le Phare Info,,,,"L&rsquo;automatisation des emplois est une réalité en pleine expansion qui suscite à la fois enthousiasme et inquiétude. Si certains secteurs y voient une opportunité, d&rsquo;autres redoutent des conséquences dramatiques sur le marché du travail. Analyse appr",Archive source depuis WordPress.,2026-287_FOND_CULTURE_Faut-il-craindre-lrsquoautomatisation-des-emplois_V1.md,02_Fonds/Technologie_IA,2025-03-17,https://le-phare.info/faut-il-craindre-lautomatisation-des-emplois/,faut-il-craindre-lautomatisation-des-emplois,technologie-intelligence-artificielle,,Import auto API WP
2026-288,🏛️ Crise démocratique : les jeunes se détournent-ils vraiment de la politique ?,FOND,POL,publie,V1,2026-04-08,2026-04-08,Le Phare Info,,,,"La jeunesse est souvent décrite comme désengagée, voire dépolitisée. Pourtant, une analyse plus fine montre que les jeunes se mobilisent différemment, exprimant leur engagement de manière nouvelle, souvent hors des cadres traditionnels. Décryptage. 📌 Contexte",Archive source depuis WordPress.,2026-288_FOND_CULTURE_Crise-dmocratique-les-jeunes-se-dtournent-ils-vraiment-de-la-politique_V1.md,02_Fonds/Politique_Societe,2025-03-17,https://le-phare.info/crise-democratique-les-jeunes-se-detournent-ils-vraiment-de-la-politique/,crise-democratique-les-jeunes-se-detournent-ils-vraiment-de-la-politique,politique-societe,,Import auto API WP
2026-289,🌍 Afrique : pourquoi le continent devient-il un terrain d’influence stratégique ?,FOND,POL,publie,V1,2026-04-08,2026-04-08,Le Phare Info,,,,"📌 Contexte : Un continent au cœur des rivalités globales L’Afrique n’est plus seulement perçue comme une « terre d’aide », mais comme un épicentre géostratégique majeur dans les rapports de force mondiaux. Depuis le début du XXIe siècle, la compétition s’inte",Archive source depuis WordPress.,2026-289_FOND_CULTURE_Afrique-pourquoi-le-continent-devient-il-un-terrain-dinfluence-stratgi_V1.md,02_Fonds/Politique_Societe,2025-03-17,https://le-phare.info/afrique-pourquoi-le-continent-devient-il-un-terrain-dinfluence-strategique/,afrique-pourquoi-le-continent-devient-il-un-terrain-dinfluence-strategique,geopolitique-relations-internationales,,Import auto API WP
2026-290,🧠 Vaccins ARN : avancée majeure ou défi sanitaire ?,FOND,SCIENCE,publie,V1,2026-04-08,2026-04-08,Le Phare Info,,,,"La technologie ARN messager, popularisée par la pandémie de COVID-19, continue de diviser l’opinion publique. Entre prouesses scientifiques et inquiétudes sanitaires, quel est réellement le bilan après plusieurs années d’utilisation massive ? 📌 Contexte : l&r",Archive source depuis WordPress.,2026-290_FOND_CULTURE_Vaccins-ARN-avance-majeure-ou-dfi-sanitaire_V1.md,02_Fonds/Science_Sante,2025-03-17,https://le-phare.info/vaccins-arn-avancee-majeure-ou-defi-sanitaire/,vaccins-arn-avancee-majeure-ou-defi-sanitaire,science-sante,,Import auto API WP
2026-291,🌱 Sécheresses à répétition : comment la France peut-elle s’adapter durablement ?,FOND,CLIMAT,publie,V1,2026-04-08,2026-04-08,Le Phare Info,,,,"Analyse stratégique, historique et géopolitique d’une crise climatique annoncée 📌 Contexte : une crise qui s’installe durablement Depuis une dizaine d’années, les sécheresses se multiplient en France. D’abord perçues comme des anomalies passagères, elles sont",Archive source depuis WordPress.,2026-291_FOND_CULTURE_Scheresses-rptition-comment-la-France-peut-elle-sadapter-durablement_V1.md,02_Fonds/Climat_Transition,2025-03-17,https://le-phare.info/secheresses-a-repetition-comment-la-france-peut-elle-sadapter-durablement/,secheresses-a-repetition-comment-la-france-peut-elle-sadapter-durablement,environnement-climat,,Import auto API WP
2026-292,🤖 ChatGPT : l’outil révolutionnaire ou la menace silencieuse ?,FOND,TECH,publie,V1,2026-04-08,2026-04-08,Le Phare Info,,,,"Depuis son lancement fin 2022, ChatGPT fascine autant qu’il inquiète. Véritable phénomène technologique, cet outil d’intelligence artificielle générative transforme de nombreux secteurs. Mais entre progrès et menaces, quel bilan peut-on dresser ? 📌 Contexte :",Archive source depuis WordPress.,2026-292_FOND_CULTURE_ChatGPT-loutil-rvolutionnaire-ou-la-menace-silencieuse_V1.md,02_Fonds/Technologie_IA,2025-03-17,https://le-phare.info/chatgpt-loutil-revolutionnaire-ou-la-menace-silencieuse/,chatgpt-loutil-revolutionnaire-ou-la-menace-silencieuse,technologie-intelligence-artificielle,,Import auto API WP
2026-293,📊 Inflation record en Europe : décryptage d’une crise annoncée,ACTU,ECON,publie,V1,2026-04-08,2026-04-08,Le Phare Info,,,,"L’inflation atteint des niveaux historiques en Europe, impactant directement le pouvoir d’achat des ménages. Au-delà des statistiques, quelles sont les raisons profondes de cette flambée des prix, et quelles réponses concrètes existent pour y faire face ? 📌 C",Archive source depuis WordPress.,2026-293_ACTU_ECON_Inflation-record-en-Europe-dcryptage-dune-crise-annonce_V1.md,01_Actualites/Economie_Finance,2025-03-17,https://le-phare.info/inflation-record-en-europe-decryptage-dune-crise-annoncee/,inflation-record-en-europe-decryptage-dune-crise-annoncee,economie-finance,,Import auto API WP
2026-294,🏛️ La réforme des retraites : quelles conséquences pour les générations futures ?,FOND,POL,publie,V1,2026-04-08,2026-04-08,Le Phare Info,,,,"La réforme des retraites en France continue de susciter des débats passionnés. Derrière les discours politiques immédiats, quels seront réellement les impacts à long terme pour les générations futures ? Analyse approfondie d&rsquo;une question cruciale. 📌 Le",Archive source depuis WordPress.,2026-294_FOND_CULTURE_La-rforme-des-retraites-quelles-consquences-pour-les-gnrations-futures_V1.md,02_Fonds/Politique_Societe,2025-03-17,https://le-phare.info/la-reforme-des-retraites-quelles-consequences-pour-les-generations-futures/,la-reforme-des-retraites-quelles-consequences-pour-les-generations-futures,politique-societe,,Import auto API WP
2026-295,🌍 Guerre en Ukraine : comment le conflit redessine les alliances mondiales,FOND,TECH,publie,V1,2026-04-08,2026-04-08,Le Phare Info,,,,"Depuis l’invasion russe de l’Ukraine en février 2022, les équilibres internationaux connaissent des bouleversements majeurs. Au-delà du conflit lui-même, ce sont les alliances stratégiques et diplomatiques mondiales qui se trouvent profondément modifiées. Expl",Archive source depuis WordPress.,2026-295_FOND_CULTURE_Guerre-en-Ukraine-comment-le-conflit-redessine-les-alliances-mondiales_V1.md,02_Fonds/Technologie_IA,2025-03-17,https://le-phare.info/guerre-en-ukraine-comment-le-conflit-redessine-les-alliances-mondiales/,guerre-en-ukraine-comment-le-conflit-redessine-les-alliances-mondiales,geopolitique-relations-internationales,,Import auto API WP
2026-296,Vers un journalisme hybride : concilier rapidité et qualité,FOND,CULTURE,publie,V1,2026-04-08,2026-04-08,Le Phare Info,,,,"Introduction Le paysage médiatique est aujourd’hui dominé par deux modèles opposés : le Flow Journalism, fondé sur l’instantanéité et le volume, et le Slow Journalism, qui privilégie l’analyse et la réflexion. Pourtant, face aux défis de la désinformation, de",Archive source depuis WordPress.,2026-296_FOND_CULTURE_Vers-un-journalisme-hybride-concilier-rapidit-et-qualit_V1.md,02_Fonds/Culture,2025-03-13,https://le-phare.info/vers-un-journalisme-hybride-concilier-rapidite-et-qualite/,vers-un-journalisme-hybride-concilier-rapidite-et-qualite,slow-journalism,,Import auto API WP
2026-297,L’impact du Flow Journalism sur l’opinion publique et la démocratie,FOND,POL,publie,V1,2026-04-08,2026-04-08,Le Phare Info,,,,"Introduction Le Flow Journalism, basé sur l’instantanéité et le volume d’informations, façonne profondément notre rapport à l’actualité. À mesure que le journalisme de flux s’est imposé comme la norme, il a influencé la manière dont l’opinion publique se const",Archive source depuis WordPress.,2026-297_FOND_CULTURE_Limpact-du-Flow-Journalism-sur-lopinion-publique-et-la-dmocratie_V1.md,02_Fonds/Politique_Societe,2025-03-13,https://le-phare.info/limpact-du-flow-journalism-sur-lopinion-publique-et-la-democratie/,limpact-du-flow-journalism-sur-lopinion-publique-et-la-democratie,slow-journalism,,Import auto API WP
2026-298,Comment le Slow Journalism peut-il survivre à l’ère du numérique ?,FOND,TECH,publie,V1,2026-04-08,2026-04-08,Le Phare Info,,,,"Introduction L’essor du numérique a profondément transformé le paysage médiatique. Le Flow Journalism, basé sur l’instantanéité et le volume, domine aujourd’hui grâce aux plateformes numériques et aux algorithmes. Face à cette dynamique, le Slow Journalism, qu",Archive source depuis WordPress.,2026-298_FOND_CULTURE_Comment-le-Slow-Journalism-peut-il-survivre-lre-du-numrique_V1.md,02_Fonds/Technologie_IA,2025-03-13,https://le-phare.info/comment-le-slow-journalism-peut-il-survivre-a-lere-du-numerique/,comment-le-slow-journalism-peut-il-survivre-a-lere-du-numerique,slow-journalism,,Import auto API WP
2026-299,Slow Journalism vs Flow Journalism : Une bataille de modèles économiques,FOND,MONDE,publie,V1,2026-04-08,2026-04-08,Le Phare Info,,,,"Introduction Le journalisme d’aujourd’hui oscille entre deux tendances opposées : le Slow Journalism, qui privilégie l’analyse et la profondeur, et le Flow Journalism, basé sur l’instantanéité et le volume. Ces deux approches reposent sur des modèles économiqu",Archive source depuis WordPress.,2026-299_FOND_CULTURE_Slow-Journalism-vs-Flow-Journalism-Une-bataille-de-modles-conomiques_V1.md,02_Fonds/Culture,2025-03-13,https://le-phare.info/slow-journalism-vs-flow-journalism-une-bataille-de-modeles-economiques/,slow-journalism-vs-flow-journalism-une-bataille-de-modeles-economiques,slow-journalism,,Import auto API WP
2026-300,Flow Journalism : La tyrannie du flux et de l’instantanéité,FOND,CULTURE,publie,V1,2026-04-08,2026-04-08,Le Phare Info,,,,"Introduction Le Flow Journalism s’est imposé comme le modèle dominant du paysage médiatique contemporain. Il repose sur une production continue d’informations, dictée par l’instantanéité et la réactivité aux événements en temps réel. Si cette approche permet u",Archive source depuis WordPress.,2026-300_FOND_CULTURE_Flow-Journalism-La-tyrannie-du-flux-et-de-linstantanit_V1.md,02_Fonds/Culture,2025-03-13,https://le-phare.info/flow-journalism-la-tyrannie-du-flux-et-de-linstantaneite/,flow-journalism-la-tyrannie-du-flux-et-de-linstantaneite,slow-journalism,,Import auto API WP
2026-301,Les origines du Slow Journalism : Une réponse aux dérives de l’information ?,FOND,CULTURE,publie,V1,2026-04-08,2026-04-08,Le Phare Info,,,,"Introduction Le slow journalism est né en réaction à la saturation médiatique et à l’instantanéité de l’information. Face au flot incessant de nouvelles souvent superficielles et biaisées, cette approche prône une information plus réfléchie, approfondie et con",Archive source depuis WordPress.,2026-301_FOND_CULTURE_Les-origines-du-Slow-Journalism-Une-rponse-aux-drives-de-linformation_V1.md,02_Fonds/Culture,2025-03-12,https://le-phare.info/les-origines-du-slow-journalism-une-reponse-aux-derives-de-linformation/,les-origines-du-slow-journalism-une-reponse-aux-derives-de-linformation,slow-journalism,,Import auto API WP
2026-302,Slow Journalism vs. Flow Journalism : Une Analyse Complète,FOND,CULTURE,publie,V1,2026-04-08,2026-04-08,Le Phare Info,,,,"Introduction Le paysage médiatique contemporain est dominé par deux approches journalistiques contrastées : le slow journalism et le flow journalism. Alors que le premier privilégie la réflexion, l&rsquo;analyse et la durabilité de l&rsquo;information, le seco",Archive source depuis WordPress.,2026-302_FOND_CULTURE_Slow-Journalism-vs-Flow-Journalism-Une-Analyse-Complte_V1.md,02_Fonds/Culture,2025-03-12,https://le-phare.info/slow-journalism-vs-flow-journalism-une-analyse-complete/,slow-journalism-vs-flow-journalism-une-analyse-complete,slow-journalism,,Import auto API WP
2026-303,🌱 Les villes face au réchauffement climatique : repenser l’urbanisme pour survivre,FOND,CLIMAT,publie,V1,2026-04-08,2026-04-08,Le Phare Info,,,,"📌 Contexte Avec l’augmentation des températures et la multiplication des catastrophes climatiques, les villes du monde entier doivent s’adapter. La densité urbaine et l’artificialisation des sols aggravent les effets des vagues de chaleur, des inondations et",Archive source depuis WordPress.,2026-303_FOND_CULTURE_Les-villes-face-au-rchauffement-climatique-repenser-lurbanisme-pour-su_V1.md,02_Fonds/Climat_Transition,2025-03-11,https://le-phare.info/les-villes-face-au-rechauffement-climatique-repenser-lurbanisme-pour-survivre/,les-villes-face-au-rechauffement-climatique-repenser-lurbanisme-pour-survivre,environnement-climat,,Import auto API WP
2026-304,🌱 Le greenwashing des multinationales : comment démasquer les fausses promesses ?,FOND,CLIMAT,publie,V1,2026-04-08,2026-04-08,Le Phare Info,,,,"📌 Contexte Face à l’urgence climatique et à la pression des consommateurs, de nombreuses entreprises mettent en avant des engagements écologiques. Cependant, derrière ces discours verts se cache souvent une réalité bien différente : le greenwashing, ou l’écob",Archive source depuis WordPress.,2026-304_FOND_CULTURE_Le-greenwashing-des-multinationales-comment-dmasquer-les-fausses-prome_V1.md,02_Fonds/Climat_Transition,2025-03-11,https://le-phare.info/le-greenwashing-des-multinationales-comment-demasquer-les-fausses-promesses/,le-greenwashing-des-multinationales-comment-demasquer-les-fausses-promesses,environnement-climat,,Import auto API WP
2026-305,🤖 Surveillance numérique et libertés individuelles : jusqu’où ira la collecte des données ?,FOND,TECH,publie,V1,2026-04-08,2026-04-08,Le Phare Info,,,,"📌 Contexte La surveillance numérique s’intensifie à l’échelle mondiale, alimentée par l’essor de l’intelligence artificielle, la collecte massive de données et l’argument sécuritaire. Entre protection des citoyens et atteinte aux libertés individuelles, la fr",Archive source depuis WordPress.,2026-305_FOND_CULTURE_Surveillance-numrique-et-liberts-individuelles-jusquo-ira-la-collecte_V1.md,02_Fonds/Technologie_IA,2025-03-11,https://le-phare.info/surveillance-numerique-et-libertes-individuelles-jusquou-ira-la-collecte-des-donnees/,surveillance-numerique-et-libertes-individuelles-jusquou-ira-la-collecte-des-donnees,technologie-intelligence-artificielle,,Import auto API WP
2026-306,🤖 L’IA générative et l’avenir du travail : vers une transformation irréversible ?,FOND,TECH,publie,V1,2026-04-08,2026-04-08,Le Phare Info,,,,"📌 Contexte L’essor des intelligences artificielles génératives, comme ChatGPT, DALL·E ou Midjourney, bouleverse profondément le monde du travail. Ces technologies promettent des gains de productivité mais suscitent aussi des inquiétudes quant à l’avenir de no",Archive source depuis WordPress.,2026-306_FOND_CULTURE_LIA-gnrative-et-lavenir-du-travail-vers-une-transformation-irrversible_V1.md,02_Fonds/Technologie_IA,2025-03-11,https://le-phare.info/lia-generative-et-lavenir-du-travail-vers-une-transformation-irreversible/,lia-generative-et-lavenir-du-travail-vers-une-transformation-irreversible,technologie-intelligence-artificielle,,Import auto API WP
2026-307,📊 L&rsquo;inflation et les classes moyennes : quelles adaptations possibles ?,ACTU,ECON,publie,V1,2026-04-08,2026-04-08,Le Phare Info,,,,"📌 Contexte L’inflation mondiale, exacerbée par les crises successives (pandémie, guerre en Ukraine, tensions géopolitiques), impacte directement les classes moyennes. Perte de pouvoir d’achat, hausse des taux d’intérêt et ajustements budgétaires sont au cœur",Archive source depuis WordPress.,2026-307_ACTU_ECON_Lrsquoinflation-et-les-classes-moyennes-quelles-adaptations-possibles_V1.md,01_Actualites/Economie_Finance,2025-03-11,https://le-phare.info/linflation-et-les-classes-moyennes-quelles-adaptations-possibles/,linflation-et-les-classes-moyennes-quelles-adaptations-possibles,economie-finance,,Import auto API WP
2026-308,📊 Les BRICS et la dédollarisation : mythe ou réalité ?,ACTU,ECON,publie,V1,2026-04-08,2026-04-08,Le Phare Info,,,,"📌 Contexte Depuis quelques années, un discours revient avec insistance sur la scène géopolitique mondiale : celui de la dédollarisation du commerce international, porté en grande partie par les pays du groupe des BRICS (Brésil, Russie, Inde, Chine, Afrique du",Archive source depuis WordPress.,2026-308_ACTU_ECON_Les-BRICS-et-la-ddollarisation-mythe-ou-ralit_V1.md,01_Actualites/Economie_Finance,2025-03-11,https://le-phare.info/les-brics-et-la-dedollarisation-mythe-ou-realite/,les-brics-et-la-dedollarisation-mythe-ou-realite,economie-finance,,Import auto API WP
2026-309,🏛️ Le recul démocratique en Europe : signes d’alerte et résistances,FOND,POL,publie,V1,2026-04-08,2026-04-08,Le Phare Info,,,,"📌 Contexte : une Europe sous tension démocratique Depuis une décennie, l’Europe est confrontée à une érosion progressive de ses valeurs démocratiques fondamentales. Loin d’être une simple série d’événements isolés, cette tendance s’inscrit dans un basculement",Archive source depuis WordPress.,2026-309_FOND_CULTURE_Le-recul-dmocratique-en-Europe-signes-dalerte-et-rsistances_V1.md,02_Fonds/Politique_Societe,2025-03-11,https://le-phare.info/le-recul-democratique-en-europe-signes-dalerte-et-resistances/,le-recul-democratique-en-europe-signes-dalerte-et-resistances,politique-societe,,Import auto API WP
2026-310,🏛️ Les nouvelles formes de mobilisation citoyenne : vers un activisme numérique ?,FOND,TECH,publie,V1,2026-04-08,2026-04-08,Le Phare Info,,,,"📌 Contexte L’essor des réseaux sociaux et des plateformes numériques a profondément transformé les modes d’engagement citoyen. Manifestations organisées en ligne, campagnes de sensibilisation virales et cybermilitantisme redéfinissent l’action collective et l",Archive source depuis WordPress.,2026-310_FOND_CULTURE_Les-nouvelles-formes-de-mobilisation-citoyenne-vers-un-activisme-numri_V1.md,02_Fonds/Technologie_IA,2025-03-11,https://le-phare.info/les-nouvelles-formes-de-mobilisation-citoyenne-vers-un-activisme-numerique/,les-nouvelles-formes-de-mobilisation-citoyenne-vers-un-activisme-numerique,politique-societe,,Import auto API WP
2026-311,"🌍 L&rsquo;Afrique face aux nouvelles influences : entre Chine, Russie et Occident",FOND,POL,publie,V1,2026-04-08,2026-04-08,Le Phare Info,,,,"📌 Contexte L&rsquo;Afrique est devenue un terrain de compétition entre plusieurs puissances mondiales. Alors que l&rsquo;Occident tente de maintenir son influence historique, la Chine et la Russie renforcent leur présence sur le continent à travers des invest",Archive source depuis WordPress.,2026-311_FOND_CULTURE_LrsquoAfrique-face-aux-nouvelles-influences-entre-Chine-Russie-et-Occi_V1.md,02_Fonds/Politique_Societe,2025-03-11,https://le-phare.info/lafrique-face-aux-nouvelles-influences-entre-chine-russie-et-occident/,lafrique-face-aux-nouvelles-influences-entre-chine-russie-et-occident,geopolitique-relations-internationales,,Import auto API WP
2026-312,🌍 L’évolution du conflit en Ukraine : analyse des forces en présence et des perspectives,FOND,POL,publie,V1,2026-04-08,2026-04-08,Le Phare Info,,,,"📌 Contexte Le conflit en Ukraine, initié en février 2022 par l’invasion russe, continue de redessiner l’ordre géopolitique mondial. Plus de deux ans après son déclenchement, les dynamiques militaires, diplomatiques et économiques évoluent sans cesse, influenc",Archive source depuis WordPress.,2026-312_FOND_CULTURE_Lvolution-du-conflit-en-Ukraine-analyse-des-forces-en-prsence-et-des-p_V1.md,02_Fonds/Politique_Societe,2025-03-11,https://le-phare.info/levolution-du-conflit-en-ukraine-analyse-des-forces-en-presence-et-des-perspectives/,levolution-du-conflit-en-ukraine-analyse-des-forces-en-presence-et-des-perspectives,geopolitique-relations-internationales,,Import auto API WP
2026-313,🤖 Rencontre avec ChatGPT : les nouveaux défis du numérique,FOND,TECH,publie,V1,2026-04-08,2026-04-08,Le Phare Info,,,,"📅 Contexte Avec la digitalisation croissante de nos sociétés, les cybermenaces n&rsquo;ont jamais été aussi présentes. Attaques par ransomware, vol de données, cyberespionnage… les entreprises et les gouvernements sont en première ligne face à ces risques. Po",Archive source depuis WordPress.,2026-313_FOND_CULTURE_Rencontre-avec-ChatGPT-les-nouveaux-dfis-du-numrique_V1.md,02_Fonds/Technologie_IA,2025-03-10,https://le-phare.info/rencontre-avec-chatgpt-les-nouveaux-defis-du-numerique/,rencontre-avec-chatgpt-les-nouveaux-defis-du-numerique,technologie-intelligence-artificielle,,Import auto API WP
2026-314,Transition énergétique : où en est vraiment la France ?,FOND,CLIMAT,publie,V1,2026-04-08,2026-04-08,Le Phare Info,,,,"📅 Contexte Alors que le monde cherche à réduire sa dépendance aux énergies fossiles, la France ambitionne d&rsquo;être un leader de la transition énergétique. Entre engagements politiques, investissements technologiques et contraintes économiques, où en est r",Archive source depuis WordPress.,2026-314_FOND_CULTURE_Transition-nergtique-o-en-est-vraiment-la-France_V1.md,02_Fonds/Climat_Transition,2025-03-10,https://le-phare.info/transition-energetique-ou-en-est-vraiment-la-france/,transition-energetique-ou-en-est-vraiment-la-france,transition-energetique,,Import auto API WP
2026-315,🤖 L&rsquo;IA et l&rsquo;avenir du travail : opportunité ou menace ?,FOND,TECH,publie,V1,2026-04-08,2026-04-08,Le Phare Info,,,,"📅 Contexte L&rsquo;intelligence artificielle (IA) transforme le monde du travail à un rythme sans précédent. De l&rsquo;automatisation des tâches répétitives à l&rsquo;assistance dans la prise de décision, l&rsquo;IA promet une révolution qui soulève autant d",Archive source depuis WordPress.,2026-315_FOND_CULTURE_LrsquoIA-et-lrsquoavenir-du-travail-opportunit-ou-menace_V1.md,02_Fonds/Technologie_IA,2025-03-10,https://le-phare.info/lia-et-lavenir-du-travail-opportunite-ou-menace/,lia-et-lavenir-du-travail-opportunite-ou-menace,analyse-approfondie;technologie-intelligence-artificielle,,Import auto API WP
2026-316,📊 Réforme du Système Bancaire Mondial : Une Nouvelle Ère ?,ACTU,ECON,publie,V1,2026-04-08,2026-04-08,Le Phare Info,,,,"📌 Contexte : La Fin d’un Cycle Économique Les systèmes bancaires mondiaux sont en pleine mutation. Après des années de taux bas, les banques centrales ont drastiquement relevé leurs taux pour lutter contre l’inflation, bouleversant l’écosystème financier. Ent",Archive source depuis WordPress.,2026-316_ACTU_ECON_Rforme-du-Systme-Bancaire-Mondial-Une-Nouvelle-re_V1.md,01_Actualites/Economie_Finance,2025-03-07,https://le-phare.info/reforme-du-systeme-bancaire-mondial-une-nouvelle-ere/,reforme-du-systeme-bancaire-mondial-une-nouvelle-ere,non-classe;economie-finance,,Import auto API WP
2026-317,🏛️ Élections Américaines 2024 : La Montée des Extrêmes ?,FOND,POL,publie,V1,2026-04-08,2026-04-08,Le Phare Info,,,,"📌 Contexte : Une Polarisation Sans Précédent Les élections américaines de 2024 marquent un tournant dans la polarisation politique du pays. Avec une montée en puissance des discours populistes, le paysage électoral est profondément fracturé. Cette dynamique i",Archive source depuis WordPress.,2026-317_FOND_CULTURE_lections-Amricaines-2024-La-Monte-des-Extrmes_V1.md,02_Fonds/Politique_Societe,2025-03-07,https://le-phare.info/elections-americaines-2024-la-montee-des-extremes/,elections-americaines-2024-la-montee-des-extremes,non-classe;politique-societe,,Import auto API WP
2026-318,🌍 Tensions en Mer de Chine : Vers une Confrontation Ouverte ?,FOND,POL,publie,V1,2026-04-08,2026-04-08,Le Phare Info,,,,"📌 Contexte : Un Épicentre des Rivalités Géopolitiques La Mer de Chine méridionale est depuis plusieurs années une zone de tensions croissantes. Réclamée en grande partie par Pékin, elle est au cœur d’un affrontement stratégique entre la Chine et les États-Uni",Archive source depuis WordPress.,2026-318_FOND_CULTURE_Tensions-en-Mer-de-Chine-Vers-une-Confrontation-Ouverte_V1.md,02_Fonds/Politique_Societe,2025-03-07,https://le-phare.info/tensions-en-mer-de-chine-vers-une-confrontation-ouverte/,tensions-en-mer-de-chine-vers-une-confrontation-ouverte,geopolitique-relations-internationales,,Import auto API WP
2026-319,🌍 Ukraine-Russie : les nouvelles dynamiques du conflit,FOND,POL,publie,V1,2026-04-08,2026-04-08,Le Phare Info,,,,"I. Cadre historique : un conflit enraciné dans le passé Les tensions entre l&rsquo;Ukraine et la Russie ne datent pas de 2022. Depuis l&rsquo;indépendance de l&rsquo;Ukraine en 1991, les relations entre les deux pays ont été marquées par des différends politiq",Archive source depuis WordPress.,2026-319_FOND_CULTURE_Ukraine-Russie-les-nouvelles-dynamiques-du-conflit_V1.md,02_Fonds/Politique_Societe,2025-03-07,https://le-phare.info/ukraine-russie-les-nouvelles-dynamiques-du-conflit/,ukraine-russie-les-nouvelles-dynamiques-du-conflit,geopolitique-relations-internationales,,Import auto API WP
2026-320,🏛️ France : Réforme du RSA et Nouvelles Politiques Sociales,FOND,TECH,publie,V1,2026-04-08,2026-04-08,Le Phare Info,,,,"📌 Contexte : Une Transformation des Aides Sociales en Profondeur Le gouvernement français a engagé une réforme du Revenu de Solidarité Active (RSA), avec pour objectif officiel de favoriser le retour à l’emploi et de lutter contre la précarité. Cette réforme",Archive source depuis WordPress.,2026-320_FOND_CULTURE_France-Rforme-du-RSA-et-Nouvelles-Politiques-Sociales_V1.md,02_Fonds/Technologie_IA,2025-03-07,https://le-phare.info/france-reforme-du-rsa-et-nouvelles-politiques-sociales/,france-reforme-du-rsa-et-nouvelles-politiques-sociales,politique-societe,,Import auto API WP
2026-321,Get Inside a Fashion Blogger&rsquo;s Fancy Lifestyle and Be Amazed,FOND,CULTURE,publie,V1,2026-04-08,2026-04-08,Le Phare Info,,,,"People live better in big houses and in big clothes. I try to contrast; life today is full of contrast. We have to change! I am not interested in the past, except as the road to the future. Give me time and I&rsquo;ll give you a revolution. I think the idea of",Archive source depuis WordPress.,2026-321_FOND_CULTURE_Get-Inside-a-Fashion-Bloggerrsquos-Fancy-Lifestyle-and-Be-Amazed_V1.md,02_Fonds/Culture,2025-03-07,https://le-phare.info/get-inside-a-fashion-bloggers-fancy-lifestyle-and-be-amazed/,get-inside-a-fashion-bloggers-fancy-lifestyle-and-be-amazed,non-classe,,Import auto API WP
2026-322,"What Makeup to Wear Daily, No Matter What You&rsquo;ve Got Planned",FOND,CULTURE,publie,V1,2026-04-08,2026-04-08,Le Phare Info,,,,"People live better in big houses and in big clothes. I try to contrast; life today is full of contrast. We have to change! I am not interested in the past, except as the road to the future. Give me time and I&rsquo;ll give you a revolution. I think the idea of",Archive source depuis WordPress.,2026-322_FOND_CULTURE_What-Makeup-to-Wear-Daily-No-Matter-What-Yoursquove-Got-Planned_V1.md,02_Fonds/Culture,2025-03-07,https://le-phare.info/what-makeup-to-wear-daily-no-matter-what-youve-got-planned/,what-makeup-to-wear-daily-no-matter-what-youve-got-planned,non-classe,,Import auto API WP
2026-323,Style Spy: Fashion Model Goes Casual in Distinct and Original Way,FOND,CULTURE,publie,V1,2026-04-08,2026-04-08,Le Phare Info,,,,"People live better in big houses and in big clothes. I try to contrast; life today is full of contrast. We have to change! I am not interested in the past, except as the road to the future. Give me time and I&rsquo;ll give you a revolution. I think the idea of",Archive source depuis WordPress.,2026-323_FOND_CULTURE_Style-Spy-Fashion-Model-Goes-Casual-in-Distinct-and-Original-Way_V1.md,02_Fonds/Culture,2025-03-07,https://le-phare.info/style-spy-fashion-model-goes-casual-in-distinct-and-original-way/,style-spy-fashion-model-goes-casual-in-distinct-and-original-way,non-classe,,Import auto API WP
2026-324,Expert Advice: The Best Cheap Retro Chic Fashion for this Fall,FOND,CULTURE,publie,V1,2026-04-08,2026-04-08,Le Phare Info,,,,"People live better in big houses and in big clothes. I try to contrast; life today is full of contrast. We have to change! I am not interested in the past, except as the road to the future. Give me time and I&rsquo;ll give you a revolution. I think the idea of",Archive source depuis WordPress.,2026-324_FOND_CULTURE_Expert-Advice-The-Best-Cheap-Retro-Chic-Fashion-for-this-Fall_V1.md,02_Fonds/Culture,2025-03-07,https://le-phare.info/expert-advice-the-best-cheap-retro-chic-fashion-for-this-fall/,expert-advice-the-best-cheap-retro-chic-fashion-for-this-fall,non-classe,,Import auto API WP
2026-325,Instagram Hair Ideas to Try: Inspirational Influencers to Follow,FOND,MONDE,publie,V1,2026-04-08,2026-04-08,Le Phare Info,,,,"People live better in big houses and in big clothes. I try to contrast; life today is full of contrast. We have to change! I am not interested in the past, except as the road to the future. Give me time and I&rsquo;ll give you a revolution. I think the idea of",Archive source depuis WordPress.,2026-325_FOND_CULTURE_Instagram-Hair-Ideas-to-Try-Inspirational-Influencers-to-Follow_V1.md,02_Fonds/Culture,2025-03-07,https://le-phare.info/instagram-hair-ideas-to-try-inspirational-influencers-to-follow/,instagram-hair-ideas-to-try-inspirational-influencers-to-follow,non-classe,,Import auto API WP
2026-326,🧠 Désinformation et santé publique : que révèle le cas du Dry January ?,FOND,SCIENCE,publie,V1,2026-04-08,2026-04-08,Le Phare Info,,,,"📌 Contexte : quand sobriété rime avec controverse Chaque mois de janvier, le Dry January, ou « janvier sans alcool », invite des millions de personnes à faire une pause dans leur consommation d’alcool. Lancée au Royaume-Uni en 2013, cette initiative de santé",Archive source depuis WordPress.,2026-326_FOND_CULTURE_Dsinformation-et-sant-publique-que-rvle-le-cas-du-Dry-January_V1.md,02_Fonds/Science_Sante,2025-03-07,https://le-phare.info/desinformation-et-enjeux-de-sante-publique-le-cas-du-dryjanuary/,desinformation-et-enjeux-de-sante-publique-le-cas-du-dryjanuary,science-sante,,Import auto API WP
2026-327,🧠 Médecine Personnalisée : La Révolution de la Génomique,FOND,SCIENCE,publie,V1,2026-04-08,2026-04-08,Le Phare Info,,,,"📌 Contexte : Une Approche Révolutionnaire de la Santé La médecine personnalisée, basée sur la génomique, transforme le diagnostic et le traitement des maladies. En analysant le patrimoine génétique d’un individu, il devient possible de proposer des thérapies",Archive source depuis WordPress.,2026-327_FOND_CULTURE_Mdecine-Personnalise-La-Rvolution-de-la-Gnomique_V1.md,02_Fonds/Science_Sante,2025-03-07,https://le-phare.info/medecine-personnalisee-la-revolution-de-la-genomique/,medecine-personnalisee-la-revolution-de-la-genomique,non-classe;science-sante,,Import auto API WP
2026-328,🤖 Vers un encadrement strict de l’IA en Europe : réguler pour ne pas subir,FOND,TECH,publie,V1,2026-04-08,2026-04-08,Le Phare Info,,,,"📌 Contexte : un tournant décisif pour l’IA en Europe L’Union européenne s’apprête à franchir un cap historique avec l’adoption prochaine de l’IA Act, un cadre réglementaire destiné à encadrer le développement et l’usage de l’intelligence artificielle. Ce text",Archive source depuis WordPress.,2026-328_FOND_CULTURE_Vers-un-encadrement-strict-de-lIA-en-Europe-rguler-pour-ne-pas-subir_V1.md,02_Fonds/Technologie_IA,2025-03-07,https://le-phare.info/vers-un-encadrement-strict-de-lia-en-europe/,vers-un-encadrement-strict-de-lia-en-europe,technologie-intelligence-artificielle,,Import auto API WP
2026-329,🌱 Rapport du GIEC 2025 : Alertes et Solutions Possibles,FOND,TECH,publie,V1,2026-04-08,2026-04-08,Le Phare Info,,,,"📌 Contexte : Une Nouvelle Évaluation Climatique Cruciale Le Groupe d’experts intergouvernemental sur l’évolution du climat (GIEC) publiera son rapport en 2025, une synthèse majeure des connaissances scientifiques sur le changement climatique. Alors que les de",Archive source depuis WordPress.,2026-329_FOND_CULTURE_Rapport-du-GIEC-2025-Alertes-et-Solutions-Possibles_V1.md,02_Fonds/Technologie_IA,2025-03-07,https://le-phare.info/reforme-du-systeme-bancaire-mondial-une-nouvelle-ere-2/,reforme-du-systeme-bancaire-mondial-une-nouvelle-ere-2,non-classe;environnement-climat,,Import auto API WP
2026-330,🌱 La crise de l’eau : un enjeu mondial sous-estimé,FOND,TECH,publie,V1,2026-04-08,2026-04-08,Le Phare Info,,,,"📌 Contexte : Une urgence invisible L’eau douce est une ressource vitale, mais paradoxalement traitée comme infinie. Alors que plus de 2 milliards de personnes vivent déjà dans des régions touchées par un stress hydrique sévère, les alertes se multiplient sans",Archive source depuis WordPress.,2026-330_FOND_CULTURE_La-crise-de-leau-un-enjeu-mondial-sous-estim_V1.md,02_Fonds/Technologie_IA,2025-03-07,https://le-phare.info/la-crise-de-leau-un-enjeu-mondial-sous-estime/,la-crise-de-leau-un-enjeu-mondial-sous-estime,environnement-climat,,Import auto API WP
2026-331,🤖 L&rsquo;Intelligence Artificielle et l&rsquo;Emploi : Opportunité ou Menace ?,FOND,TECH,publie,V1,2026-04-08,2026-04-08,Le Phare Info,,,,"📌 Contexte : Une Révolution du Travail En Marche L&rsquo;intelligence artificielle (IA) redéfinit profondément le marché du travail. Tandis que certaines études alertent sur une disparition massive d&#8217;emplois, d&rsquo;autres estiment que l&rsquo;IA pourr",Archive source depuis WordPress.,2026-331_FOND_CULTURE_LrsquoIntelligence-Artificielle-et-lrsquoEmploi-Opportunit-ou-Menace_V1.md,02_Fonds/Technologie_IA,2025-03-07,https://le-phare.info/34/,34,technologie-intelligence-artificielle,,Import auto API WP
2026-332,🤖 L&rsquo;Intelligence Artificielle et l&rsquo;Emploi : Vers une Vague de Licenciements ou une Transformation du Marché du Travail ?,FOND,TECH,publie,V1,2026-04-08,2026-04-08,Le Phare Info,,,,"Contexte L&rsquo;intelligence artificielle (IA) est en train de remodeler le paysage professionnel mondial. Tandis que certaines études alertent sur une disparition massive d&#8217;emplois, d&rsquo;autres estiment que l&rsquo;IA pourrait être un moteur de créa",Archive source depuis WordPress.,2026-332_FOND_CULTURE_LrsquoIntelligence-Artificielle-et-lrsquoEmploi-Vers-une-Vague-de-Lice_V1.md,02_Fonds/Technologie_IA,2025-03-07,https://le-phare.info/lintelligence-artificielle-et-lemploi-vers-une-vague-de-licenciements-ou-une-transformation-du-marche-du-travail/,lintelligence-artificielle-et-lemploi-vers-une-vague-de-licenciements-ou-une-transformation-du-marche-du-travail,non-classe;technologie-intelligence-artificielle,,Import auto API WP
2026-333,Législation et protection des consommateurs : un démarchage téléphonique enfin encadré ?,FOND,MONDE,publie,V1,2026-04-08,2026-04-08,Le Phare Info,,,,"Introduction Le démarchage téléphonique est une source de nuisance majeure pour les consommateurs français. Malgré plusieurs régulations, les sollicitations abusives persistent, alimentant un climat de méfiance et d’exaspération. En 2025, une nouvelle loi vise",Archive source depuis WordPress.,2026-333_FOND_CULTURE_Lgislation-et-protection-des-consommateurs-un-dmarchage-tlphonique-enf_V1.md,02_Fonds/Culture,2025-03-06,https://le-phare.info/legislation-et-protection-des-consommateurs-un-demarchage-telephonique-enfin-encadre/,legislation-et-protection-des-consommateurs-un-demarchage-telephonique-enfin-encadre,non-classe,,Import auto API WP
2026-334,L’intelligence artificielle et manipulation économique : qui contrôle l’information ?,FOND,MONDE,publie,V1,2026-04-08,2026-04-08,Le Phare Info,,,,"Introduction L’essor de l’intelligence artificielle (IA) a bouleversé la production et la diffusion de l’information. Si ces technologies offrent des opportunités considérables, elles sont également utilisées comme des outils puissants de manipulation par cert",Archive source depuis WordPress.,2026-334_FOND_CULTURE_Lintelligence-artificielle-et-manipulation-conomique-qui-contrle-linfo_V1.md,02_Fonds/Culture,2025-03-06,https://le-phare.info/bonjour-tout-le-monde/,bonjour-tout-le-monde,non-classe,,Import auto API WP
2026-335,Construire son programme personnel d’équilibre : une méthode pour durer dans l’érudition,SENTIER,CULTURE,publie,V1,2026-04-08,2026-04-08,Le Phare Info,Etape 09 Equilibre corps esprit,,,"📌 Contexte L’érudition n’est pas une performance ponctuelle, mais un chemin de vie.👉 Lire, réfléchir, écrire, transmettre demandent une énergie continue.👉 Or, cette énergie dépend directement de l’équilibre global du corps et de l’esprit. Un programme perso",Archive source depuis wiki du Phare.,2026-335_SENTIER_CULTURE_Construire-son-programme-personnel-dquilibre-une-mthode-pour-durer-dan_V1.md,05_Sentier/Etape_09_Equilibre_corps_esprit,2026-03-11,https://le-phare.info/wiki-du-phare/construire-son-programme-personnel-dequilibre-une-methode-pour-durer-dans-lerudition/,construire-son-programme-personnel-dequilibre-une-methode-pour-durer-dans-lerudition,sentier-du-savoir;wiki-du-phare,,Import auto API WP epkb
2026-336,Corps-esprit et philosophies du bien-vivre : traditions pour une érudition équilibrée,SENTIER,CULTURE,publie,V1,2026-04-08,2026-04-08,Le Phare Info,Etape 09 Equilibre corps esprit,,,"📌 Contexte L’érudition demande une grande énergie mentale. Mais sans équilibre intérieur, sans une relation saine entre le corps et l’esprit, le savoir peut devenir source de fatigue, voire de déséquilibre. 👉 Depuis des millénaires, différentes traditions ph",Archive source depuis wiki du Phare.,2026-336_SENTIER_CULTURE_Corps-esprit-et-philosophies-du-bien-vivre-traditions-pour-une-ruditio_V1.md,05_Sentier/Etape_09_Equilibre_corps_esprit,2026-03-11,https://le-phare.info/wiki-du-phare/corps-esprit-et-philosophies-du-bien-vivre-traditions-pour-une-erudition-equilibree/,corps-esprit-et-philosophies-du-bien-vivre-traditions-pour-une-erudition-equilibree,sentier-du-savoir;wiki-du-phare,,Import auto API WP epkb
2026-337,Art du rythme et discipline personnelle : trouver l’équilibre entre rigueur et souplesse,SENTIER,CULTURE,publie,V1,2026-04-08,2026-04-08,Le Phare Info,Etape 09 Equilibre corps esprit,,,"📌 Contexte La quête d’érudition n’est pas une course de vitesse, mais une aventure au long cours.👉 Sans rythme adapté, on risque l’épuisement ou la dispersion.👉 Sans discipline, l’enthousiasme s’éparpille et le projet s’étiole. L’art véritable consiste à tr",Archive source depuis wiki du Phare.,2026-337_SENTIER_CULTURE_Art-du-rythme-et-discipline-personnelle-trouver-lquilibre-entre-rigueu_V1.md,05_Sentier/Etape_09_Equilibre_corps_esprit,2026-03-11,https://le-phare.info/wiki-du-phare/art-du-rythme-et-discipline-personnelle-trouver-lequilibre-entre-rigueur-et-souplesse/,art-du-rythme-et-discipline-personnelle-trouver-lequilibre-entre-rigueur-et-souplesse,sentier-du-savoir;wiki-du-phare,,Import auto API WP epkb
2026-338,Rituels quotidiens des grands penseurs : quand l’habitude nourrit l’érudition,SENTIER,CULTURE,publie,V1,2026-04-08,2026-04-08,Le Phare Info,Etape 09 Equilibre corps esprit,,,"📌 Contexte L’érudition n’est pas le fruit de moments isolés d’inspiration fulgurante.👉 Elle repose souvent sur des rituels quotidiens, des habitudes simples mais répétées, qui structurent le temps, préservent l’énergie et stimulent la créativité. De Montaign",Archive source depuis wiki du Phare.,2026-338_SENTIER_CULTURE_Rituels-quotidiens-des-grands-penseurs-quand-lhabitude-nourrit-lruditi_V1.md,05_Sentier/Etape_09_Equilibre_corps_esprit,2026-03-11,https://le-phare.info/wiki-du-phare/rituels-quotidiens-des-grands-penseurs-quand-lhabitude-nourrit-lerudition/,rituels-quotidiens-des-grands-penseurs-quand-lhabitude-nourrit-lerudition,sentier-du-savoir;wiki-du-phare,,Import auto API WP epkb
2026-339,Hygiène numérique et attention : préserver la concentration à l’ère des écrans,SENTIER,CULTURE,publie,V1,2026-04-08,2026-04-08,Le Phare Info,Etape 09 Equilibre corps esprit,,,"📌 Contexte Jamais dans l’histoire humaine, notre attention n’a été autant sollicitée.👉 Smartphones, notifications, réseaux sociaux, flux d’actualité : tout est conçu pour capter et fragmenter notre concentration. Pour l’érudit en quête de savoir profond, cet",Archive source depuis wiki du Phare.,2026-339_SENTIER_CULTURE_Hygine-numrique-et-attention-prserver-la-concentration-lre-des-crans_V1.md,05_Sentier/Etape_09_Equilibre_corps_esprit,2026-03-11,https://le-phare.info/wiki-du-phare/hygiene-numerique-et-attention-preserver-la-concentration-a-lere-des-ecrans/,hygiene-numerique-et-attention-preserver-la-concentration-a-lere-des-ecrans,sentier-du-savoir;wiki-du-phare,,Import auto API WP epkb
2026-340,Gestion des émotions et résilience : l’équilibre intérieur au service de l’érudition,SENTIER,CULTURE,publie,V1,2026-04-08,2026-04-08,Le Phare Info,Etape 09 Equilibre corps esprit,,,"📌 Contexte Le chemin de l’érudition n’est pas une promenade tranquille.👉 Lire des textes exigeants, confronter des idées contradictoires, débattre, transmettre… tout cela provoque souvent frustration, doutes, colère ou découragement. Dans ce contexte, appren",Archive source depuis wiki du Phare.,2026-340_SENTIER_CULTURE_Gestion-des-motions-et-rsilience-lquilibre-intrieur-au-service-de-lrud_V1.md,05_Sentier/Etape_09_Equilibre_corps_esprit,2026-03-11,https://le-phare.info/wiki-du-phare/gestion-des-emotions-et-resilience-lequilibre-interieur-au-service-de-lerudition/,gestion-des-emotions-et-resilience-lequilibre-interieur-au-service-de-lerudition,sentier-du-savoir;wiki-du-phare,,Import auto API WP epkb
2026-341,Méditation et pleine conscience : cultiver la clarté intérieure,SENTIER,CULTURE,publie,V1,2026-04-08,2026-04-08,Le Phare Info,Etape 09 Equilibre corps esprit,,,"📌 Contexte La quête de l’érudition ne consiste pas seulement à accumuler des connaissances, mais aussi à développer une qualité de présence. 👉 Lire sans être distrait, écrire sans se disperser, réfléchir sans agitation : autant de compétences que la méditati",Archive source depuis wiki du Phare.,2026-341_SENTIER_CULTURE_Mditation-et-pleine-conscience-cultiver-la-clart-intrieure_V1.md,05_Sentier/Etape_09_Equilibre_corps_esprit,2026-03-11,https://le-phare.info/wiki-du-phare/meditation-et-pleine-conscience-cultiver-la-clarte-interieure/,meditation-et-pleine-conscience-cultiver-la-clarte-interieure,sentier-du-savoir;wiki-du-phare,,Import auto API WP epkb
2026-342,Le mouvement pour l’esprit : pourquoi l’activité physique nourrit l’intellect,SENTIER,CULTURE,publie,V1,2026-04-08,2026-04-08,Le Phare Info,Etape 09 Equilibre corps esprit,,,"📌 Contexte On oppose souvent l’exercice physique et l’activité intellectuelle : le corps pour le sport, l’esprit pour l’étude.👉 En réalité, cette séparation est artificielle.👉 Le mouvement n’est pas seulement bénéfique pour la santé physique, il est aussi u",Archive source depuis wiki du Phare.,2026-342_SENTIER_CULTURE_Le-mouvement-pour-lesprit-pourquoi-lactivit-physique-nourrit-lintellec_V1.md,05_Sentier/Etape_09_Equilibre_corps_esprit,2026-03-11,https://le-phare.info/wiki-du-phare/le-mouvement-pour-lesprit-pourquoi-lactivite-physique-nourrit-lintellect/,le-mouvement-pour-lesprit-pourquoi-lactivite-physique-nourrit-lintellect,sentier-du-savoir;wiki-du-phare,,Import auto API WP epkb
2026-343,Le sommeil comme allié de la mémoire,SENTIER,CULTURE,publie,V1,2026-04-08,2026-04-08,Le Phare Info,Etape 09 Equilibre corps esprit,,,"📌 Contexte Dans un monde où l’on glorifie la productivité et la vitesse, le sommeil est trop souvent vu comme une perte de temps. Pourtant, loin d’être un simple repos passif, il constitue une activité essentielle du cerveau. 👉 C’est pendant le sommeil que l",Archive source depuis wiki du Phare.,2026-343_SENTIER_CULTURE_Le-sommeil-comme-alli-de-la-mmoire_V1.md,05_Sentier/Etape_09_Equilibre_corps_esprit,2026-03-11,https://le-phare.info/wiki-du-phare/le-sommeil-comme-allie-de-la-memoire/,le-sommeil-comme-allie-de-la-memoire,sentier-du-savoir;wiki-du-phare,,Import auto API WP epkb
2026-344,Nutrition et cognition : comment l’alimentation nourrit la pensée,SENTIER,CULTURE,publie,V1,2026-04-08,2026-04-08,Le Phare Info,Etape 09 Equilibre corps esprit,,,"📌 Contexte “Mens sana in corpore sano” : un esprit sain dans un corps sain.Cette formule, souvent répétée, prend une actualité nouvelle dans le cadre de l’érudition. 👉 Car penser, lire, analyser, écrire, tout cela sollicite une énergie immense.👉 Et cette én",Archive source depuis wiki du Phare.,2026-344_SENTIER_CULTURE_Nutrition-et-cognition-comment-lalimentation-nourrit-la-pense_V1.md,05_Sentier/Etape_09_Equilibre_corps_esprit,2026-03-11,https://le-phare.info/wiki-du-phare/nutrition-et-cognition-comment-lalimentation-nourrit-la-pensee/,nutrition-et-cognition-comment-lalimentation-nourrit-la-pensee,sentier-du-savoir;wiki-du-phare,,Import auto API WP epkb
2026-345,Construire une pratique durable de transmission,SENTIER,CULTURE,publie,V1,2026-04-08,2026-04-08,Le Phare Info,Etape 07 Transmission,,,"📌 Contexte Transmettre ne doit pas être un acte ponctuel, mais un chemin continu.👉 Trop souvent, on pense que l’enseignement se limite à un cours, une conférence, un livre.👉 En réalité, la transmission est une pratique de long terme, une manière d’habiter l",Archive source depuis wiki du Phare.,2026-345_SENTIER_CULTURE_Construire-une-pratique-durable-de-transmission_V1.md,05_Sentier/Etape_07_Transmission,2026-03-11,https://le-phare.info/wiki-du-phare/construire-une-pratique-durable-de-transmission/,construire-une-pratique-durable-de-transmission,sentier-du-savoir;wiki-du-phare,,Import auto API WP epkb
2026-346,Transmettre entre cultures et générations,SENTIER,CULTURE,publie,V1,2026-04-08,2026-04-08,Le Phare Info,Etape 07 Transmission,,,📌 Contexte Transmettre le savoir n’est jamais neutre : il s’inscrit dans un contexte culturel et dans un rapport entre générations. 👉 Ce qui est évident dans une société peut être obscur dans une autre.👉 Ce qui motive un adolescent peut sembler insignifiant,Archive source depuis wiki du Phare.,2026-346_SENTIER_CULTURE_Transmettre-entre-cultures-et-gnrations_V1.md,05_Sentier/Etape_07_Transmission,2026-03-11,https://le-phare.info/wiki-du-phare/transmettre-entre-cultures-et-generations/,transmettre-entre-cultures-et-generations,sentier-du-savoir;wiki-du-phare,,Import auto API WP epkb
2026-347,Écrire et transmettre à l’ère numérique,SENTIER,CULTURE,publie,V1,2026-04-08,2026-04-08,Le Phare Info,Etape 07 Transmission,,,"📌 Contexte Le numérique a bouleversé la manière dont nous écrivons, lisons et transmettons le savoir.👉 Blogs, réseaux sociaux, podcasts, vidéos, newsletters, IA génératives : autant de canaux qui coexistent avec les formes classiques de l’écrit (livres, arti",Archive source depuis wiki du Phare.,2026-347_SENTIER_CULTURE_crire-et-transmettre-lre-numrique_V1.md,05_Sentier/Etape_07_Transmission,2026-03-11,https://le-phare.info/wiki-du-phare/ecrire-et-transmettre-a-lere-numerique/,ecrire-et-transmettre-a-lere-numerique,sentier-du-savoir;wiki-du-phare,,Import auto API WP epkb
2026-348,Raconter une histoire pour transmettre,SENTIER,CULTURE,publie,V1,2026-04-08,2026-04-08,Le Phare Info,Etape 07 Transmission,,,"📌 Contexte Depuis la nuit des temps, l’humanité apprend par histoires.👉 Avant l’écriture, les mythes, légendes et récits oraux portaient les savoirs essentiels : valeurs, repères, techniques de survie.👉 Aujourd’hui encore, la narration reste l’un des moyens",Archive source depuis wiki du Phare.,2026-348_SENTIER_CULTURE_Raconter-une-histoire-pour-transmettre_V1.md,05_Sentier/Etape_07_Transmission,2026-03-11,https://le-phare.info/wiki-du-phare/raconter-une-histoire-pour-transmettre/,raconter-une-histoire-pour-transmettre,sentier-du-savoir;wiki-du-phare,,Import auto API WP epkb
2026-349,Apprendre en enseignant,SENTIER,CULTURE,publie,V1,2026-04-08,2026-04-08,Le Phare Info,Etape 07 Transmission,,,"📌 Contexte On croit souvent que l’enseignement est un acte unidirectionnel : celui qui sait transmet à celui qui ignore.👉 Mais la réalité est plus subtile : enseigner est aussi une manière d’apprendre. Cette idée, déjà présente chez les philosophes antiques,",Archive source depuis wiki du Phare.,2026-349_SENTIER_CULTURE_Apprendre-en-enseignant_V1.md,05_Sentier/Etape_07_Transmission,2026-03-11,https://le-phare.info/wiki-du-phare/apprendre-en-enseignant/,apprendre-en-enseignant,sentier-du-savoir;wiki-du-phare,,Import auto API WP epkb
2026-350,Les méthodes pédagogiques essentielles,SENTIER,CULTURE,publie,V1,2026-04-08,2026-04-08,Le Phare Info,Etape 07 Transmission,,,"📌 Contexte Transmettre un savoir ne se résume pas à “expliquer”.👉 Cela suppose de choisir une méthode pédagogique adaptée à l’apprenant, au contexte et au contenu. De l’Antiquité à nos jours, les pédagogues ont proposé différentes approches pour enseigner ef",Archive source depuis wiki du Phare.,2026-350_SENTIER_CULTURE_Les-mthodes-pdagogiques-essentielles_V1.md,05_Sentier/Etape_07_Transmission,2026-03-11,https://le-phare.info/wiki-du-phare/les-methodes-pedagogiques-essentielles/,les-methodes-pedagogiques-essentielles,sentier-du-savoir;wiki-du-phare,,Import auto API WP epkb
2026-351,L’art de la transmission orale,SENTIER,CULTURE,publie,V1,2026-04-08,2026-04-08,Le Phare Info,Etape 07 Transmission,,,"📌 Contexte Avant l’imprimerie et l’ère numérique, le savoir circulait par la parole : maîtres et disciples, conteurs et auditeurs, débats publics, récits collectifs.👉 Aujourd’hui encore, la transmission orale garde une force unique : la voix, la présence, l’",Archive source depuis wiki du Phare.,2026-351_SENTIER_CULTURE_Lart-de-la-transmission-orale_V1.md,05_Sentier/Etape_07_Transmission,2026-03-11,https://le-phare.info/wiki-du-phare/lart-de-la-transmission-orale/,lart-de-la-transmission-orale,sentier-du-savoir;wiki-du-phare,,Import auto API WP epkb
2026-352,La vulgarisation : l’art de simplifier sans trahir,SENTIER,CULTURE,publie,V1,2026-04-08,2026-04-08,Le Phare Info,Etape 07 Transmission,,,"📌 Contexte Dans un monde saturé d’informations techniques, la vulgarisation scientifique et culturelle joue un rôle essentiel.👉 Elle permet au grand public d’accéder aux savoirs les plus complexes.👉 Elle évite que le savoir reste confiné dans des cercles d’",Archive source depuis wiki du Phare.,2026-352_SENTIER_CULTURE_La-vulgarisation-lart-de-simplifier-sans-trahir_V1.md,05_Sentier/Etape_07_Transmission,2026-03-11,https://le-phare.info/wiki-du-phare/la-vulgarisation-lart-de-simplifier-sans-trahir/,la-vulgarisation-lart-de-simplifier-sans-trahir,sentier-du-savoir;wiki-du-phare,,Import auto API WP epkb
2026-353,Les genres de l’écriture savante,SENTIER,CULTURE,publie,V1,2026-04-08,2026-04-08,Le Phare Info,Etape 07 Transmission,,,"📌 Contexte Écrire pour clarifier sa pensée est une première étape. Mais dès que l’on souhaite partager son savoir, il faut choisir le bon genre d’écriture. 👉 La science, la philosophie, l’histoire et les humanités ont chacune forgé des formes particulières d",Archive source depuis wiki du Phare.,2026-353_SENTIER_CULTURE_Les-genres-de-lcriture-savante_V1.md,05_Sentier/Etape_07_Transmission,2026-03-11,https://le-phare.info/wiki-du-phare/les-genres-de-lecriture-savante/,les-genres-de-lecriture-savante,sentier-du-savoir;wiki-du-phare,,Import auto API WP epkb
2026-354,Écrire pour clarifier sa pensée,SENTIER,CULTURE,publie,V1,2026-04-08,2026-04-08,Le Phare Info,Etape 07 Transmission,,,"📌 Contexte “On n’écrit pas parce qu’on sait, on écrit pour savoir.”👉 Cette formule résume la puissance de l’écriture comme outil intellectuel. Souvent perçue comme une simple compétence de communication, l’écriture est en réalité une méthode de pensée.Mettre",Archive source depuis wiki du Phare.,2026-354_SENTIER_CULTURE_crire-pour-clarifier-sa-pense_V1.md,05_Sentier/Etape_07_Transmission,2026-03-11,https://le-phare.info/wiki-du-phare/ecrire-pour-clarifier-sa-pensee/,ecrire-pour-clarifier-sa-pensee,sentier-du-savoir;wiki-du-phare,,Import auto API WP epkb
2026-355,La pratique personnelle de l’expérimentation,SENTIER,CULTURE,publie,V1,2026-04-08,2026-04-08,Le Phare Info,Etape 06 Methode scientifique,,,"📌 Contexte La science n’est pas réservée aux laboratoires ou aux chercheurs professionnels.👉 Depuis toujours, l’expérimentation fait partie de l’expérience humaine : observer, tester, comparer, améliorer. Dans le Sentier du Savoir, pratiquer l’expérimentatio",Archive source depuis wiki du Phare.,2026-355_SENTIER_CULTURE_La-pratique-personnelle-de-lexprimentation_V1.md,05_Sentier/Etape_06_Methode_scientifique,2026-03-11,https://le-phare.info/wiki-du-phare/la-pratique-personnelle-de-lexperimentation/,la-pratique-personnelle-de-lexperimentation,sentier-du-savoir;wiki-du-phare,,Import auto API WP epkb
2026-356,La falsifiabilité selon Popper,SENTIER,CULTURE,publie,V1,2026-04-08,2026-04-08,Le Phare Info,Etape 06 Methode scientifique,,,"📌 Contexte Toutes les affirmations ne se valent pas.👉 Certaines relèvent de la croyance, d’autres de l’idéologie, d’autres encore de la science. Comment tracer la frontière ?Le philosophe Karl Popper (1902-1994) a proposé un critère décisif : la falsifiabili",Archive source depuis wiki du Phare.,2026-356_SENTIER_CULTURE_La-falsifiabilit-selon-Popper_V1.md,05_Sentier/Etape_06_Methode_scientifique,2026-03-11,https://le-phare.info/wiki-du-phare/la-falsifiabilite-selon-popper/,la-falsifiabilite-selon-popper,sentier-du-savoir;wiki-du-phare,,Import auto API WP epkb
2026-357,Science et société,SENTIER,CULTURE,publie,V1,2026-04-08,2026-04-08,Le Phare Info,Etape 06 Methode scientifique,,,"📌 Contexte La science n’existe pas dans un vide : elle est profondément inscrite dans la société.👉 Elle produit des connaissances, mais aussi des outils, des technologies, des décisions qui transforment nos vies.👉 En retour, la société influence les orienta",Archive source depuis wiki du Phare.,2026-357_SENTIER_CULTURE_Science-et-socit_V1.md,05_Sentier/Etape_06_Methode_scientifique,2026-03-11,https://le-phare.info/wiki-du-phare/science-et-societe/,science-et-societe,sentier-du-savoir;wiki-du-phare,,Import auto API WP epkb
2026-358,La science dans l’histoire,SENTIER,CULTURE,publie,V1,2026-04-08,2026-04-08,Le Phare Info,Etape 06 Methode scientifique,,,"📌 Contexte La science n’est pas née d’un seul coup. Elle est le fruit d’une longue histoire, faite de révolutions intellectuelles, de débats philosophiques, d’erreurs corrigées et de visions du monde transformées. 👉 Comprendre cette histoire, c’est comprendr",Archive source depuis wiki du Phare.,2026-358_SENTIER_CULTURE_La-science-dans-lhistoire_V1.md,05_Sentier/Etape_06_Methode_scientifique,2026-03-11,https://le-phare.info/wiki-du-phare/la-science-dans-lhistoire/,la-science-dans-lhistoire,sentier-du-savoir;wiki-du-phare,,Import auto API WP epkb
2026-359,Sciences expérimentales vs. sciences humaines,SENTIER,CULTURE,publie,V1,2026-04-08,2026-04-08,Le Phare Info,Etape 06 Methode scientifique,,,"📌 Contexte La science n’est pas monolithique : elle regroupe des approches, des objets et des méthodes très différents.👉 On distingue souvent les sciences expérimentales (physique, chimie, biologie) et les sciences humaines et sociales (sociologie, histoire,",Archive source depuis wiki du Phare.,2026-359_SENTIER_CULTURE_Sciences-exprimentales-vs-sciences-humaines_V1.md,05_Sentier/Etape_06_Methode_scientifique,2026-03-11,https://le-phare.info/wiki-du-phare/sciences-experimentales-vs-sciences-humaines/,sciences-experimentales-vs-sciences-humaines,sentier-du-savoir;wiki-du-phare,,Import auto API WP epkb
2026-360,Lire un article scientifique,SENTIER,CULTURE,publie,V1,2026-04-08,2026-04-08,Le Phare Info,Etape 06 Methode scientifique,,,"📌 Contexte Un article scientifique n’est pas une tribune journalistique ni un essai grand public.👉 C’est un document écrit pour les pairs, dans un langage codifié, dense, souvent technique. Savoir le lire est une compétence clé pour l’érudit : 🧠 La structur",Archive source depuis wiki du Phare.,2026-360_SENTIER_CULTURE_Lire-un-article-scientifique_V1.md,05_Sentier/Etape_06_Methode_scientifique,2026-03-11,https://le-phare.info/wiki-du-phare/lire-un-article-scientifique/,lire-un-article-scientifique,sentier-du-savoir;wiki-du-phare,,Import auto API WP epkb
2026-361,Biais cognitifs et illusions de savoir,SENTIER,CULTURE,publie,V1,2026-04-08,2026-04-08,Le Phare Info,Etape 06 Methode scientifique,,,"📌 Contexte Notre cerveau n’est pas une machine neutre : il a évolué pour survivre rapidement, pas pour analyser rationnellement.👉 Résultat : nous sommes tous soumis à des biais cognitifs — des raccourcis de pensée qui faussent nos jugements. Ces biais créent",Archive source depuis wiki du Phare.,2026-361_SENTIER_CULTURE_Biais-cognitifs-et-illusions-de-savoir_V1.md,05_Sentier/Etape_06_Methode_scientifique,2026-03-11,https://le-phare.info/wiki-du-phare/biais-cognitifs-et-illusions-de-savoir/,biais-cognitifs-et-illusions-de-savoir,sentier-du-savoir;wiki-du-phare,,Import auto API WP epkb
2026-362,"Statistiques, corrélations et causalité",SENTIER,CULTURE,publie,V1,2026-04-08,2026-04-08,Le Phare Info,Etape 06 Methode scientifique,,,"📌 Contexte Dans un monde saturé de chiffres, les statistiques semblent offrir une autorité incontestable.👉 Pourtant, les données peuvent être mal comprises, mal utilisées ou volontairement manipulées. L’une des erreurs les plus répandues est de confondre cor",Archive source depuis wiki du Phare.,2026-362_SENTIER_CULTURE_Statistiques-corrlations-et-causalit_V1.md,05_Sentier/Etape_06_Methode_scientifique,2026-03-11,https://le-phare.info/wiki-du-phare/statistiques-correlations-et-causalite/,statistiques-correlations-et-causalite,sentier-du-savoir;wiki-du-phare,,Import auto API WP epkb
2026-363,Expérimenter : de Galilée à aujourd’hui,SENTIER,CULTURE,publie,V1,2026-04-08,2026-04-08,Le Phare Info,Etape 06 Methode scientifique,,,"📌 Contexte Si la science moderne a un père spirituel, c’est sans doute Galilée.👉 En refusant de se fier uniquement à l’autorité des textes anciens, il a choisi d’observer, mesurer et expérimenter. Depuis, l’expérience est devenue la clé de voûte de la méthod",Archive source depuis wiki du Phare.,2026-363_SENTIER_CULTURE_Exprimenter-de-Galile-aujourdhui_V1.md,05_Sentier/Etape_06_Methode_scientifique,2026-03-11,https://le-phare.info/wiki-du-phare/experimenter-de-galilee-a-aujourdhui/,experimenter-de-galilee-a-aujourdhui,sentier-du-savoir;wiki-du-phare,,Import auto API WP epkb
2026-364,Qu’est-ce que la méthode scientifique ?,SENTIER,CULTURE,publie,V1,2026-04-08,2026-04-08,Le Phare Info,Etape 06 Methode scientifique,,,"📌 Contexte Dans un monde saturé d’informations, la méthode scientifique reste l’un des rares outils qui permettent de distinguer ce qui est vérifiable de ce qui ne l’est pas. 👉 Elle ne prétend pas détenir la Vérité absolue, mais offre un cadre rigoureux pour",Archive source depuis wiki du Phare.,2026-364_SENTIER_CULTURE_Quest-ce-que-la-mthode-scientifique_V1.md,05_Sentier/Etape_06_Methode_scientifique,2026-03-11,https://le-phare.info/wiki-du-phare/quest-ce-que-la-methode-scientifique/,quest-ce-que-la-methode-scientifique,sentier-du-savoir;wiki-du-phare,,Import auto API WP epkb
2026-365,Construire son parcours polyglotte,SENTIER,CULTURE,publie,V1,2026-04-08,2026-04-08,Le Phare Info,Etape 05 Polyglotte,,,"📌 Contexte Apprendre une langue est déjà un défi. En apprendre plusieurs, c’est bâtir un véritable parcours polyglotte : un chemin progressif, réfléchi, qui vise non seulement la communication, mais aussi l’élargissement de l’esprit, la découverte des culture",Archive source depuis wiki du Phare.,2026-365_SENTIER_CULTURE_Construire-son-parcours-polyglotte_V1.md,05_Sentier/Etape_05_Polyglotte,2026-03-11,https://le-phare.info/wiki-du-phare/construire-son-parcours-polyglotte/,construire-son-parcours-polyglotte,sentier-du-savoir;wiki-du-phare,,Import auto API WP epkb
2026-366,Langues et pouvoir : la géopolitique linguistique,SENTIER,CULTURE,publie,V1,2026-04-08,2026-04-08,Le Phare Info,Etape 05 Polyglotte,,,"📌 Contexte Une langue n’est jamais neutre.👉 Elle porte une histoire, des rapports de force, des hiérarchies sociales et politiques. Dans le monde actuel, certaines langues dominent (anglais, mandarin, espagnol, français), d’autres résistent (arabe, russe, hi",Archive source depuis wiki du Phare.,2026-366_SENTIER_CULTURE_Langues-et-pouvoir-la-gopolitique-linguistique_V1.md,05_Sentier/Etape_05_Polyglotte,2026-03-11,https://le-phare.info/wiki-du-phare/langues-et-pouvoir-la-geopolitique-linguistique/,langues-et-pouvoir-la-geopolitique-linguistique,sentier-du-savoir;wiki-du-phare,,Import auto API WP epkb
2026-367,Traduire : un art et une science,SENTIER,CULTURE,publie,V1,2026-04-08,2026-04-08,Le Phare Info,Etape 05 Polyglotte,,,"📌 Contexte Traduire, ce n’est pas seulement transposer des mots d’une langue à une autre.👉 C’est une opération complexe, qui engage à la fois la précision technique (science) et la sensibilité esthétique et culturelle (art). Un bon traducteur doit être fidèl",Archive source depuis wiki du Phare.,2026-367_SENTIER_CULTURE_Traduire-un-art-et-une-science_V1.md,05_Sentier/Etape_05_Polyglotte,2026-03-11,https://le-phare.info/wiki-du-phare/traduire-un-art-et-une-science/,traduire-un-art-et-une-science,sentier-du-savoir;wiki-du-phare,,Import auto API WP epkb
2026-368,Langues en danger : pourquoi les préserver ?,SENTIER,CULTURE,publie,V1,2026-04-08,2026-04-08,Le Phare Info,Etape 05 Polyglotte,,,"📌 Contexte Sur environ 7 000 langues parlées dans le monde aujourd’hui, les linguistes estiment que la moitié pourrait disparaître d’ici la fin du siècle.Chaque semaine, une langue s’éteint, emportant avec elle un univers de pensée, des savoirs locaux, des ré",Archive source depuis wiki du Phare.,2026-368_SENTIER_CULTURE_Langues-en-danger-pourquoi-les-prserver_V1.md,05_Sentier/Etape_05_Polyglotte,2026-03-11,https://le-phare.info/wiki-du-phare/langues-en-danger-pourquoi-les-preserver/,langues-en-danger-pourquoi-les-preserver,sentier-du-savoir;wiki-du-phare,,Import auto API WP epkb
2026-369,Polyglottes célèbres et leçons d’érudition,SENTIER,CULTURE,publie,V1,2026-04-08,2026-04-08,Le Phare Info,Etape 05 Polyglotte,,,"📌 Contexte L’histoire regorge de figures fascinantes qui ont maîtrisé plusieurs langues, parfois des dizaines.👉 Leurs parcours ne sont pas seulement des curiosités biographiques : ils révèlent des stratégies d’apprentissage, une discipline intellectuelle et",Archive source depuis wiki du Phare.,2026-369_SENTIER_CULTURE_Polyglottes-clbres-et-leons-drudition_V1.md,05_Sentier/Etape_05_Polyglotte,2026-03-11,https://le-phare.info/wiki-du-phare/polyglottes-celebres-et-lecons-derudition/,polyglottes-celebres-et-lecons-derudition,sentier-du-savoir;wiki-du-phare,,Import auto API WP epkb
2026-370,La mémoire et les langues : techniques de rétention,SENTIER,CULTURE,publie,V1,2026-04-08,2026-04-08,Le Phare Info,Etape 05 Polyglotte,,,"📌 Contexte Apprendre une langue n’est pas difficile en soi : nous le faisons tous naturellement avec notre langue maternelle.👉 Ce qui pose problème à l’adulte apprenant, c’est la rétention dans le temps : comment ne pas oublier ce qu’on a appris ? La mémoire",Archive source depuis wiki du Phare.,2026-370_SENTIER_CULTURE_La-mmoire-et-les-langues-techniques-de-rtention_V1.md,05_Sentier/Etape_05_Polyglotte,2026-03-11,https://le-phare.info/wiki-du-phare/la-memoire-et-les-langues-techniques-de-retention/,la-memoire-et-les-langues-techniques-de-retention,sentier-du-savoir;wiki-du-phare,,Import auto API WP epkb
2026-371,"Apprendre en contexte : immersion, voyages, communautés",SENTIER,CULTURE,publie,V1,2026-04-08,2026-04-08,Le Phare Info,Etape 05 Polyglotte,,,"📌 Contexte Apprendre une langue, ce n’est pas seulement mémoriser du vocabulaire ou réciter des règles de grammaire.👉 C’est avant tout entrer dans un univers vivant : gestes, sons, références culturelles, habitudes sociales. Les neurosciences et la didactiqu",Archive source depuis wiki du Phare.,2026-371_SENTIER_CULTURE_Apprendre-en-contexte-immersion-voyages-communauts_V1.md,05_Sentier/Etape_05_Polyglotte,2026-03-11,https://le-phare.info/wiki-du-phare/apprendre-en-contexte-immersion-voyages-communautes/,apprendre-en-contexte-immersion-voyages-communautes,sentier-du-savoir;wiki-du-phare,,Import auto API WP epkb
2026-372,"Méthodes modernes d’apprentissage des langues : entre science, technologie et immersion",SENTIER,CULTURE,publie,V1,2026-04-08,2026-04-08,Le Phare Info,Etape 05 Polyglotte,,,"📌 Contexte Pendant des siècles, l’apprentissage des langues passait par la grammaire-traduction : mémoriser des règles, réciter des listes de vocabulaire, traduire des textes.Aujourd’hui, les recherches en didactique et les outils numériques ont révolutionné",Archive source depuis wiki du Phare.,2026-372_SENTIER_CULTURE_Mthodes-modernes-dapprentissage-des-langues-entre-science-technologie_V1.md,05_Sentier/Etape_05_Polyglotte,2026-03-11,https://le-phare.info/wiki-du-phare/methodes-modernes-dapprentissage-des-langues-entre-science-technologie-et-immersion/,methodes-modernes-dapprentissage-des-langues-entre-science-technologie-et-immersion,sentier-du-savoir;wiki-du-phare,,Import auto API WP epkb
2026-373,Langue et pensée : comment les mots façonnent nos idées,SENTIER,CULTURE,publie,V1,2026-04-08,2026-04-08,Le Phare Info,Etape 05 Polyglotte,,,"📌 Contexte Parler une langue n’est pas seulement un moyen de communiquer : c’est aussi une façon d’habiter le monde.👉 Chaque langue porte avec elle une vision particulière de la réalité, un ensemble de catégories mentales, une manière de nommer et d’ordonner",Archive source depuis wiki du Phare.,2026-373_SENTIER_CULTURE_Langue-et-pense-comment-les-mots-faonnent-nos-ides_V1.md,05_Sentier/Etape_05_Polyglotte,2026-03-11,https://le-phare.info/wiki-du-phare/langue-et-pensee-comment-les-mots-faconnent-nos-idees/,langue-et-pensee-comment-les-mots-faconnent-nos-idees,sentier-du-savoir;wiki-du-phare,,Import auto API WP epkb
2026-374,Pourquoi apprendre plusieurs langues ?,SENTIER,CULTURE,publie,V1,2026-04-08,2026-04-08,Le Phare Info,Etape 05 Polyglotte,,,"📌 Contexte Pendant longtemps, parler plusieurs langues était un privilège réservé à une élite : diplomates, marchands, savants. Aujourd’hui, grâce aux voyages, aux outils numériques et aux ressources pédagogiques, l’apprentissage des langues est devenu access",Archive source depuis wiki du Phare.,2026-374_SENTIER_CULTURE_Pourquoi-apprendre-plusieurs-langues_V1.md,05_Sentier/Etape_05_Polyglotte,2026-03-11,https://le-phare.info/wiki-du-phare/pourquoi-apprendre-plusieurs-langues/,pourquoi-apprendre-plusieurs-langues,sentier-du-savoir;wiki-du-phare,,Import auto API WP epkb
2026-375,Construire une trajectoire d’expertise vivante : apprendre toute sa vie sans s’enfermer,SENTIER,CULTURE,publie,V1,2026-04-08,2026-04-08,Le Phare Info,Etape 04 Expertise,,,"📌 Contexte Devenir expert ne signifie pas atteindre un sommet figé.Le savoir évolue, les paradigmes changent, les controverses se déplacent. 👉 L’érudit qui progresse sait que son expertise n’est pas un acquis définitif, mais une trajectoire vivante, une lign",Archive source depuis wiki du Phare.,2026-375_SENTIER_CULTURE_Construire-une-trajectoire-dexpertise-vivante-apprendre-toute-sa-vie-s_V1.md,05_Sentier/Etape_04_Expertise,2026-03-11,https://le-phare.info/wiki-du-phare/construire-une-trajectoire-dexpertise-vivante-apprendre-toute-sa-vie-sans-senfermer/,construire-une-trajectoire-dexpertise-vivante-apprendre-toute-sa-vie-sans-senfermer,sentier-du-savoir;wiki-du-phare,,Import auto API WP epkb
2026-376,Relier expertise et culture générale : l’art du va-et-vient intellectuel,SENTIER,CULTURE,publie,V1,2026-04-08,2026-04-08,Le Phare Info,Etape 04 Expertise,,,"📌 Contexte Approfondir un domaine d’expertise est une étape décisive. Mais un danger guette : l’enfermement.À force de creuser, on risque de perdre de vue la richesse des autres savoirs, de se couper du monde commun. 👉 L’érudit ne peut se contenter d’être un",Archive source depuis wiki du Phare.,2026-376_SENTIER_CULTURE_Relier-expertise-et-culture-gnrale-lart-du-va-et-vient-intellectuel_V1.md,05_Sentier/Etape_04_Expertise,2026-03-11,https://le-phare.info/wiki-du-phare/relier-expertise-et-culture-generale-lart-du-va-et-vient-intellectuel/,relier-expertise-et-culture-generale-lart-du-va-et-vient-intellectuel,sentier-du-savoir;wiki-du-phare,,Import auto API WP epkb
2026-377,Pratiquer la recherche personnelle : devenir acteur du savoir,SENTIER,CULTURE,publie,V1,2026-04-08,2026-04-08,Le Phare Info,Etape 04 Expertise,,,"📌 Contexte Approfondir un domaine d’expertise ne se limite pas à lire et écouter.À un moment donné, il faut passer de la réception à la production, oser explorer par soi-même, formuler des hypothèses, chercher des données, tester des idées. 👉 C’est ce saut q",Archive source depuis wiki du Phare.,2026-377_SENTIER_CULTURE_Pratiquer-la-recherche-personnelle-devenir-acteur-du-savoir_V1.md,05_Sentier/Etape_04_Expertise,2026-03-11,https://le-phare.info/wiki-du-phare/pratiquer-la-recherche-personnelle-devenir-acteur-du-savoir/,pratiquer-la-recherche-personnelle-devenir-acteur-du-savoir,sentier-du-savoir;wiki-du-phare,,Import auto API WP epkb
2026-378,Dialoguer avec les experts : apprendre au contact des maîtres,SENTIER,CULTURE,publie,V1,2026-04-08,2026-04-08,Le Phare Info,Etape 04 Expertise,,,"📌 Contexte Une fois qu’on a choisi son domaine d’expertise, étudié ses textes fondateurs et repéré ses controverses, vient une étape décisive : aller à la rencontre de celles et ceux qui incarnent ce savoir vivant. 👉 Les livres et articles sont indispensable",Archive source depuis wiki du Phare.,2026-378_SENTIER_CULTURE_Dialoguer-avec-les-experts-apprendre-au-contact-des-matres_V1.md,05_Sentier/Etape_04_Expertise,2026-03-11,https://le-phare.info/wiki-du-phare/dialoguer-avec-les-experts-apprendre-au-contact-des-maitres/,dialoguer-avec-les-experts-apprendre-au-contact-des-maitres,sentier-du-savoir;wiki-du-phare,,Import auto API WP epkb
2026-379,Repérer les controverses structurantes : comprendre un domaine par ses débats,SENTIER,CULTURE,publie,V1,2026-04-08,2026-04-08,Le Phare Info,Etape 04 Expertise,,,"📌 Contexte Un domaine de savoir n’est pas un bloc homogène.Il est traversé par des controverses : des débats qui opposent écoles, chercheurs ou courants de pensée. 👉 Repérer ces controverses, c’est saisir ce qui fait vivre un champ intellectuel.Un savoir san",Archive source depuis wiki du Phare.,2026-379_SENTIER_CULTURE_Reprer-les-controverses-structurantes-comprendre-un-domaine-par-ses-db_V1.md,05_Sentier/Etape_04_Expertise,2026-03-11,https://le-phare.info/wiki-du-phare/reperer-les-controverses-structurantes-comprendre-un-domaine-par-ses-debats/,reperer-les-controverses-structurantes-comprendre-un-domaine-par-ses-debats,sentier-du-savoir;wiki-du-phare,,Import auto API WP epkb
2026-380,Cartographier un champ de savoir : se repérer dans la complexité,SENTIER,CULTURE,publie,V1,2026-04-08,2026-04-08,Le Phare Info,Etape 04 Expertise,,,"📌 Contexte Lorsqu’on choisit un domaine d’expertise, on découvre vite qu’il n’est pas homogène.Il est fait de sous-disciplines, de courants de pensée, de débats internes, et parfois de conflits féroces. 👉 Pour progresser en profondeur, il ne suffit pas d’acc",Archive source depuis wiki du Phare.,2026-380_SENTIER_CULTURE_Cartographier-un-champ-de-savoir-se-reprer-dans-la-complexit_V1.md,05_Sentier/Etape_04_Expertise,2026-03-11,https://le-phare.info/wiki-du-phare/cartographier-un-champ-de-savoir-se-reperer-dans-la-complexite/,cartographier-un-champ-de-savoir-se-reperer-dans-la-complexite,sentier-du-savoir;wiki-du-phare,,Import auto API WP epkb
2026-381,Lire les textes fondateurs : s’enraciner dans la profondeur d’un savoir,SENTIER,CULTURE,publie,V1,2026-04-08,2026-04-08,Le Phare Info,Etape 04 Expertise,,,"📌 Contexte Dans tout domaine de connaissance, il existe des textes fondateurs : des œuvres qui ont marqué un tournant, ouvert une voie ou posé les bases d’une discipline. Aujourd’hui, la tentation est grande de se contenter de résumés, de vidéos explicatives",Archive source depuis wiki du Phare.,2026-381_SENTIER_CULTURE_Lire-les-textes-fondateurs-senraciner-dans-la-profondeur-dun-savoir_V1.md,05_Sentier/Etape_04_Expertise,2026-03-11,https://le-phare.info/wiki-du-phare/lire-les-textes-fondateurs-senraciner-dans-la-profondeur-dun-savoir/,lire-les-textes-fondateurs-senraciner-dans-la-profondeur-dun-savoir,sentier-du-savoir;wiki-du-phare,,Import auto API WP epkb
2026-382,Les étapes de l’apprentissage approfondi : du novice à l’expert,SENTIER,CULTURE,publie,V1,2026-04-08,2026-04-08,Le Phare Info,Etape 04 Expertise,,,"📌 Contexte Apprendre un domaine en profondeur ne se fait pas en un jour.C’est un processus long, jalonné d’étapes où se mêlent découvertes enthousiasmantes, périodes de doute, et moments de découragement. Comprendre ces étapes permet de mieux orienter son éne",Archive source depuis wiki du Phare.,2026-382_SENTIER_CULTURE_Les-tapes-de-lapprentissage-approfondi-du-novice-lexpert_V1.md,05_Sentier/Etape_04_Expertise,2026-03-11,https://le-phare.info/wiki-du-phare/les-etapes-de-lapprentissage-approfondi-du-novice-a-lexpert/,les-etapes-de-lapprentissage-approfondi-du-novice-a-lexpert,sentier-du-savoir;wiki-du-phare,,Import auto API WP epkb
2026-383,Choisir son domaine d’expertise : trouver son territoire de savoir,SENTIER,CULTURE,publie,V1,2026-04-08,2026-04-08,Le Phare Info,Etape 04 Expertise,,,"📌 Contexte Après avoir construit une culture générale solide, appris à exercer son esprit critique et développé l’art de l’argumentation, l’érudit en devenir doit franchir un cap : approfondir un ou plusieurs domaines d’expertise. Mais comment choisir ? Dans",Archive source depuis wiki du Phare.,2026-383_SENTIER_CULTURE_Choisir-son-domaine-dexpertise-trouver-son-territoire-de-savoir_V1.md,05_Sentier/Etape_04_Expertise,2026-03-11,https://le-phare.info/wiki-du-phare/choisir-son-domaine-dexpertise-trouver-son-territoire-de-savoir/,choisir-son-domaine-dexpertise-trouver-son-territoire-de-savoir,sentier-du-savoir;wiki-du-phare,,Import auto API WP epkb
2026-384,Argumenter en situation complexe,SENTIER,CULTURE,publie,V1,2026-04-08,2026-04-08,Le Phare Info,Etape 03 Argumentation,,,"“C’est au cœur de la tempête que l’on voit la solidité du navire.” – Proverbe marin 📌 Introduction Débattre calmement dans un cadre serein est une chose. Mais la réalité, c’est que les contextes où l’on doit argumenter sont souvent tendus, rapides, polarisés",Archive source depuis wiki du Phare.,2026-384_SENTIER_CULTURE_Argumenter-en-situation-complexe_V1.md,05_Sentier/Etape_03_Argumentation,2026-03-11,https://le-phare.info/wiki-du-phare/argumenter-en-situation-complexe/,argumenter-en-situation-complexe,sentier-du-savoir;wiki-du-phare,,Import auto API WP epkb
2026-385,Argumenter à l’écrit,SENTIER,CULTURE,publie,V1,2026-04-08,2026-04-08,Le Phare Info,Etape 03 Argumentation,,,"“Écrire, c’est penser deux fois.” – Albert Camus 📌 Introduction Si l’oral captive par la présence et la voix, l’écrit possède un autre pouvoir : celui de laisser une trace durable.👉 Argumenter à l’écrit demande plus de rigueur que de spontanéité, car chaque",Archive source depuis wiki du Phare.,2026-385_SENTIER_CULTURE_Argumenter-lcrit_V1.md,05_Sentier/Etape_03_Argumentation,2026-03-11,https://le-phare.info/wiki-du-phare/argumenter-a-lecrit/,argumenter-a-lecrit,sentier-du-savoir;wiki-du-phare,,Import auto API WP epkb
2026-386,Développer sa présence à l’oral,SENTIER,CULTURE,publie,V1,2026-04-08,2026-04-08,Le Phare Info,Etape 03 Argumentation,,,"“La parole est moitié à celui qui parle, moitié à celui qui écoute.” – Montaigne 📌 Introduction On croit souvent que convaincre dépend surtout des arguments. En réalité, une grande part de l’efficacité d’un discours repose sur la manière de le dire. 👉 La pré",Archive source depuis wiki du Phare.,2026-386_SENTIER_CULTURE_Dvelopper-sa-prsence-loral_V1.md,05_Sentier/Etape_03_Argumentation,2026-03-11,https://le-phare.info/wiki-du-phare/developper-sa-presence-a-loral/,developper-sa-presence-a-loral,sentier-du-savoir;wiki-du-phare,,Import auto API WP epkb
2026-387,Convaincre sans manipuler,SENTIER,CULTURE,publie,V1,2026-04-08,2026-04-08,Le Phare Info,Etape 03 Argumentation,,,"“Convaincre, c’est donner à l’autre les moyens de juger par lui-même.” – Inspiré de Montaigne 📌 Introduction Convaincre est au cœur de toute interaction humaine : débats, enseignement, négociation, communication publique. Mais entre convaincre et manipuler, l",Archive source depuis wiki du Phare.,2026-387_SENTIER_CULTURE_Convaincre-sans-manipuler_V1.md,05_Sentier/Etape_03_Argumentation,2026-03-11,https://le-phare.info/wiki-du-phare/convaincre-sans-manipuler/,convaincre-sans-manipuler,sentier-du-savoir;wiki-du-phare,,Import auto API WP epkb
2026-388,L’art de raconter (storytelling critique),SENTIER,CULTURE,publie,V1,2026-04-08,2026-04-08,Le Phare Info,Etape 03 Argumentation,,,"“Les hommes se persuadent mieux par les raisons qu’ils découvrent eux-mêmes que par celles qu’on leur impose.” – Pascal 📌 Introduction On dit souvent que “les faits parlent d’eux-mêmes”. En réalité, les faits n’ont pas de voix : c’est le récit qui leur donne",Archive source depuis wiki du Phare.,2026-388_SENTIER_CULTURE_Lart-de-raconter-storytelling-critique_V1.md,05_Sentier/Etape_03_Argumentation,2026-03-11,https://le-phare.info/wiki-du-phare/lart-de-raconter-storytelling-critique/,lart-de-raconter-storytelling-critique,sentier-du-savoir;wiki-du-phare,,Import auto API WP epkb
2026-389,Structurer un discours efficace,SENTIER,CULTURE,publie,V1,2026-04-08,2026-04-08,Le Phare Info,Etape 03 Argumentation,,,"“Un bon discours doit avoir un début, un milieu et une fin.” – Aristote 📌 Introduction Un discours convaincant n’est pas seulement une question de contenu : c’est aussi une question de structure.Même les idées les plus brillantes se perdent si elles sont mal",Archive source depuis wiki du Phare.,2026-389_SENTIER_CULTURE_Structurer-un-discours-efficace_V1.md,05_Sentier/Etape_03_Argumentation,2026-03-11,https://le-phare.info/wiki-du-phare/structurer-un-discours-efficace/,structurer-un-discours-efficace,sentier-du-savoir;wiki-du-phare,,Import auto API WP epkb
2026-390,Repérer et éviter les sophismes,SENTIER,CULTURE,publie,V1,2026-04-08,2026-04-08,Le Phare Info,Etape 03 Argumentation,,,"“Un sophisme est comme un mirage : il semble vrai, mais disparaît quand on s’en approche.” – Inspiré d’Aristote 📌 Introduction Un argument peut sembler solide, bien tourné, presque convaincant… et pourtant être faux dans sa logique. C’est ce qu’on appelle un",Archive source depuis wiki du Phare.,2026-390_SENTIER_CULTURE_Reprer-et-viter-les-sophismes_V1.md,05_Sentier/Etape_03_Argumentation,2026-03-11,https://le-phare.info/wiki-du-phare/reperer-et-eviter-les-sophismes/,reperer-et-eviter-les-sophismes,sentier-du-savoir;wiki-du-phare,,Import auto API WP epkb
2026-391,Les techniques de persuasion,SENTIER,CULTURE,publie,V1,2026-04-08,2026-04-08,Le Phare Info,Etape 03 Argumentation,,,"“On ne convainc pas seulement par la raison, mais par la manière dont on la présente.” – Aristote 📌 Introduction Convaincre ne repose pas uniquement sur des arguments solides.👉 La façon dont on présente une idée, dont on touche les émotions ou capte l’attent",Archive source depuis wiki du Phare.,2026-391_SENTIER_CULTURE_Les-techniques-de-persuasion_V1.md,05_Sentier/Etape_03_Argumentation,2026-03-11,https://le-phare.info/wiki-du-phare/les-techniques-de-persuasion/,les-techniques-de-persuasion,sentier-du-savoir;wiki-du-phare,,Import auto API WP epkb
2026-392,Construire un argument solide,SENTIER,CULTURE,publie,V1,2026-04-08,2026-04-08,Le Phare Info,Etape 03 Argumentation,,,"“Un argument n’est pas une opinion bien dite, c’est une idée bien fondée.” – Inspiré de Boileau 📌 Introduction Tout le monde a des opinions. Mais toutes les opinions ne se valent pas.👉 Ce qui distingue une simple opinion d’un argument solide, c’est sa struct",Archive source depuis wiki du Phare.,2026-392_SENTIER_CULTURE_Construire-un-argument-solide_V1.md,05_Sentier/Etape_03_Argumentation,2026-03-11,https://le-phare.info/wiki-du-phare/construire-un-argument-solide/,construire-un-argument-solide,sentier-du-savoir;wiki-du-phare,,Import auto API WP epkb
2026-393,Les fondements de la rhétorique,SENTIER,CULTURE,publie,V1,2026-04-08,2026-04-08,Le Phare Info,Etape 03 Argumentation,,,"“La rhétorique est la faculté de discerner, dans chaque cas, ce qui peut être propre à persuader.” – Aristote 📌 Introduction Depuis l’Antiquité, les penseurs ont cherché à comprendre pourquoi certains discours marquent les esprits et d’autres s’effacent aussi",Archive source depuis wiki du Phare.,2026-393_SENTIER_CULTURE_Les-fondements-de-la-rhtorique_V1.md,05_Sentier/Etape_03_Argumentation,2026-03-11,https://le-phare.info/wiki-du-phare/les-fondements-de-la-rhetorique/,les-fondements-de-la-rhetorique,sentier-du-savoir;wiki-du-phare,,Import auto API WP epkb
2026-394,Développer l’art du débat constructif,SENTIER,CULTURE,publie,V1,2026-04-08,2026-04-08,Le Phare Info,Etape 02 Pensee critique,,,"Discuter, ce n’est pas se battre, c’est chercher ensemble.” – Montaigne 📌 Introduction Sur les plateaux télé, dans les dîners de famille, sur les réseaux sociaux, nous sommes sans cesse plongés dans des débats. Pourtant, beaucoup ressemblent plus à des combat",Archive source depuis wiki du Phare.,2026-394_SENTIER_CULTURE_Dvelopper-lart-du-dbat-constructif_V1.md,05_Sentier/Etape_02_Pensee_critique,2026-03-10,https://le-phare.info/wiki-du-phare/developper-lart-du-debat-constructif/,developper-lart-du-debat-constructif,sentier-du-savoir;wiki-du-phare,,Import auto API WP epkb
2026-395,"La pensée critique en action : décryptage de l’actualité, des discours et des pubs",SENTIER,CULTURE,publie,V1,2026-04-08,2026-04-08,Le Phare Info,Etape 02 Pensee critique,,,"“L’art de la persuasion repose moins sur la vérité que sur la manière de la présenter.” – Aristote 📌 Introduction Lire un article de presse, regarder une publicité, écouter un discours politique : autant de situations où nous sommes sollicités par des argumen",Archive source depuis wiki du Phare.,2026-395_SENTIER_CULTURE_La-pense-critique-en-action-dcryptage-de-lactualit-des-discours-et-des_V1.md,05_Sentier/Etape_02_Pensee_critique,2026-03-10,https://le-phare.info/wiki-du-phare/la-pensee-critique-en-action-decryptage-de-lactualite-des-discours-et-des-pubs/,la-pensee-critique-en-action-decryptage-de-lactualite-des-discours-et-des-pubs,sentier-du-savoir;wiki-du-phare,,Import auto API WP epkb
2026-396,"Les limites de la pensée critique : relativisme, complotisme et excès de doute",SENTIER,CULTURE,publie,V1,2026-04-08,2026-04-08,Le Phare Info,Etape 02 Pensee critique,,,"“Le doute est le commencement de la sagesse… mais il n’en est pas la fin.” – George Iles 📌 Introduction La pensée critique est une compétence précieuse : elle nous aide à éviter les manipulations, à juger avec discernement, à distinguer le vrai du faux. Mais",Archive source depuis wiki du Phare.,2026-396_SENTIER_CULTURE_Les-limites-de-la-pense-critique-relativisme-complotisme-et-excs-de-do_V1.md,05_Sentier/Etape_02_Pensee_critique,2026-03-10,https://le-phare.info/wiki-du-phare/les-limites-de-la-pensee-critique-relativisme-complotisme-et-exces-de-doute/,les-limites-de-la-pensee-critique-relativisme-complotisme-et-exces-de-doute,sentier-du-savoir;wiki-du-phare,,Import auto API WP epkb
2026-397,Esprit critique et sciences,SENTIER,CULTURE,publie,V1,2026-04-08,2026-04-08,Le Phare Info,Etape 02 Pensee critique,,,"“La science est une façon de penser, bien plus qu’un ensemble de connaissances.” – Carl Sagan 📌 Introduction La science est souvent perçue comme un réservoir de vérités. Mais en réalité, elle n’est pas une accumulation de certitudes : c’est une méthode critiq",Archive source depuis wiki du Phare.,2026-397_SENTIER_CULTURE_Esprit-critique-et-sciences_V1.md,05_Sentier/Etape_02_Pensee_critique,2026-03-10,https://le-phare.info/wiki-du-phare/esprit-critique-et-sciences/,esprit-critique-et-sciences,sentier-du-savoir;wiki-du-phare,,Import auto API WP epkb
2026-398,Méthodes d’analyse des arguments,SENTIER,CULTURE,publie,V1,2026-04-08,2026-04-08,Le Phare Info,Etape 02 Pensee critique,,,"“Il n’y a pas de vent favorable pour celui qui ne sait pas où il va.” – Sénèque 📌 Introduction Un bon débat ou un article bien construit ne repose pas seulement sur des faits, mais sur des arguments : des raisonnements qui visent à convaincre. Mais comment sa",Archive source depuis wiki du Phare.,2026-398_SENTIER_CULTURE_Mthodes-danalyse-des-arguments_V1.md,05_Sentier/Etape_02_Pensee_critique,2026-03-10,https://le-phare.info/wiki-du-phare/methodes-danalyse-des-arguments/,methodes-danalyse-des-arguments,sentier-du-savoir;wiki-du-phare,,Import auto API WP epkb
2026-399,Lire une source avec discernement,SENTIER,CULTURE,publie,V1,2026-04-08,2026-04-08,Le Phare Info,Etape 02 Pensee critique,,,"“La première vertu d’un citoyen, c’est de savoir distinguer les faits des opinions, et la vérité des mensonges.” – Hannah Arendt 📌 Introduction Chaque jour, nous sommes exposés à des dizaines de sources : journaux, blogs, vidéos, posts sur les réseaux sociaux",Archive source depuis wiki du Phare.,2026-399_SENTIER_CULTURE_Lire-une-source-avec-discernement_V1.md,05_Sentier/Etape_02_Pensee_critique,2026-03-10,https://le-phare.info/wiki-du-phare/lire-une-source-avec-discernement/,lire-une-source-avec-discernement,sentier-du-savoir;wiki-du-phare,,Import auto API WP epkb
2026-400,Les sophismes et manipulations rhétoriques,SENTIER,CULTURE,publie,V1,2026-04-08,2026-04-08,Le Phare Info,Etape 02 Pensee critique,,,"“La rhétorique est l’art de faire passer le faux pour vrai, et le vrai pour faux.” – Platon 📌 Introduction Un débat n’est pas seulement un échange d’idées. C’est aussi un combat d’arguments. Mais tous les arguments ne se valent pas. Beaucoup relèvent de sophi",Archive source depuis wiki du Phare.,2026-400_SENTIER_CULTURE_Les-sophismes-et-manipulations-rhtoriques_V1.md,05_Sentier/Etape_02_Pensee_critique,2026-03-10,https://le-phare.info/wiki-du-phare/les-sophismes-et-manipulations-rhetoriques/,les-sophismes-et-manipulations-rhetoriques,sentier-du-savoir;wiki-du-phare,,Import auto API WP epkb
2026-401,Les biais cognitifs : quand notre cerveau nous trompe,SENTIER,CULTURE,publie,V1,2026-04-08,2026-04-08,Le Phare Info,Etape 02 Pensee critique,,,"“L’homme n’est pas un être de raison, mais un être de passions.” – David Hume 📌 Introduction Nous aimons nous croire rationnels. Mais nos décisions, nos jugements et même nos souvenirs sont traversés par des biais cognitifs : raccourcis mentaux que notre cerv",Archive source depuis wiki du Phare.,2026-401_SENTIER_CULTURE_Les-biais-cognitifs-quand-notre-cerveau-nous-trompe_V1.md,05_Sentier/Etape_02_Pensee_critique,2026-03-10,https://le-phare.info/wiki-du-phare/les-biais-cognitifs-quand-notre-cerveau-nous-trompe/,les-biais-cognitifs-quand-notre-cerveau-nous-trompe,sentier-du-savoir;wiki-du-phare,,Import auto API WP epkb
2026-402,"Faits, opinions, croyances : apprendre à distinguer",SENTIER,CULTURE,publie,V1,2026-04-08,2026-04-08,Le Phare Info,Etape 02 Pensee critique,,,"“Chacun a droit à son opinion, mais personne n’a droit à ses propres faits.” – Daniel Patrick Moynihan 📌 Introduction Dans les débats publics comme dans les discussions quotidiennes, la confusion entre faits, opinions et croyances est fréquente. Elle alimente",Archive source depuis wiki du Phare.,2026-402_SENTIER_CULTURE_Faits-opinions-croyances-apprendre-distinguer_V1.md,05_Sentier/Etape_02_Pensee_critique,2026-03-10,https://le-phare.info/wiki-du-phare/faits-opinions-croyances-apprendre-a-distinguer/,faits-opinions-croyances-apprendre-a-distinguer,sentier-du-savoir;wiki-du-phare,,Import auto API WP epkb
2026-403,Qu’est-ce que la pensée critique ?,SENTIER,CULTURE,publie,V1,2026-04-08,2026-04-08,Le Phare Info,Etape 02 Pensee critique,,,“Sapere aude ! Aie le courage de te servir de ton propre entendement.” – Kant 📌 Introduction On parle beaucoup aujourd’hui de “penser par soi-même”. Mais que signifie réellement avoir un esprit critique ? Est-ce tout remettre en question ? Refuser l’autorité,Archive source depuis wiki du Phare.,2026-403_SENTIER_CULTURE_Quest-ce-que-la-pense-critique_V1.md,05_Sentier/Etape_02_Pensee_critique,2026-03-10,https://le-phare.info/wiki-du-phare/quest-ce-que-la-pensee-critique/,quest-ce-que-la-pensee-critique,sentier-du-savoir;wiki-du-phare,,Import auto API WP epkb
2026-404,"IA & Philosophie : Comment distinguer connaissance, opinion et vérité ?",SENTIER,CULTURE,publie,V1,2026-04-08,2026-04-08,Le Phare Info,Etape 01 Culture generale,,,"Catégorie : Le Sentier du Savoir → Philosophie & Pensée critiqueType : Clé de compréhension 📌 Contexte À l’heure des intelligences artificielles génératives, la frontière entre savoir, opinion et vérité semble plus floue que jamais. Face à cela, la philosophi",Archive source depuis wiki du Phare.,2026-404_SENTIER_CULTURE_IA-Philosophie-Comment-distinguer-connaissance-opinion-et-vrit_V1.md,05_Sentier/Etape_01_Culture_generale,2026-03-10,https://le-phare.info/wiki-du-phare/ia-philosophie-comment-distinguer-connaissance-opinion-et-verite/,ia-philosophie-comment-distinguer-connaissance-opinion-et-verite,sentier-du-savoir;wiki-du-phare,,Import auto API WP epkb
2026-405,Relier les savoirs : l’art de la transversalité,SENTIER,CULTURE,publie,V1,2026-04-08,2026-04-08,Le Phare Info,Etape 01 Culture generale,,,“Il faut enseigner les conditions de la connaissance et les limites de l’esprit humain. Il faut apprendre à naviguer dans un océan d’incertitudes à travers des archipels de certitudes.” – Edgar Morin 📌 Introduction La spécialisation est utile. Mais poussée à,Archive source depuis wiki du Phare.,2026-405_SENTIER_CULTURE_Relier-les-savoirs-lart-de-la-transversalit_V1.md,05_Sentier/Etape_01_Culture_generale,2026-03-10,https://le-phare.info/wiki-du-phare/relier-les-savoirs-lart-de-la-transversalite/,relier-les-savoirs-lart-de-la-transversalite,sentier-du-savoir;wiki-du-phare,,Import auto API WP epkb
2026-406,Arts et littérature : pourquoi ils façonnent la pensée,SENTIER,CULTURE,publie,V1,2026-04-08,2026-04-08,Le Phare Info,Etape 01 Culture generale,,,"La vraie vie, la vie enfin découverte et éclaircie, c’est la littérature.” – Marcel Proust 📌 Introduction L’art et la littérature sont parfois perçus comme des domaines “secondaires”, réservés à l’élite ou au divertissement. Pourtant, ils constituent des pili",Archive source depuis wiki du Phare.,2026-406_SENTIER_CULTURE_Arts-et-littrature-pourquoi-ils-faonnent-la-pense_V1.md,05_Sentier/Etape_01_Culture_generale,2026-03-10,https://le-phare.info/wiki-du-phare/arts-et-litterature-pourquoi-ils-faconnent-la-pensee/,arts-et-litterature-pourquoi-ils-faconnent-la-pensee,sentier-du-savoir;wiki-du-phare,,Import auto API WP epkb
2026-407,Économie pour non-économistes,SENTIER,CULTURE,publie,V1,2026-04-08,2026-04-08,Le Phare Info,Etape 01 Culture generale,,,"“À long terme, nous serons tous morts.” – John Maynard Keynes 📌 Introduction L’économie semble réservée aux experts, aux banquiers et aux commentateurs spécialisés. Pourtant, elle influence chaque aspect de notre vie quotidienne : travail, prix, impôts, retra",Archive source depuis wiki du Phare.,2026-407_SENTIER_CULTURE_conomie-pour-non-conomistes_V1.md,05_Sentier/Etape_01_Culture_generale,2026-03-10,https://le-phare.info/wiki-du-phare/economie-pour-non-economistes/,economie-pour-non-economistes,sentier-du-savoir;wiki-du-phare,,Import auto API WP epkb
2026-408,Religions et visions du monde,SENTIER,CULTURE,publie,V1,2026-04-08,2026-04-08,Le Phare Info,Etape 01 Culture generale,,,"“Toutes les religions sont vraies.” – Gandhi 📌 Introduction La religion est l’un des moteurs les plus puissants de l’histoire humaine. Elle structure les sociétés, inspire les arts, façonne la morale, mais engendre aussi conflits et divisions. Comprendre les",Archive source depuis wiki du Phare.,2026-408_SENTIER_CULTURE_Religions-et-visions-du-monde_V1.md,05_Sentier/Etape_01_Culture_generale,2026-03-10,https://le-phare.info/wiki-du-phare/religions-et-visions-du-monde/,religions-et-visions-du-monde,sentier-du-savoir;wiki-du-phare,,Import auto API WP epkb
2026-409,Les grands courants philosophiques,SENTIER,CULTURE,publie,V1,2026-04-08,2026-04-08,Le Phare Info,Etape 01 Culture generale,,,"“La philosophie ne consiste pas à apprendre la philosophie, mais à apprendre à philosopher.” – Kant 📌 Introduction La philosophie peut intimider. On imagine des bibliothèques poussiéreuses, des concepts abstraits, des débats sans fin. Pourtant, elle est au cœ",Archive source depuis wiki du Phare.,2026-409_SENTIER_CULTURE_Les-grands-courants-philosophiques_V1.md,05_Sentier/Etape_01_Culture_generale,2026-03-10,https://le-phare.info/wiki-du-phare/les-grands-courants-philosophiques/,les-grands-courants-philosophiques,sentier-du-savoir;wiki-du-phare,,Import auto API WP epkb
2026-410,Les révolutions scientifiques majeures,SENTIER,CULTURE,publie,V1,2026-04-08,2026-04-08,Le Phare Info,Etape 01 Culture generale,,,"a science avance non pas en prouvant, mais en réfutant.” – Karl Popper 📌 Introduction L’histoire de la science n’est pas une ligne continue de progrès. Elle est marquée par des révolutions : des moments où une idée nouvelle bouleverse les certitudes établies",Archive source depuis wiki du Phare.,2026-410_SENTIER_CULTURE_Les-rvolutions-scientifiques-majeures_V1.md,05_Sentier/Etape_01_Culture_generale,2026-03-10,https://le-phare.info/wiki-du-phare/les-revolutions-scientifiques-majeures/,les-revolutions-scientifiques-majeures,sentier-du-savoir;wiki-du-phare,,Import auto API WP epkb
2026-411,Les grandes périodes de l’histoire du monde,SENTIER,CULTURE,publie,V1,2026-04-08,2026-04-08,Le Phare Info,Etape 01 Culture generale,,,"“L’ignorance du passé compromet l’avenir.” – Marc Bloch 📌 Introduction La culture générale commence souvent par l’histoire. Non pas l’histoire comme une suite de dates à mémoriser, mais comme une cartographie du temps : comprendre comment les sociétés évoluen",Archive source depuis wiki du Phare.,2026-411_SENTIER_CULTURE_Les-grandes-priodes-de-lhistoire-du-monde_V1.md,05_Sentier/Etape_01_Culture_generale,2026-03-10,https://le-phare.info/wiki-du-phare/les-grandes-periodes-de-lhistoire-du-monde/,les-grandes-periodes-de-lhistoire-du-monde,sentier-du-savoir;wiki-du-phare,,Import auto API WP epkb
2026-412,Qu’est-ce que la culture générale et pourquoi est-elle essentielle ?,SENTIER,CULTURE,publie,V1,2026-04-08,2026-04-08,Le Phare Info,Etape 01 Culture generale,,,"“Mieux vaut une tête bien faite qu’une tête bien pleine.” – Montaigne 📌 Introduction On associe souvent la “culture générale” à un quiz télé, à des concours, ou à un snobisme réservé aux élites. Pourtant, derrière le cliché se cache un enjeu bien plus vaste :",Archive source depuis wiki du Phare.,2026-412_SENTIER_CULTURE_Quest-ce-que-la-culture-gnrale-et-pourquoi-est-elle-essentielle_V1.md,05_Sentier/Etape_01_Culture_generale,2026-02-27,https://le-phare.info/wiki-du-phare/quest-ce-que-la-culture-generale-et-pourquoi-est-elle-essentielle/,quest-ce-que-la-culture-generale-et-pourquoi-est-elle-essentielle,sentier-du-savoir;wiki-du-phare,,Import auto API WP epkb
2026-413,Étape 1 : Construire une culture générale solide,SENTIER,CULTURE,publie,V1,2026-04-08,2026-04-08,Le Phare Info,Etape 01 Culture generale,,,"La culture générale n’est pas une accumulation de dates ou de citations, mais une cartographie vivante qui permet de relier les savoirs, comprendre l’actualité et dialoguer avec le monde. Cette première étape du Sentier du Savoir pose les bases indispensables",Archive source depuis wiki du Phare.,2026-413_SENTIER_CULTURE_tape-1-Construire-une-culture-gnrale-solide_V1.md,05_Sentier/Etape_01_Culture_generale,2026-02-27,https://le-phare.info/wiki-du-phare/etape-1-construire-une-culture-generale-solide/,etape-1-construire-une-culture-generale-solide,sentier-du-savoir;wiki-du-phare,,Import auto API WP epkb
2026-414,Comprendre la Chaîne d'Approvisionnement,SENTIER,CULTURE,publie,V1,2026-04-08,2026-04-08,Le Phare Info,Etape 01 Culture generale,,,Ceci Est Un Extrait D'Article Démo.,Archive source depuis wiki du Phare.,2026-414_SENTIER_CULTURE_Comprendre-la-Chane-dApprovisionnement_V1.md,05_Sentier/Etape_01_Culture_generale,2025-07-21,https://le-phare.info/wiki-du-phare/comprendre-la-chaine-dapprovisionnement/,comprendre-la-chaine-dapprovisionnement,sentier-du-savoir;wiki-du-phare,,Import auto API WP epkb
2026-415,Meilleures Pratiques de Gestion des Stocks,SENTIER,CULTURE,publie,V1,2026-04-08,2026-04-08,Le Phare Info,Etape 01 Culture generale,,,Ceci Est Un Extrait D'Article Démo.,Archive source depuis wiki du Phare.,2026-415_SENTIER_CULTURE_Meilleures-Pratiques-de-Gestion-des-Stocks_V1.md,05_Sentier/Etape_01_Culture_generale,2025-07-21,https://le-phare.info/wiki-du-phare/meilleures-pratiques-de-gestion-des-stocks/,meilleures-pratiques-de-gestion-des-stocks,sentier-du-savoir;wiki-du-phare,,Import auto API WP epkb
2026-416,Utilisation du logiciel CRM,SENTIER,CULTURE,publie,V1,2026-04-08,2026-04-08,Le Phare Info,Etape 01 Culture generale,,,Ceci Est Un Extrait D'Article Démo.,Archive source depuis wiki du Phare.,2026-416_SENTIER_CULTURE_Utilisation-du-logiciel-CRM_V1.md,05_Sentier/Etape_01_Culture_generale,2025-07-21,https://le-phare.info/wiki-du-phare/utilisation-du-logiciel-crm/,utilisation-du-logiciel-crm,sentier-du-savoir;wiki-du-phare,,Import auto API WP epkb
2026-417,Créer Des Campagnes De Marketing Efficaces,SENTIER,CULTURE,publie,V1,2026-04-08,2026-04-08,Le Phare Info,Etape 01 Culture generale,,,Ceci Est Un Extrait D'Article Démo.,Archive source depuis wiki du Phare.,2026-417_SENTIER_CULTURE_Crer-Des-Campagnes-De-Marketing-Efficaces_V1.md,05_Sentier/Etape_01_Culture_generale,2025-07-21,https://le-phare.info/wiki-du-phare/creer-des-campagnes-de-marketing-efficaces/,creer-des-campagnes-de-marketing-efficaces,sentier-du-savoir;wiki-du-phare,,Import auto API WP epkb
2026-418,Introduction à Notre Processus de Vente,SENTIER,CULTURE,publie,V1,2026-04-08,2026-04-08,Le Phare Info,Etape 01 Culture generale,,,Ceci Est Un Extrait D'Article Démo.,Archive source depuis wiki du Phare.,2026-418_SENTIER_CULTURE_Introduction-Notre-Processus-de-Vente_V1.md,05_Sentier/Etape_01_Culture_generale,2025-07-21,https://le-phare.info/wiki-du-phare/introduction-a-notre-processus-de-vente/,introduction-a-notre-processus-de-vente,sentier-du-savoir;wiki-du-phare,,Import auto API WP epkb
2026-419,Inflation en recul en Europe : accalmie durable ou pause fragile ?,DOSSIER,ECON,wp_draft,V2,2026-04-08,2026-04-08,Le Phare Info,Observer,2026-420;2026-421;2026-422,inflation;europe;bce;desinflation,Point d'entree du dossier sur le ralentissement de l'inflation en Europe.,Poser les faits et cadrer les enjeux du dossier.,2026-419_DOSSIER_ECON_Inflation-en-recul-en-Europe-accalmie-ou-pause_V2.md,03_Dossiers/Economie_Finance/Inflation_en_Europe_Dossier,,https://le-phare.info/?p=4075,inflation-en-recul-en-europe-accalmie-durable-ou-pause-fragile-dossier-2,dossier-hebdomadaire;economie-finance,inflation;europe,Dossier inflation 2026 - version renforcee V2 | Brouillon WordPress créé via script
2026-420,"Comprendre l'inflation : mecanismes, causes et effets",DOSSIER,ECON,wp_draft,V2,2026-04-08,2026-04-08,Le Phare Info,Comprendre,2026-419;2026-423;2026-422,inflation;sous-jacente;indice des prix,Article pedagogique pour comprendre les mecanismes de l'inflation.,Donner une base commune de lecture du dossier.,2026-420_DOSSIER_ECON_Comprendre-l-inflation-mecanismes-causes-effets_V2.md,03_Dossiers/Economie_Finance/Inflation_en_Europe_Dossier,,https://le-phare.info/?p=4076,comprendre-inflation-mecanismes-causes-effets,dossier-hebdomadaire;economie-finance,inflation;pedagogie,Dossier inflation 2026 - version renforcee V2 | Brouillon WordPress créé via script
2026-421,Pourquoi l'inflation persiste : les causes structurelles derriere l'accalmie,DOSSIER,ECON,wp_draft,V2,2026-04-08,2026-04-08,Le Phare Info,Relier,2026-419;2026-425;2026-423,inflation structurelle;energie;salaires,Analyse des facteurs structurels qui maintiennent des tensions inflationnistes.,Passer de la lecture conjoncturelle a la lecture structurelle.,2026-421_DOSSIER_ECON_Inflation-persiste-causes-structurelles_V2.md,03_Dossiers/Economie_Finance/Inflation_en_Europe_Dossier,,https://le-phare.info/?p=4077,inflation-persiste-causes-structurelles-accalmie,dossier-hebdomadaire;economie-finance,inflation;structure,Dossier inflation 2026 - version renforcee V2 | Brouillon WordPress créé via script
2026-422,Pourquoi nous avons l'impression que l'inflation continue d'augmenter,DOSSIER,ECON,wp_draft,V2,2026-04-08,2026-04-08,Le Phare Info,Mettre a distance,2026-419;2026-420;2026-426,perception des prix;biais cognitifs,Decryptage de l'ecart entre indicateurs macroeconomiques et experience quotidienne.,"Distinguer donnees, ressentis et narrations.",2026-422_DOSSIER_ECON_Pourquoi-impression-inflation-continue_V2.md,03_Dossiers/Economie_Finance/Inflation_en_Europe_Dossier,,https://le-phare.info/?p=4078,perception-inflation-pourquoi-impression-hausse-prix,dossier-hebdomadaire;economie-finance,biais;perception,Dossier inflation 2026 - version renforcee V2 | Brouillon WordPress créé via script
2026-423,La spirale prix-salaires : mythe ou realite economique ?,DOSSIER,ECON,wp_draft,V2,2026-04-08,2026-04-08,Le Phare Info,Comprendre,2026-420;2026-421;2026-424,spirale prix-salaires;salaires;inflation,Fiche conceptuelle sur la spirale prix-salaires et son role dans le debat.,Clarifier un concept recurrent du debat economique.,2026-423_DOSSIER_ECON_Spirale-prix-salaires-mythe-ou-realite_V2.md,03_Dossiers/Economie_Finance/Inflation_en_Europe_Dossier,,https://le-phare.info/?p=4079,spirale-prix-salaires-mythe-ou-realite,dossier-hebdomadaire;economie-finance,concept;salaires,Dossier inflation 2026 - version renforcee V2 | Brouillon WordPress créé via script
2026-424,Milton Friedman et l'inflation : toujours un phenomene monetaire ?,DOSSIER,ECON,wp_draft,V2,2026-04-08,2026-04-08,Le Phare Info,Relier,2026-421;2026-423;2026-425,Friedman;monetarisme;inflation,Lecture critique de la these monetariste appliquee au contexte actuel.,Relier histoire des idees economiques et debats actuels.,2026-424_DOSSIER_ECON_Milton-Friedman-inflation-phenomene-monetaire_V2.md,03_Dossiers/Economie_Finance/Inflation_en_Europe_Dossier,,https://le-phare.info/?p=4080,milton-friedman-inflation-phenomene-monetaire,dossier-hebdomadaire;textes-fondateurs,friedman;monnaie,Dossier inflation 2026 - version renforcee V2 | Brouillon WordPress créé via script
2026-425,Inflation hier et aujourd'hui : des chocs petroliers aux crises contemporaines,DOSSIER,ECON,wp_draft,V2,2026-04-08,2026-04-08,Le Phare Info,Relier,2026-421;2026-424;2026-423,inflation historique;chocs petroliers,Perspective historique comparant annees 1970 et cycle actuel.,Sortir du presentisme et mieux qualifier le regime actuel.,2026-425_DOSSIER_ECON_Inflation-hier-et-aujourdhui-perspective-historique_V2.md,03_Dossiers/Economie_Finance/Inflation_en_Europe_Dossier,,https://le-phare.info/?p=4081,inflation-hier-aujourdhui-chocs-petroliers-crises,dossier-hebdomadaire;economie-finance,histoire;inflation,Dossier inflation 2026 - version renforcee V2 | Brouillon WordPress créé via script
2026-426,"Analyser l'inflation : distinguer faits, perceptions et interpretations",DOSSIER,ECON,wp_draft,V2,2026-04-08,2026-04-08,Le Phare Info,Maitriser la pensee critique,2026-422;2026-420;2026-427,pensee critique;inflation;interpretation,Article Sentier applique a l'inflation avec exercice pratique.,Transformer l'actualite economique en apprentissage critique.,2026-426_DOSSIER_ECON_Analyser-inflation-faits-perceptions-interpretations_V2.md,03_Dossiers/Economie_Finance/Inflation_en_Europe_Dossier,,https://le-phare.info/?p=4082,analyser-inflation-faits-perceptions-interpretations,dossier-hebdomadaire;sentier-du-savoir,pensee-critique;inflation,Dossier inflation 2026 - version renforcee V2 | Brouillon WordPress créé via script
2026-427,"Inflation, richesse et perception : que mesurent vraiment les prix ?",DOSSIER,ECON,wp_draft,V2,2026-04-08,2026-04-08,Le Phare Info,Transmettre,2026-426;2026-422;2026-428,inflation;richesse;mesure,Questions ouvertes sur la mesure des prix et de la richesse vecue.,Ouvrir un debat structure sur les indicateurs economiques.,2026-427_DOSSIER_ECON_Inflation-richesse-et-perception-questions-ouvertes_V2.md,03_Dossiers/Economie_Finance/Inflation_en_Europe_Dossier,,https://le-phare.info/?p=4083,inflation-richesse-perception-que-mesurent-prix,dossier-hebdomadaire;economie-finance,questions-ouvertes;inflation,Dossier inflation 2026 - version renforcee V2 | Brouillon WordPress créé via script
2026-428,"Comprendre l'inflation : livres, concepts et pistes pour aller plus loin",DOSSIER,ECON,wp_draft,V2,2026-04-08,2026-04-08,Le Phare Info,Transmettre,2026-420;2026-424;2026-425,livres inflation;politique monetaire;stagflation,Ressources pour approfondir le dossier inflation au-dela de l'actualite immediate.,Transformer le dossier en parcours d'apprentissage durable.,2026-428_DOSSIER_ECON_Inflation-livres-concepts-pistes-recherche_V2.md,03_Dossiers/Economie_Finance/Inflation_en_Europe_Dossier,,https://le-phare.info/?p=4084,comprendre-inflation-livres-concepts-pistes-recherche,dossier-hebdomadaire;economie-finance,ressources;inflation,Dossier inflation 2026 - version renforcee V2 | Brouillon WordPress créé via script
2026-429,Guerre USA-Israël-Iran: Contexte et enjeux actuels,ACTU,POL,wp_draft,V1,2026-04-09,2026-04-10,Le Phare Info,Comprendre,2026-430;2026-431,Guerre;États-Unis;Israël;Iran;Tensions géopolitiques;Enjeux diplomatiques,"Cette analyse examine la situation géopolitique complexe qui a conduit à des tensions croissantes entre ces trois pays, mettant en lumière les enjeux politiques et économiques au cœur de cette crise.","Apporter un regard approfondi sur les tensions récentes entre les États-Unis, Israël et l'Iran.",2026-429_ACTU_POL_guerre_usa_israel_iran_contexte_et_enjeux_actuels_V1.md,01_Actualites/Politique_Societe,,https://le-phare.info/?p=4085,guerre-usa-israel-iran-contexte-et-enjeux,actualites-politique-societe;geopolitique,guerre-iraniennes;politique-internationale;tensions-regionales,Genere via editorial_pipeline.py | 2026-04-09_guerre-usa-israel-iran_triptyque | Brouillon WordPress créé via script | Maillage interne triptyque ajoute automatiquement
2026-430,Les fondements de la diplomatie israélo-américaine face à l'Iran,TF,POL,wp_draft,V1,2026-04-09,2026-04-10,Le Phare Info,Comprendre,2026-429;2026-431,Diplomatie;États-Unis;Israël;Iran;Textes fondateurs;Politique étrangère,"Ce texte examine les documents clés qui ont formé les politiques de l'administration américaine envers Israël et l'Iran, mettant en lumière leurs implications sur le plan diplomatique et stratégique.",Explorer les principes et les textes fondateurs qui guident la politique américaine envers Israël et l'Iran.,2026-430_TF_POL_les_fondements_de_la_diplomatie_israelo_americaine_face_a_l_iran_V1.md,04_Textes_fondateurs/Auteurs,,https://le-phare.info/?p=4086,les-fondements-de-la-diplomatie-israelo-americaine-face-a-l-iran,textes-fondateurs-auteurs;diplomatie,diplomatie-israel-iran;politique-et-etrangere;fondements-diplomatiques,Genere via editorial_pipeline.py | 2026-04-09_guerre-usa-israel-iran_triptyque | Brouillon WordPress créé via script | Maillage interne triptyque ajoute automatiquement
2026-431,Relier la connaissance sur la guerre USA-Israël-Iran à l'histoire mondiale,SENTIER,POL,wp_draft,V1,2026-04-09,2026-04-10,Le Phare Info,Relier,2026-429;2026-430,Histoire;Conflits historiques;États-Unis;Israël;Iran;Lien historique,Ce texte invite le lecteur à relier les enjeux contemporains de la guerre USA-Israël-Iran aux conflits passés pour mieux comprendre leurs implications sur le plan stratégique et politique.,Faire le lien entre les enjeux actuels de la guerre USA-Israël-Iran avec des événements historiques similaires pour mieux comprendre leurs implications.,2026-431_SENTIER_POL_relier_la_connaissance_sur_la_guerre_usa_israel_iran_a_l_histoire_mondiale_V1.md,05_Sentier/Etape_08_Relier_savoirs_et_experience,,https://le-phare.info/?p=4087,relier-la-connaissance-sur-la-guerre-usa-israel-iran-a-l-histoire-mondiale,step-08-relier-savoirs-et-experience;histoire-mondiale,conflits-historiques;guerre-iraniennes;histoire-politique,Genere via editorial_pipeline.py | 2026-04-09_guerre-usa-israel-iran_triptyque | Brouillon WordPress créé via script | Maillage interne triptyque ajoute automatiquement
2026-432,L'Iran remporte une victoire stratégique: Moscou et Pékin jubilent après le cessez-le-feu,ACTU,MONDE,wp_draft,V1,2026-04-09,2026-04-10,Le Phare Info,Observer,2026-433;2026-434,Iran;Pétrole;Chine;Cessez-le-feu;Russie;Alliance,L'Iran a remporté une victoire stratégique avec un accord de cessez-le-feu qui a été salué par Moscou et Pékin. Cette alliance pourrait avoir des implications majeures sur le marché du pétrole mondial.,"Présenter les développements récents concernant l'accord de cessez-le-feu entre l'Iran, la Russie et la Chine.",2026-432_ACTU_MONDE_l_iran_remporte_une_victoire_strategique_moscou_et_pekin_jubilent_apres_le_cessez_le_feu_V1.md,01_Actualites/Politique_Societe,,https://le-phare.info/?p=4088,iran-victoire-strategique,01-actualites-politique-societe,iran;petrole;chine,Genere via editorial_pipeline.py | 2026-04-09_l-iran-a-remporte-une-grande-victoire-moscou-et-pekin-jubile_triptyque | Brouillon WordPress créé via script | Maillage interne triptyque ajoute automatiquement
2026-433,Texte fondateur: Le rôle des grandes puissances dans la politique internationale,TF,MONDE,wp_draft,V1,2026-04-09,2026-04-10,Le Phare Info,Comprendre,2026-432;2026-434,Grande Puissance;Politique Internationale;Alliance;Influence,"Ce texte fondateur examine l'influence des grandes puissances telles que la Russie, la Chine et l'Iran sur la scène internationale. Il explore comment ces alliances peuvent affecter les politiques économiques et diplomatiques.",Explorer le rôle des grandes puissances et leur influence sur les relations mondiales.,2026-433_TF_MONDE_texte_fondateur_le_role_des_grandes_puissances_dans_la_politique_internationale_V1.md,04_Textes_fondateurs/Auteurs,,https://le-phare.info/?p=4089,role-des-grandes-puissances-dans-la-politique-internationale,04-textes-fondateurs-auteurs,role;puissances;influence,Genere via editorial_pipeline.py | 2026-04-09_l-iran-a-remporte-une-grande-victoire-moscou-et-pekin-jubile_triptyque | Brouillon WordPress créé via script | Maillage interne triptyque ajoute automatiquement
2026-434,Relier: L'impact de l'alliance Chine/Iran/Russie sur le marché pétrolier mondial,SENTIER,MONDE,wp_draft,V1,2026-04-09,2026-04-10,Le Phare Info,Relier,2026-432;2026-433,Alliance;Pétrole;Économie Mondiale;Politique Énergétique,"Cette analyse explore comment une éventuelle alliance entre la Chine, l'Iran et la Russie pourrait affecter le marché du pétrole mondial. Elle souligne l'importance de cette alliance pour comprendre les dynamiques économiques mondiales.","Analyser les implications économiques et politiques d'une possible alliance entre la Chine, l'Iran et la Russie.",2026-434_SENTIER_MONDE_relier_l_impact_de_l_alliance_chine_iran_russie_sur_le_marche_petrolier_mondial_V1.md,05_Sentier/Etape_08_Relier_savoirs_et_experience,,https://le-phare.info/?p=4090,alliance-chine-iran-russie-petrole,05-sentier-etape-08-rlier-savoirs-et-experience,alliance;petrole;economie-mondiale,Genere via editorial_pipeline.py | 2026-04-09_l-iran-a-remporte-une-grande-victoire-moscou-et-pekin-jubile_triptyque | Brouillon WordPress créé via script | Maillage interne triptyque ajoute automatiquement
2026-435,Ormuz cessez-le-feu Iran-USA et geopolitique de l energie : une paix fragile un pouvoir durable,DOSSIER,MONDE,wp_draft,V2,2026-04-09,2026-04-09,Le Phare Info,Relier,,ormuz;iran;etats-unis;israel;petrole;geopolitique;cessez-le-feu,"Ce dossier analyse le cessez-le-feu entre les Etats-Unis et l'Iran a travers le detroit d'Ormuz, la geopolitique energetique, le droit de navigation et les rapports de force regionaux.","Montrer qu'un cessez-le-feu regional ne signifie pas un retour a la normale, mais peut consacrer une nouvelle forme de pouvoir strategique sur l'energie mondiale.",2026-435_DOSSIER_MONDE_Ormuz-cessez-le-feu-Iran-USA-geopolitique-de-lenergie_V2.md,03_Dossiers/Politique_Societe/guerre_usa_israel_iran_Mini_Encyclopedie,,https://le-phare.info/?p=4092,cessez-le-feu-iran-usa-ormuz-geopolitique-energie,Monde;Actualites,ormuz;iran;etats-unis;geopolitique-energie,Version V2 editoriale prete a publier | 2026-04-09_guerre-usa-israel-iran_mini_encyclopedie | Brouillon WordPress créé via script
2026-436,Crise énergétique : pourquoi la trêve au Moyen-Orient ne protège pas encore la France et l'Europe,ACTU,ECON,publie,V1,2026-04-10,2026-05-05,Le Phare Info,Comprendre,2026-437;2026-438,crise énergétique;Europe;France;pétrole;gaz;électrification;souveraineté énergétique,"La trêve au Moyen-Orient a calmé les marchés sans régler le fond du problème. La France et l'Europe restent exposées à une nouvelle flambée des hydrocarbures, parce que leur dépendance structurelle aux usages fossiles demeure élevée.","Montrer qu'une accalmie diplomatique ne suffit pas à restaurer la sécurité énergétique quand les infrastructures, les usages et les dépendances de fond n'ont pas changé.",2026-436_ACTU_ECON_crise_energetique_pourquoi_la_treve_ne_protege_pas_l_europe_V1.md,01_Actualites/Economie_Finance,2026-05-05,https://le-phare.info/crise-energetique-europe-electrification-2/,crise-energetique-europe-electrification-2,Economie;Actualites,crise-energetique;europe;electrification,Genere manuellement avec l assistant | 2026-04-10_crise-energetique-electrification_triptyque | Brouillon WordPress créé via script | Maillage interne triptyque ajoute automatiquement | Brouillon WordPress créé via script
2026-437,Vaclav Smil et la lenteur des transitions énergétiques : pourquoi changer de système prend des décennies,TF,ECON,publie,V1,2026-04-10,2026-05-05,Le Phare Info,Comprendre,2026-436;2026-438,Vaclav Smil;transitions énergétiques;électrification;infrastructures;long terme;énergie,"L'oeuvre de Vaclav Smil rappelle qu'une transition énergétique n'est pas un simple basculement technologique, mais une transformation lente des infrastructures, des usages et des systèmes économiques.",Fournir un cadre intellectuel durable pour comprendre pourquoi les crises énergétiques accélèrent les décisions politiques sans garantir pour autant une transition rapide.,2026-437_TF_ECON_vaclav_smil_et_la_lenteur_des_transitions_energetiques_V1.md,04_Textes_fondateurs/Auteurs,2026-05-05,https://le-phare.info/vaclav-smil-transitions-energetiques-2/,vaclav-smil-transitions-energetiques-2,Textes_fondateurs;Economie,vaclav-smil;transition-energetique;electrification,Genere manuellement avec l assistant | 2026-04-10_crise-energetique-electrification_triptyque | Brouillon WordPress créé via script | Maillage interne triptyque ajoute automatiquement | Brouillon WordPress créé via script
2026-438,Penser une crise énergétique sans céder au court terme : distinguer choc conjoncturel et dépendance structurelle,SENTIER,ECON,publie,V1,2026-04-10,2026-05-05,Le Phare Info,Relier,2026-436;2026-437,pensée critique;crise énergétique;court terme;structure;dépendance;Sentier du Savoir,Ce texte de Sentier propose un outil de lecture simple pour ne pas confondre l'événement énergétique du moment avec les dépendances profondes qui rendent les crises répétitives.,"Aider le lecteur à distinguer réaction immédiate, vulnérabilité structurelle et transformation de long terme dans l'analyse d'une crise énergétique.",2026-438_SENTIER_ECON_penser_une_crise_energetique_sans_ceder_au_court_terme_V1.md,05_Sentier/Etape_08_Relier_savoirs_et_experience,2026-05-05,https://le-phare.info/penser-crise-energetique-court-terme-2/,penser-crise-energetique-court-terme-2,Sentier;Economie,pensee-critique;crise-energetique;court-terme,Genere manuellement avec l assistant | 2026-04-10_crise-energetique-electrification_triptyque | Brouillon WordPress créé via script | Maillage interne triptyque ajoute automatiquement | Brouillon WordPress créé via script
2026-439,Blocus americain contre l Iran : le pari de Trump autour d Ormuz,ACTU,MONDE,wp_draft,V1,2026-04-13,2026-04-13,Le Phare Info,Observer,2026-440;2026-441,detroit d Ormuz;Iran;Donald Trump;blocus maritime;negociations;geopolitique,Apres l echec de plus de vingt heures de negociations entre Washington et Teheran Donald Trump a annonce un blocus visant les navires entrant ou sortant des ports iraniens. Cette decision marque une nouvelle escalade autour d Ormuz au coeur des flux energetiques mondiaux.,Exposer les faits les points de rupture des negociations et les premiers enjeux strategiques du blocus annonce par Washington.,2026-439_ACTU_MONDE_blocus_americain_de_l_iran_ormuz_et_le_pari_de_trump_V1.md,01_Actualites/Politique_Societe,,https://le-phare.info/?p=4114,blocus-americain-iran-ormuz-trump,01-actualites-politique-societe,ormuz;iran;donald-trump,Genere manuellement avec l assistant | 2026-04-13_le-pari-risque-de-donald-trump-qui-annonce-un-blocus-maritim_architecture_editoriale | Brouillon WordPress créé via script | Maillage interne triptyque ajoute automatiquement | Maillage inter-triptyques ajoute automatiquement
2026-440,Ormuz : le droit de passage et les limites de la puissance navale,TF,MONDE,wp_draft,V1,2026-04-13,2026-04-13,Le Phare Info,Comprendre,2026-439;2026-441,Ormuz;droit maritime;transit passage;blocus;droit international;puissance navale,Le detroit d Ormuz oblige a penser ensemble droit de passage guerre economique et limites reelles de la puissance navale. Ce texte fondateur rappelle pourquoi un chokepoint mondial ne se gouverne ni comme un simple detroit national ni comme un espace neutre sans conflit.,Donner une grille durable pour comprendre le statut d Ormuz la logique du transit passage et ce qu un blocus change sur les plans juridique et strategique.,2026-440_TF_MONDE_ormuz_le_droit_de_passage_et_les_limites_de_la_puissance_navale_V1.md,04_Textes_fondateurs/Auteurs,,https://le-phare.info/?p=4115,ormuz-droit-de-passage-puissance-navale,04-textes-fondateurs-auteurs,ormuz;droit-maritime;puissance-navale,Genere manuellement avec l assistant | 2026-04-13_le-pari-risque-de-donald-trump-qui-annonce-un-blocus-maritim_architecture_editoriale | Brouillon WordPress créé via script | Maillage interne triptyque ajoute automatiquement | Maillage inter-triptyques ajoute automatiquement
2026-441,Comment lire un blocus maritime sans se laisser pieger par l escalade,SENTIER,MONDE,wp_draft,V1,2026-04-13,2026-04-13,Le Phare Info,Comprendre,2026-439;2026-440,blocus maritime;pensee critique;escalade;Ormuz;geopolitique;lecture de l actualite,Face a une annonce de blocus il faut apprendre a distinguer geste politique effet juridique consequence economique et risque militaire. Ce texte de Sentier propose une methode simple pour ne pas se laisser enfermer dans la seule dramaturgie de l escalation.,Donner une grille de lecture critique pour analyser un blocus maritime sans confondre declaration capacite reelle legalite et effets systemiques.,2026-441_SENTIER_MONDE_comment_lire_un_blocus_maritime_sans_se_laisser_pieger_par_l_escalade_V1.md,05_Sentier/Etape_06_Methode_scientifique,,https://le-phare.info/?p=4116,lire-un-blocus-maritime-escalade,methode-scientifique-et-experimenter;sentier-du-savoir,blocus-maritime;ormuz;escalade,Genere manuellement avec l assistant | 2026-04-13_le-pari-risque-de-donald-trump-qui-annonce-un-blocus-maritim_architecture_editoriale | Brouillon WordPress créé via script | Maillage interne triptyque ajoute automatiquement | Maillage inter-triptyques ajoute automatiquement
2026-442,Trump impose un blocus maritime à l'Iran : les enjeux internationaux,ACTU,MONDE,wp_draft,V1,2026-04-13,2026-04-13,Le Phare Info,Analyser,2026-443;2026-444,blocus maritime;Iran;Trump,"Le président américain a annoncé un blocus maritime contre l'Iran, suite à l'échec des premières négociations. Cette mesure vise à renforcer la pression sur Téhéran concernant son programme nucléaire et ses activités dans le golfe Persique.",Présenter les raisons du blocus maritime imposé par le président américain et ses implications sur la politique internationale.,2026-442_ACTU_MONDE_trump_impose_un_blocus_maritime_a_l_iran_les_enjeux_internationaux_V1.md,01_Actualites/Politique_Societe,,https://le-phare.info/?p=4120,trump-blocus-maritime-iran,01-actualites-politique-societe,iran;trump;blocus-maritime,Genere via editorial_pipeline.py | 2026-04-13_trump-annonce-un-blocus-maritime-de-l-iran-apres-l-echec-des_architecture_editoriale | Brouillon WordPress créé via script
2026-443,Le concept de blocus maritime dans la politique internationale : une analyse historique et juridique,TF,MONDE,wp_draft,V1,2026-04-13,2026-04-13,Le Phare Info,Comprendre,2026-442;2026-444,blocus maritime;histoire internationale;droit de la mer,Le blocus maritime est un outil diplomatique utilisé par les grandes puissances pour exiger des concessions ou imposer des sanctions. Son application dans la politique internationale a une longue histoire qui remonte aux guerres navales du 19ème siècle.,"Expliquer le concept de blocus maritime, son origine historique et sa légalité internationale.",2026-443_TF_MONDE_le_concept_de_blocus_maritime_dans_la_politique_internationale_une_analyse_historique_et_j_V1.md,04_Textes_fondateurs/Auteurs,,https://le-phare.info/?p=4121,blocus-maritime-politique-internationale,04-textes-fondateurs-auteurs,blocus-maritime;histoire-internationale;droit-de-la-mer,Genere via editorial_pipeline.py | 2026-04-13_trump-annonce-un-blocus-maritime-de-l-iran-apres-l-echec-des_architecture_editoriale | Brouillon WordPress créé via script
2026-444,Comprendre les implications d'un blocus maritime : une approche critique,SENTIER,MONDE,wp_draft,V1,2026-04-13,2026-04-13,Le Phare Info,Analyser,2026-442;2026-443,blocus maritime;économie mondiale;relations internationales,"Cette analyse explore les répercussions économiques du blocus maritime contre l'Iran, en lien avec le Sentier du Savoir.",Analyser les implications potentielles d'un blocus maritime sur l'économie mondiale et les relations internationales.,2026-444_SENTIER_MONDE_comprendre_les_implications_d_un_blocus_maritime_une_approche_critique_V1.md,05_Sentier/Etape_06_Methode_scientifique,,https://le-phare.info/?p=4122,comprendre-blocus-maritime-iran,05-sentier-etape-06-methode-scientifique,blocus-maritime;economie-mondiale;relations-internationales,Genere via editorial_pipeline.py | 2026-04-13_trump-annonce-un-blocus-maritime-de-l-iran-apres-l-echec-des_architecture_editoriale | Brouillon WordPress créé via script
2026-445,Ormuz : le blocus americain fait rebondir le petrole et reveille le risque inflationniste,ACTU,ECON,wp_draft,V1,2026-04-13,2026-04-13,Le Phare Info,Observer,2026-446;2026-447,Ormuz;petrole;inflation;energie;Europe;Asie,"L'annonce du blocus americain visant les ports iraniens a propulse le baril au-dessus de 100 dollars et relance les craintes sur l'inflation, les couts du transport et la securite energetique des pays importateurs.","Montrer comment une decision geostrategique autour d Ormuz se transmet presque instantanement aux prix, aux marches et aux vulnerabilites economiques mondiales.",2026-445_ACTU_ECON_ormuz_le_blocus_americain_fait_rebondir_le_petrole_et_reveille_le_risque_inflationniste_V1.md,01_Actualites/Economie_Finance,,https://le-phare.info/?p=4123,ormuz-petrole-inflation,Economie;Actualites,ormuz;petrole;inflation,Genere manuellement avec l assistant | 2026-04-13_ormuz_blocus_architecture_editoriale_dossier_2_triptyques | Brouillon WordPress créé via script | Maillage interne triptyque ajoute automatiquement | Maillage inter-triptyques ajoute automatiquement
2026-446,Du choc petrolier a l inflation importee : comment un detroit bouleverse une economie,TF,ECON,wp_draft,V1,2026-04-13,2026-04-13,Le Phare Info,Comprendre,2026-445;2026-447,choc petrolier;inflation importee;energie;transport;macroeconomie;Ormuz,Ce texte fondateur montre comment une perturbation maritime locale peut se transformer en inflation importee mondiale en passant par les prix de l energie du transport des intrants et des anticipations.,Donner un cadre de lecture durable pour comprendre la chaine de transmission entre chokepoint maritime energie inflation et ralentissement economique.,2026-446_TF_ECON_du_choc_petrolier_a_l_inflation_importee_comment_un_detroit_bouleverse_une_economie_V1.md,04_Textes_fondateurs/Auteurs,,https://le-phare.info/?p=4124,choc-petrolier-inflation-importee,Textes_fondateurs;Economie,choc-petrolier;inflation-importee;ormuz,Genere manuellement avec l assistant | 2026-04-13_ormuz_blocus_architecture_editoriale_dossier_2_triptyques | Brouillon WordPress créé via script | Maillage interne triptyque ajoute automatiquement | Maillage inter-triptyques ajoute automatiquement
2026-447,"Comment lire un choc energetique sans confondre prix, panique et structure",SENTIER,ECON,wp_draft,V1,2026-04-13,2026-04-13,Le Phare Info,Relier,2026-445;2026-446,choc energetique;inflation;petrole;pensee critique;structure;Ormuz,"Ce texte de Sentier propose une methode simple pour ne pas se laisser pieger par les seuls mouvements de prix lorsqu une crise energetique eclate. Il aide a distinguer signal de marche, peur, transmission reelle et vulnerabilite structurelle.",Donner au lecteur une grille de lecture critique pour analyser un choc energetique lie a Ormuz sans se noyer dans la volatilite ou les titres alarmistes.,2026-447_SENTIER_ECON_comment_lire_un_choc_energetique_sans_confondre_prix_panique_et_structure_V1.md,05_Sentier/Etape_08_Relier_savoirs_et_experience,,https://le-phare.info/?p=4127,lire-un-choc-energetique-3,Sentier;Economie,choc-energetique;ormuz;inflation,Genere manuellement avec l assistant | 2026-04-13_ormuz_blocus_architecture_editoriale_dossier_2_triptyques | Brouillon WordPress créé via script | Maillage interne triptyque ajoute automatiquement | Maillage inter-triptyques ajoute automatiquement
2026-448,Résistance aux antimicrobiens : l'Europe entre nouvelles alertes et usages encore trop irrationnels,ACTU,SCIENCE,publie,V1,2026-05-06,2026-05-06,Le Phare Info,Observer,2026-449;2026-450,resistance antimicrobienne;antibiotiques;surveillance;Europe;OMS,Les autorites europeennes et l'OMS rappellent que la resistance aux antimicrobiens continue de progresser et menace la medecine quotidienne. Pourtant prescription humaine usages en elevage et attentes du public restent souvent mal alignes sur ce que la science autorise a esperer.,Relier les signaux institutionnels recents aux ecarts structurels d'usage pour eviter de reduire le debat a une decouverte miracle ou a une fatalite silencieuse.,2026-448_ACTU_SCIENCE_resistance_aux_antimicrobiens_l_europe_entre_alerte_et_usages_V1.md,01_Actualites/Science_Sante,2026-05-06,https://le-phare.info/resistance-antimicrobiens-europe-usages-2026/,resistance-antimicrobiens-europe-usages-2026,actualites,science-sante;sentier-science;resistance-antimicrobienne;surveillance-sante;triptyque,Routine quotidienne science-sante 2026-05-06 | triptyque resistance antimicrobienne | Brouillon WordPress créé via script | Maillage interne triptyque ajoute automatiquement
2026-449,Alexandre Fleming et la lecon du discours Nobel sur la penicilline,TF,SCIENCE,publie,V1,2026-05-06,2026-05-06,Le Phare Info,Comprendre,2026-448;2026-450,Fleming;penicilline;Nobel;medecine;usage rationnel,En 1945 Alexander Fleming recoit le prix Nobel pour la mise au point de la penicilline. Son discours Nobel reste une reference paradoxale : il celebre une decouverte immense tout en mettant en garde contre les usages inconscients qui rendraient l arme inefficace.,Montrer que la tension entre innovation medicale et comportements sociaux nest pas neuve : elle structure encore le debat sur les antimicrobiens.,2026-449_TF_SCIENCE_alexandre_fleming_et_la_lecon_du_discours_nobel_sur_la_penicilline_V1.md,04_Textes_fondateurs/Auteurs,2026-05-06,https://le-phare.info/fleming-discours-nobel-penicilline-prudence/,fleming-discours-nobel-penicilline-prudence,textes-fondateurs,science-sante;sentier-science;alexandre-fleming;sante-publique;triptyque,Routine quotidienne science-sante 2026-05-06 | triptyque resistance antimicrobienne | Brouillon WordPress créé via script | Maillage interne triptyque ajoute automatiquement
2026-450,Lire une annonce medicale sans confondre individu et population,SENTIER,SCIENCE,publie,V1,2026-05-06,2026-05-06,Le Phare Info,Comprendre,2026-448;2026-449,pensee critique;medecine fondee sur les preuves;risque;population;antibiotiques,Ce texte propose une grille simple pour lire une nouvelle medicale ou une campagne sur les antimicrobiens : distinguer resultat statistique et effet personnel protocole experimental et usage courant innovation prometteuse et politique publique.,Donner un outil reutilisable pour eviter les deux pieges du sensationnalisme et du fatalisme lorsqu on lit l actualite science-sante.,2026-450_SENTIER_SCIENCE_lire_une_annonce_medicale_sans_confondre_individu_et_population_V1.md,05_Sentier/Etape_02_Pensee_critique,2026-05-06,https://le-phare.info/lire-annonce-medicale-population-individu/,lire-annonce-medicale-population-individu,sentier-du-savoir,science-sante;sentier-science;pensee-critique;essais-cliniques;posture-comprendre;triptyque,Routine quotidienne science-sante 2026-05-06 | triptyque resistance antimicrobienne | Brouillon WordPress créé via script | Maillage interne triptyque ajoute automatiquement
2026-451,IA générative et emplois qualifiés : que disent les premières données ?,ACTU,TECH,publie,V1,2026-05-07,2026-05-07,Le Phare Info,Observer,2026-452;2026-453,intelligence artificielle;emploi;travail qualifié;automation;marché du travail;IA générative,Après deux ans d'adoption massive les premiers signaux sur l'impact de l'IA générative sur l'emploi qualifié arrivent. FMI MIT secteur financier : les données ne racontent ni catastrophe ni continuité. Elles exigent une lecture méthodique.,Présenter les premières mesures disponibles sur l'impact de l'IA générative sur l'emploi qualifié en évitant catastrophisme et désinvolture.,2026-451_ACTU_TECH_ia_generative_et_emplois_qualifies_premiers_signaux_V1.md,01_Actualites/Technologie_IA,2026-05-07,https://le-phare.info/ia-generative-emploi-qualifie-premieres-donnees/,ia-generative-emploi-qualifie-premieres-donnees,actualites,technologie-ia;sentier-approfondissement;intelligence-artificielle;marche-du-travail;automation;triptyque,Routine quotidienne TECH 2026-05-07 | triptyque IA et emploi qualifie | Brouillon WordPress créé via script | Maillage interne triptyque ajoute automatiquement
2026-452,Acemoglu et Johnson : la technologie ne partage pas la prospérité sans choix politiques,TF,TECH,publie,V1,2026-05-07,2026-05-07,Le Phare Info,Comprendre,2026-451;2026-453,Acemoglu;Johnson;Power and Progress;technologie;prospérité;travail;automation;IA,Dans Power and Progress (2023) Daron Acemoglu et Simon Johnson relisent mille ans d histoire technologique pour démontrer que les gains de productivité ne se diffusent jamais automatiquement.,Présenter le cadre analytique d Acemoglu et Johnson pour comprendre pourquoi la trajectoire de l IA sur l emploi n est pas déterminée techniquement mais politiquement.,2026-452_TF_TECH_acemoglu_johnson_power_and_progress_technologie_sans_partage_V1.md,04_Textes_fondateurs/Auteurs,2026-05-07,https://le-phare.info/acemoglu-johnson-power-progress-technologie-prosperite/,acemoglu-johnson-power-progress-technologie-prosperite,textes-fondateurs,technologie-ia;sentier-approfondissement;acemoglu-johnson;power-and-progress;automation;triptyque,Routine quotidienne TECH 2026-05-07 | triptyque IA et emploi qualifie | Brouillon WordPress créé via script | Maillage interne triptyque ajoute automatiquement
2026-453,Construire une expertise durable à l'ère de l'IA : ce que l'automatisation ne peut pas effacer,SENTIER,TECH,publie,V1,2026-05-07,2026-05-07,Le Phare Info,Etape 04 — Expertise,2026-451;2026-452,expertise;intelligence artificielle;automation;jugement;compétence;marché du travail;Sentier du Savoir,Face à l IA générative la bonne question n est pas mon métier va-t-il disparaître mais qu est-ce qui constitue une expertise irremplaçable ? Grille de lecture pour Etape 04 du Sentier.,Donner au lecteur une grille pratique pour évaluer la durabilité de son expertise face à l automatisation.,2026-453_SENTIER_TECH_construire_expertise_durable_ere_ia_ce_que_l_automatisation_ne_peut_effacer_V1.md,05_Sentier/Etape_04_Expertise,2026-05-07,https://le-phare.info/expertise-durable-ere-ia-automatisation/,expertise-durable-ere-ia-automatisation,sentier-du-savoir,technologie-ia;sentier-approfondissement;intelligence-artificielle;expertise;automation;posture-comprendre;triptyque,Routine quotidienne TECH 2026-05-07 | triptyque IA et emploi qualifie | Brouillon WordPress créé via script | Maillage interne triptyque ajoute automatiquement
2026-454,Europe et vagues de chaleur : quand l'actualité météo force l'adaptation à changer d'échelle,ACTU,CLIMAT,publie,V1,2026-05-11,2026-05-11,Le Phare Info,Observer,2026-455;2026-456,vagues-chaleur;europe;adaptation-climatique;canicule;sante-publique,Les etes europeens cumulent episodes chauds et les bilans institutionnels confirment la montee du risque thermique Les plans d adaptation deviennent concrets mais a vitesses inegales.,Relier Copernicus AEE et enjeux sanitaires OMS sans reduire le debat au record isole ni a la fatalite.,2026-454_ACTU_CLIMAT_europe_vagues_chaleur_et_adaptation_qui_change_d_echelle_V1.md,01_Actualites/Climat_Transition,2026-05-11,https://le-phare.info/europe-chaleur-adaptation-climat-2026/,europe-chaleur-adaptation-climat-2026,actualites,environnement-climat;sentier-science;adaptation-climatique;canicule-europe;posture-observer;triptyque,Routine quotidienne CLIMAT 2026-05-11 | triptyque chaleur europe adaptation | Pret publication | Brouillon WordPress créé via script | Maillage interne triptyque ajoute automatiquement
2026-455,Hans Jonas et le principe de responsabilité : un cadre éthique pour l'horizon écologique,TF,CLIMAT,publie,V1,2026-05-11,2026-05-11,Le Phare Info,Comprendre,2026-454;2026-456,Hans Jonas;principe responsabilite;ethique environnementale;technoscience,Paru en 1979 Le Principe responsabilite propose une morale de la prudence face aux effets de grande echelle et long terme des technologies.,Presenter la these de Jonas et ce qu elle eclaire sur prevention et adaptation climatiques sans prescription politique directe.,2026-455_TF_CLIMAT_hans_jonas_principe_responsabilite_et_horizon_ecologique_V1.md,04_Textes_fondateurs/Auteurs,2026-05-11,https://le-phare.info/hans-jonas-principe-responsabilite-climat/,hans-jonas-principe-responsabilite-climat,textes-fondateurs,environnement-climat;hans-jonas;ethique-environnement;responsabilite;triptyque,Routine quotidienne CLIMAT 2026-05-11 | triptyque chaleur europe adaptation | Pret publication | Brouillon WordPress créé via script | Maillage interne triptyque ajoute automatiquement
2026-456,"Lire une annonce sur le climat sans confondre météo, tendance, attribution et politique",SENTIER,CLIMAT,publie,V1,2026-05-11,2026-05-11,Le Phare Info,Etape 02 Pensee critique,2026-454;2026-455,pensee critique;climat;attribution;meteo,Grille en cinq questions pour decrypter titres cartes et commentaires sans cynisme ni naivete.,Donner un outil reutilisable pour l etape 2 du Sentier face aux recits climatiques urgents.,2026-456_SENTIER_CLIMAT_lire_une_annonce_climat_sans_confondre_meteo_tendance_et_attribution_V1.md,05_Sentier/Etape_02_Pensee_critique,2026-05-11,https://le-phare.info/lire-annonce-climat-meteo-attribution/,lire-annonce-climat-meteo-attribution,sentier-du-savoir,environnement-climat;sentier-science;pensee-critique;attribution-climatique;posture-comprendre;triptyque,Routine quotidienne CLIMAT 2026-05-11 | triptyque chaleur europe adaptation | Pret publication | Brouillon WordPress créé via script | Maillage interne triptyque ajoute automatiquement
2026-457,"Europe, acier et surcapacité mondiale : vers une défense commerciale plus dure après juin 2026",ACTU,ECON,publie,V1,2026-05-13,2026-05-13,Le Phare Info,Observer,2026-458;2026-459,acier;surcapacité;OMC;sauvegardes;défense commerciale;Union européenne,Fin juin 2026 : fin des sauvegardes mondiales sur l acier. Accord politique UE sur quotas plus bas et droits de douane plus élevés ; dossiers anti-dumping distincts. Décrypter sans tout mélanger.,Situer l accord acier et le calendrier OMC dans la politique commerciale élargie.,2026-457_ACTU_ECON_europe_acier_surcapacite_mondiale_et_nouvelle_defense_commerciale_V1.md,01_Actualites/Economie_Finance,2026-05-13,https://le-phare.info/europe-acier-surcapacite-defense-commerciale-2026/,europe-acier-surcapacite-defense-commerciale-2026,actualites,economie-finance;sentier-critique;acier;surcapacite-mondiale;defense-commerciale;posture-observer;triptyque,Routine quotidienne ECON 2026-05-13 | triptyque commerce List | Brouillon WordPress créé via script | Maillage interne triptyque ajoute automatiquement
2026-458,Friedrich List : le « système national » entre libre-échange et forces productives,TF,ECON,publie,V1,2026-05-13,2026-05-13,Le Phare Info,Comprendre,2026-457;2026-459,Friedrich List;système national;forces productives;protection douanière;commerce,"List (1841) distingue forces productives et valeur d échange et lit le libre échange comme une étape historique, pas comme une évidence intemporelle.",Donner un cadre durable pour lire défense commerciale et industrialisme sans caricature.,2026-458_TF_ECON_friedrich_list_systeme_national_et_forces_productives_V1.md,04_Textes_fondateurs/Auteurs,2026-05-13,https://le-phare.info/friedrich-list-systeme-national-forces-productives/,friedrich-list-systeme-national-forces-productives,textes-fondateurs,economie-finance;sentier-approfondissement;friedrich-list;systeme-national;protection-douaniere;triptyque,Routine quotidienne ECON 2026-05-13 | triptyque commerce List | Brouillon WordPress créé via script | Maillage interne triptyque ajoute automatiquement
2026-459,"Déchiffrer une annonce sur le commerce international : tarifs, quotas, dumping et sauvegardes",SENTIER,ECON,publie,V1,2026-05-13,2026-05-13,Le Phare Info,Etape 02 — Pensee critique,2026-457;2026-458,commerce international;tarifs;quotas;dumping;sauvegardes;pensée critique,"Cinq questions pour classer une annonce : instrument, périmètre, preuve, calendrier, répartition des coûts.",Outil Sentier étape 2 pour lire le commerce sans amalgames.,2026-459_SENTIER_ECON_dechiffrer_une_annonce_commerce_tarifs_quotas_dumping_sauvegardes_V1.md,05_Sentier/Etape_02_Pensee_critique,2026-05-13,https://le-phare.info/dechiffrer-annonce-commerce-tarifs-dumping-quotas/,dechiffrer-annonce-commerce-tarifs-dumping-quotas,sentier-du-savoir,economie-finance;sentier-critique;pensee-critique;commerce-international;instruments-commerciaux;posture-comprendre;triptyque,Routine quotidienne ECON 2026-05-13 | triptyque commerce List | Brouillon WordPress créé via script | Maillage interne triptyque ajoute automatiquement
2026-460,EHDS : l'Europe veut faire circuler les données de santé sans livrer les patients,ACTU,SCIENCE,publie,V1,2026-05-13,2026-05-13,Le Phare Info,Observer,2026-461;2026-462,EHDS;données de santé;Europe;interopérabilité;recherche,"Accroche patient-chercheur, tension circulation ou confiance, dates 2025-2035, Patient Summary avant imagerie (2031), encadrés anti-confusion, fil Observer.","Réécrire l'ACTU : tension éditoriale, ouverture concrète, calendrier daté, encadrés et contrôle patient, sans sensationnalisme.",2026-460_ACTU_SCIENCE_espace_europeen_donnees_sante_entre_loi_et_calendrier_2029_V1.md,01_Actualites/Science_Sante,2026-05-13,https://le-phare.info/espace-europeen-donnees-sante-ehds-calendrier-2026/,espace-europeen-donnees-sante-ehds-calendrier-2026,actualites,science-sante;sentier-science;donnees-sante;ehds;interoperabilite;posture-observer;triptyque,Routine quotidienne SCIENCE 2026-05-13 | triptyque EHDS Foucault | Brouillon WordPress créé via script | Maillage interne triptyque ajoute automatiquement
2026-461,"Foucault, la Naissance de la clinique : du regard médical au dossier — ce que l’histoire éclaire sur nos données de santé",TF,SCIENCE,publie,V1,2026-05-13,2026-05-13,Le Phare Info,Comprendre,2026-460;2026-462,Foucault;Naissance de la clinique;médecine;épistémologie;données,"Lecture du classique (1963) : regard clinique, institution, traçabilité du corps — repère pour penser l’EHDS sans l’y réduire.",Ancrer le débat données de santé dans l’histoire du savoir médical.,2026-461_TF_SCIENCE_foucault_naissance_de_la_clinique_regard_medical_et_donnees_V1.md,04_Textes_fondateurs/Auteurs,2026-05-13,https://le-phare.info/foucault-clinique-donnees-sante-ehds/,foucault-clinique-donnees-sante-ehds,textes-fondateurs,science-sante;sentier-approfondissement;foucault;medecine;donnees-sante;triptyque,Routine quotidienne SCIENCE 2026-05-13 | triptyque EHDS Foucault | Brouillon WordPress créé via script | Maillage interne triptyque ajoute automatiquement
2026-462,"Lire une annonce « données de santé » sans confondre opt-out, pilote et effet clinique",SENTIER,SCIENCE,publie,V1,2026-05-13,2026-05-13,Le Phare Info,Etape 02 — Pensee critique,2026-460;2026-461,données de santé;EHDS;pensée critique;opt-out;information,"Sept questions pour classer une annonce (objet, primaire/secondaire, échéance, auteur, preuves, risques, action).",Outil Sentier étape 2 pour décrypter l’actualité « données de santé ».,2026-462_SENTIER_SCIENCE_lire_une_annonce_donnees_sante_opt_out_pilote_et_effet_clinique_V1.md,05_Sentier/Etape_02_Pensee_critique,2026-05-13,https://le-phare.info/lire-annonce-donnees-sante-ehds-opt-out/,lire-annonce-donnees-sante-ehds-opt-out,sentier-du-savoir,science-sante;sentier-critique;pensee-critique;donnees-sante;ehds;posture-comprendre;triptyque,Routine quotidienne SCIENCE 2026-05-13 | triptyque EHDS Foucault | Brouillon WordPress créé via script | Maillage interne triptyque ajoute automatiquement
2026-463,Digital Omnibus : l'Europe recale l'AI Act sans l'abandonner — ce qui change en mai 2026,ACTU,TECH,publie,V1,2026-05-18,2026-05-18,Le Phare Info,Observer,2026-464;2026-465,AI Act;Digital Omnibus;réglementation IA;Union européenne;haut risque,Accord provisoire du 7 mai 2026 : délais haut risque 2027-2028 filigrane et interdictions deepfake avancés — adoption formelle encore requise.,Situer le Digital Omnibus sans amalgamer report et abandon du cadre européen.,2026-463_ACTU_TECH_digital_omnibus_ai_act_calendriers_et_allegements_mai_2026_V1.md,01_Actualites/Technologie_IA,2026-05-18,https://le-phare.info/digital-omnibus-ai-act-europe-mai-2026/,digital-omnibus-ai-act-europe-mai-2026,actualites,technologie-ia;sentier-critique;ai-act;digital-omnibus;regulation-ia;posture-observer;triptyque,Routine quotidienne TECH 2026-05-18 | triptyque AI Act Winner | Brouillon WordPress créé via script | Maillage interne triptyque ajoute automatiquement
2026-464,Langdon Winner : les artefacts ont-ils une politique ? — lire l'AI Act autrement,TF,TECH,publie,V1,2026-05-18,2026-05-18,Le Phare Info,Comprendre,2026-463;2026-465,Langdon Winner;politique des artefacts;technologie;régulation;AI Act,Essai de 1980 : certains objets techniques instaurent des rapports de pouvoir — cadre pour lire le calendrier et les exemptions du Digital Omnibus.,Ancrer le débat régulation IA dans la philosophie de la technique.,2026-464_TF_TECH_langdon_winner_do_artifacts_have_politics_regulation_ia_V1.md,04_Textes_fondateurs/Auteurs,2026-05-18,https://le-phare.info/langdon-winner-artefacts-politique-regulation-ia/,langdon-winner-artefacts-politique-regulation-ia,textes-fondateurs,technologie-ia;sentier-approfondissement;langdon-winner;philosophie-technique;ai-act;triptyque,Routine quotidienne TECH 2026-05-18 | triptyque AI Act Winner | Brouillon WordPress créé via script | Maillage interne triptyque ajoute automatiquement
2026-465,Lire une annonce « IA réglementée » sans confondre délai portée et abandon,SENTIER,TECH,publie,V1,2026-05-18,2026-05-18,Le Phare Info,Etape 03 — Mettre à distance,2026-463;2026-464,régulation IA;AI Act;pensée critique;calendrier;portée juridique,Six questions pour classer trilogue adoption périmètre et effets personnels face aux titres sur l AI Act.,Outil Sentier étape 3 pour décrypter l actualité régulation IA.,2026-465_SENTIER_TECH_lire_annonce_regulation_ia_sans_confondre_delai_portee_et_abandon_V1.md,05_Sentier/Critique_Analyse,2026-05-18,https://le-phare.info/lire-annonce-regulation-ia-delai-portee/,lire-annonce-regulation-ia-delai-portee,sentier-du-savoir,technologie-ia;sentier-critique;pensee-critique;ai-act;regulation-ia;posture-distance;triptyque,Routine quotidienne TECH 2026-05-18 | triptyque AI Act Winner | Brouillon WordPress créé via script | Maillage interne triptyque ajoute automatiquement
2026-466,Budget européen 2026 et cadre 2028-2034 : pourquoi les chiffres ne disent pas la même chose selon qui parle,ACTU,POL,publie,V1,2026-05-19,2026-05-19,Le Phare Info,Etape 03 — Argumentation,2026-467;2026-468,budget UE;cadre financier pluriannuel;defense europeenne;Parlement europeen,Deux calendriers budgetaires en mai 2026 : budget annuel vers 194 Md€ et negociation CFP 2028-2034. Defense en hausse cohesion sous pression.,Situer les chiffres sans amalgamer budget annuel et enveloppe pluriannuelle.,2026-466_ACTU_POL_budget_ue_2026_et_cadre_pluriannuel_2028_defense_V1.md,01_Actualites/Politique_Societe,2026-05-19,https://le-phare.info/budget-ue-2026-cadre-financier-2028-defense/,budget-ue-2026-cadre-financier-2028-defense,actualites,politique-societe;sentier-approfondissement;budget-ue;defense-europeenne;cadre-financier-pluriannuel;posture-observer;triptyque,Routine quotidienne POL 2026-05-19 | triptyque budget UE Scharpf | atelier fondamental 2026-384 | Brouillon WordPress créé via script | Maillage interne triptyque ajoute automatiquement
2026-467,Fritz Scharpf : le piège des décisions conjointes et les impasses du budget européen,TF,POL,publie,V1,2026-05-19,2026-05-19,Le Phare Info,Etape 03 — Argumentation,2026-466;2026-468,Fritz Scharpf;decisions conjointes;gouvernance europeenne;budget UE,Scharpf explique les compromis budgetaires sous-optimaux : piege des decisions conjointes et integration negative.,Cadre durable pour lire les negociations budgetaires europeennes.,2026-467_TF_POL_fritz_scharpf_piege_decisions_conjointes_budget_europe_V1.md,04_Textes_fondateurs/Auteurs,2026-05-19,https://le-phare.info/fritz-scharpf-piege-decisions-conjointes-budget-europe/,fritz-scharpf-piege-decisions-conjointes-budget-europe,textes-fondateurs,politique-societe;sentier-approfondissement;fritz-scharpf;gouvernance-europeenne;budget-ue;triptyque,Routine quotidienne POL 2026-05-19 | triptyque budget UE Scharpf | Brouillon WordPress créé via script | Maillage interne triptyque ajoute automatiquement
2026-468,Argumenter sur un budget européen sans se laisser enfermer dans les faux totaux,SENTIER,POL,publie,V1,2026-05-19,2026-05-19,Le Phare Info,Etape 03 — Argumentation,2026-466;2026-467,argumentation;budget europeen;faux totaux;Union europeenne,Cinq questions et trois pieges rhetoriques pour debattre du budget UE sans confondre annuel et pluriannuel.,Atelier etape 3 sur fondamental 2026-384 Argumenter en situation complexe.,2026-468_SENTIER_POL_argumenter_budget_europeen_sans_faux_totaux_V1.md,05_Sentier/Etape_03_Argumentation,2026-05-19,https://le-phare.info/argumenter-budget-europeen-sans-faux-totaux/,argumenter-budget-europeen-sans-faux-totaux,sentier-du-savoir,politique-societe;sentier-approfondissement;argumentation;budget-ue;atelier-sentier;fondamental-2026-182;posture-comprendre;triptyque,Routine quotidienne POL 2026-05-19 | triptyque budget UE Scharpf | Type Sentier atelier (parent canonique hors wiki) | Brouillon WordPress créé via script | Maillage interne triptyque ajoute automatiquement
2026-469,Marche carbone UE : pourquoi la reforme des benchmarks de mai 2026 divise climat et industrie,ACTU,CLIMAT,publie,V1,2026-05-20,2026-05-20,Le Phare Info,Observer,2026-470;2026-471,ETS;marche carbone;benchmarks;decarbonation,"Proposition Commission 11 mai 2026 : 75 pour cent allocations gratuites en moyenne, environ 4 Md euros sur 2026-2030 pour lignes electricite. Consultation ouverte.",Situer benchmarks ETS sans amalgamer cadeau climatique et pause verte.,2026-469_ACTU_CLIMAT_ets_benchmarks_mai_2026_climat_industrie_et_quatre_milliards_V1.md,01_Actualites/Climat_Transition,2026-05-20,https://le-phare.info/ets-benchmarks-mai-2026-marche-carbone-ue/,ets-benchmarks-mai-2026-marche-carbone-ue,actualites,environnement-climat;sentier-critique;marche-carbone;ets;benchmarks;posture-observer;triptyque,Routine quotidienne CLIMAT 2026-05-20 | triptyque ETS Stern | Brouillon WordPress créé via script | Maillage interne triptyque ajoute automatiquement
2026-470,Nicholas Stern et l economie du changement climatique : relire le prix du carbone,TF,CLIMAT,publie,V1,2026-05-20,2026-05-20,Le Phare Info,Comprendre,2026-469;2026-471,Stern Review;prix du carbone;externalites;ETS,Stern Review (2006) : cout social du carbone et risque de retarder l action.,Cadre durable pour debats quotas gratuits et signal prix.,2026-470_TF_CLIMAT_nicholas_stern_economie_changement_climatique_prix_carbone_V1.md,04_Textes_fondateurs/Auteurs,2026-05-20,https://le-phare.info/nicholas-stern-economie-climat-prix-carbone/,nicholas-stern-economie-climat-prix-carbone,textes-fondateurs,environnement-climat;sentier-science;nicholas-stern;marche-carbone;triptyque,Routine quotidienne CLIMAT 2026-05-20 | triptyque ETS Stern | Brouillon WordPress créé via script | Maillage interne triptyque ajoute automatiquement
2026-471,Lire un dossier ETS sans confondre proposition consultation et chiffre mediatique,SENTIER,CLIMAT,publie,V1,2026-05-20,2026-05-20,Le Phare Info,Etape 02 — Pensee critique,2026-469;2026-470,ETS;pensee critique;sources;atelier,Six questions pour classer communiques et articles sur le marche carbone.,Atelier etape 2 fondamental 2026-198 Lire une source avec discernement.,2026-471_SENTIER_CLIMAT_lire_dossier_ets_sans_confondre_proposition_consultation_et_chiffre_V1.md,05_Sentier/Etape_02_Pensee_critique,2026-05-20,https://le-phare.info/lire-dossier-ets-proposition-consultation-chiffre/,lire-dossier-ets-proposition-consultation-chiffre,sentier-du-savoir,environnement-climat;sentier-critique;pensee-critique;ets;atelier-sentier;fondamental-2026-198;posture-comprendre;triptyque,Routine quotidienne CLIMAT 2026-05-20 | triptyque ETS Stern | atelier fondamental 2026-198 | Brouillon WordPress créé via script | Maillage interne triptyque ajoute automatiquement
2026-472,Accord UE–États-Unis : pourquoi Bruxelles valide le Turnberry alors que Washington brandit encore les tarifs,ACTU,ECON,publie,V1,2026-05-21,2026-05-21,Le Phare Info,Observer,2026-473;2026-474,Turnberry;accord commercial;tarifs 15 pour cent;UE-US;Parlement europeen,Accord de mise en oeuvre 20 mai 2026 sous menace de 25 pour cent sur les voitures avant debut juillet.,Situer cadre Turnberry legislation UE et pression bilaterale hors traité.,2026-472_ACTU_ECON_accord_turnberry_mise_en_oeuvre_mai_2026_tarifs_15_pourcent_V1.md,01_Actualites/Economie_Finance,2026-05-21,https://le-phare.info/accord-ue-us-turnberry-mise-en-oeuvre-mai-2026/,accord-ue-us-turnberry-mise-en-oeuvre-mai-2026,actualites,economie-finance;sentier-culture;turnberry;accord-commercial;tarifs-douane;posture-observer;triptyque,Routine quotidienne ECON 2026-05-21 | triptyque Turnberry Rodrik | Brouillon WordPress créé via script | Maillage interne triptyque ajoute automatiquement
2026-473,Dani Rodrik : le trilemme de la mondialisation pour lire l'accord transatlantique,TF,ECON,publie,V1,2026-05-21,2026-05-21,Le Phare Info,Comprendre,2026-472;2026-474,Dani Rodrik;trilemme;mondialisation;democratie;souverainete,Rodrik : hyperglobalisation democratie et souverainete ne tiennent pas ensemble sans compromis.,Cadre durable pour lire Turnberry et accords sous contrainte.,2026-473_TF_ECON_dani_rodrik_trilemme_mondialisation_accord_transatlantique_V1.md,04_Textes_fondateurs/Auteurs,2026-05-21,https://le-phare.info/dani-rodrik-trilemme-mondialisation-accord-transatlantique/,dani-rodrik-trilemme-mondialisation-accord-transatlantique,textes-fondateurs,economie-finance;sentier-culture;dani-rodrik;mondialisation;accord-commercial;triptyque,Routine quotidienne ECON 2026-05-21 | triptyque Turnberry Rodrik | Brouillon WordPress créé via script | Maillage interne triptyque ajoute automatiquement
2026-474,Lire un accord commercial sans se laisser impressionner par le jargon,SENTIER,ECON,publie,V1,2026-05-21,2026-05-21,Le Phare Info,Etape 01 — Culture generale,2026-472;2026-473,accord commercial;jargon;Turnberry;atelier,Cinq questions et glossaire pour classer titres sur pactes UE-US.,Atelier etape 1 fondamental 2026-207 Economie pour non-economistes.,2026-474_SENTIER_ECON_lire_accord_commercial_sans_jargon_turnberry_V1.md,05_Sentier/Etape_01_Culture_generale,2026-05-21,https://le-phare.info/lire-accord-commercial-jargon-tarifs-turnberry/,lire-accord-commercial-jargon-tarifs-turnberry,sentier-du-savoir,economie-finance;sentier-culture;accord-commercial;jargon-economique;atelier-sentier;fondamental-2026-207;posture-comprendre;triptyque,Routine quotidienne ECON 2026-05-21 | triptyque Turnberry Rodrik | atelier fondamental 2026-207 | Brouillon WordPress créé via script | Maillage interne triptyque ajoute automatiquement
2026-475,Hubs de retour hors d Europe : pourquoi l UE a un accord de principe mais pas encore de date,ACTU,POL,publie,V1,2026-05-22,2026-05-22,Le Phare Info,Observer,2026-476;2026-477,hubs de retour;politique migratoire UE;Pacte migration;expulsion,Report au 1er juin 2026 sur la date d application d une reforme incluant centres hors territoire UE.,Situer accord de principe hubs bilateraux et calendrier sans amalgamer.,2026-475_ACTU_POL_hubs_retour_migration_ue_report_juin_2026_V1.md,01_Actualites/Politique_Societe,2026-05-22,https://le-phare.info/hubs-retour-migration-ue-report-juin-2026/,hubs-retour-migration-ue-report-juin-2026,actualites,politique-societe;sentier-critique;politique-migratoire;hubs-retour;pacte-migration;posture-observer;triptyque,Routine quotidienne POL 2026-05-22 | triptyque migration Arendt | Brouillon WordPress créé via script | Maillage interne triptyque ajoute automatiquement
2026-476,Hannah Arendt : l apatridie et le droit d avoir des droits pour lire l externalisation migratoire,TF,POL,publie,V1,2026-05-22,2026-05-22,Le Phare Info,Comprendre,2026-475;2026-477,Hannah Arendt;apatridie;droits de l homme;externalisation,Arendt : sans Etat qui reconnait une personne les droits de l homme restent lettre morte.,Cadre durable pour hubs de retour et lieu du droit.,2026-476_TF_POL_hannah_arendt_apatridie_droit_avoir_des_droits_migration_V1.md,04_Textes_fondateurs/Auteurs,2026-05-22,https://le-phare.info/hannah-arendt-apatridie-droit-avoir-des-droits-migration/,hannah-arendt-apatridie-droit-avoir-des-droits-migration,textes-fondateurs,politique-societe;sentier-critique;hannah-arendt;apatridie;politique-migratoire;triptyque,Routine quotidienne POL 2026-05-22 | triptyque migration Arendt | Brouillon WordPress créé via script | Maillage interne triptyque ajoute automatiquement
2026-477,Lire un paquet migratoire sans confondre accord de principe hub et titre de presse,SENTIER,POL,publie,V1,2026-05-22,2026-05-22,Le Phare Info,Etape 02 — Pensee critique,2026-475;2026-476,politique migratoire;pensee critique;sources;atelier,Six questions pour classer communiques et depeches sur le paquet migratoire mai 2026.,Atelier etape 2 fondamental 2026-198 Lire une source avec discernement.,2026-477_SENTIER_POL_lire_paquet_migratoire_sans_confondre_principe_hub_presse_V1.md,05_Sentier/Etape_02_Pensee_critique,2026-05-22,https://le-phare.info/lire-paquet-migratoire-accord-principe-hub-presse/,lire-paquet-migratoire-accord-principe-hub-presse,sentier-du-savoir,politique-societe;sentier-critique;pensee-critique;politique-migratoire;atelier-sentier;fondamental-2026-198;posture-comprendre;triptyque,Routine quotidienne POL 2026-05-22 | triptyque migration Arendt | atelier fondamental 2026-198 | Brouillon WordPress créé via script | Maillage interne triptyque ajoute automatiquement
2026-478,Licences britanniques sur le petrole russe : pourquoi Londres parle d approvisionnement et Bruxelles de mauvais moment,ACTU,ECON,publie,V1,2026-05-23,2026-05-23,Le Phare Info,Observer,2026-479;2026-480,sanctions russes;petrole russe;Royaume-Uni;crise energetique,Mai 2026 : licences UK diesel et kerosene issus de brut russe raffine a l etranger. UE ferme. Brent vers 109 dollars.,Situer licences et ligne UE sans amalgamer.,2026-478_ACTU_ECON_licences_britanniques_petrole_russe_ue_ligne_ferme_mai_2026_V1.md,01_Actualites/Economie_Finance,2026-05-23,https://le-phare.info/licences-britanniques-petrole-russe-ue-mai-2026/,licences-britanniques-petrole-russe-ue-mai-2026,actualites,economie-finance;sentier-vision;sanctions-russes;petrole-russe;securite-energetique;price-cap;posture-observer;triptyque,Routine quotidienne ECON 2026-05-23 | triptyque sanctions petrole Strange | Brouillon WordPress créé via script | Maillage interne triptyque ajoute automatiquement
2026-479,Susan Strange : le pouvoir structurel pour lire sanctions petrolieres et services maritimes,TF,ECON,publie,V1,2026-05-23,2026-05-23,Le Phare Info,Comprendre,2026-478;2026-480,Susan Strange;pouvoir structurel;sanctions;assurance maritime,Strange (1988) : finance et assurance structurent les flux petroliers.,Cadre pour embargo maritime G7 et licences UK.,2026-479_TF_ECON_susan_strange_pouvoir_structurel_sanctions_petrole_maritime_V1.md,04_Textes_fondateurs/Auteurs,2026-05-23,https://le-phare.info/susan-strange-pouvoir-structurel-sanctions-petrole-maritime/,susan-strange-pouvoir-structurel-sanctions-petrole-maritime,textes-fondateurs,economie-finance;sentier-vision;susan-strange;pouvoir-structurel;sanctions-russes;petrole-russe;triptyque,Routine quotidienne ECON 2026-05-23 | triptyque sanctions petrole Strange | Brouillon WordPress créé via script | Maillage interne triptyque ajoute automatiquement
2026-480,Cartographier une crise energetico-sanctions sans reduire le debat a un coupable,SENTIER,ECON,publie,V1,2026-05-23,2026-05-23,Le Phare Info,Etape 08 — Relier savoirs et experience,2026-478;2026-479,pensee systemique;sanctions;energie;atelier,Sept etapes pour cartographier Ormuz Brent licences UK et Ukraine.,Atelier etape 8 fondamental 2026-136 Pensee systemique.,2026-480_SENTIER_ECON_cartographier_crise_energetico_sanctions_sans_coupable_unique_V1.md,05_Sentier/Etape_08_Relier_savoirs_et_experience,2026-05-23,https://le-phare.info/cartographier-crise-energetico-sanctions-pensee-systemique/,cartographier-crise-energetico-sanctions-pensee-systemique,sentier-du-savoir,economie-finance;sentier-vision;pensee-systemique;sanctions-russes;petrole-russe;atelier-sentier;fondamental-2026-136;posture-relier;triptyque,Routine quotidienne ECON 2026-05-23 | triptyque sanctions petrole Strange | atelier fondamental 2026-136 | Brouillon WordPress créé via script | Maillage interne triptyque ajoute automatiquement
2026-481,Canicule de mai 2026 : quand la chaleur precipite un debat sanitaire europeen,ACTU,SCIENCE,publie,V1,2026-05-26,2026-05-26,Le Phare Info,Observer,2026-482;2026-483,canicule;sante publique;OMS;vague de chaleur,Mai 2026 : chaleur record en Europe et appel OMS climat-sante du 17 mai. Deux temporalites a ne pas confondre.,Relier episode thermique et appel institutionnel sans amalgamer.,2026-481_ACTU_SCIENCE_canicule_mai_2026_quand_la_chaleur_precipite_le_debat_sanitaire_V1.md,01_Actualites/Science_Sante,2026-05-26,https://le-phare.info/canicule-mai-2026-europe-sante-oms-4/,canicule-mai-2026-europe-sante-oms-4,actualites,science-sante;sentier-science;canicule-europe;sante-publique;changement-climatique;posture-observer;triptyque,Routine quotidienne SCIENCE 2026-05-26 | triptyque canicule mai Haines | Brouillon WordPress créé via script | Maillage interne triptyque ajoute automatiquement
2026-482,Andrew Haines : le climat comme enjeu de sante publique et la logique des co-benefices,TF,SCIENCE,publie,V1,2026-05-26,2026-05-26,Le Phare Info,Comprendre,2026-481;2026-483,Andrew Haines;sante publique;co-benefices;adaptation,Haines : attenuation et adaptation comme leviers de sante a l echelle.,Cadre durable pour lire vagues de chaleur et appels OMS.,2026-482_TF_SCIENCE_andrew_haines_climat_sante_cobenefices_et_urgence_V1.md,04_Textes_fondateurs/Auteurs,2026-05-26,https://le-phare.info/andrew-haines-climat-sante-cobenefices-urgence-2/,andrew-haines-climat-sante-cobenefices-urgence-2,textes-fondateurs,science-sante;sentier-science;andrew-haines;sante-publique;changement-climatique;triptyque,Routine quotidienne SCIENCE 2026-05-26 | triptyque canicule mai Haines | Brouillon WordPress créé via script | Maillage interne triptyque ajoute automatiquement
2026-483,Lire une alerte canicule sans confondre vigilance attribution et appel politique,SENTIER,SCIENCE,publie,V1,2026-05-26,2026-05-26,Le Phare Info,Etape 06 — Methode scientifique,2026-481;2026-482,canicule;pensee critique;atelier;science et societe,Six questions pour classer vigilance soins stats attribution politique.,Atelier etape 6 fondamental 2026-154 Science et societe.,2026-483_SENTIER_SCIENCE_lire_alerte_canicule_sans_confondre_vigilance_attribution_et_appel_oms_V1.md,05_Sentier/Science,2026-05-26,https://le-phare.info/lire-alerte-canicule-vigilance-attribution-oms-2/,lire-alerte-canicule-vigilance-attribution-oms-2,sentier-du-savoir,science-sante;sentier-science;canicule-europe;pensee-critique;atelier-sentier;fondamental-2026-154;posture-observer;triptyque,Routine quotidienne SCIENCE 2026-05-26 | triptyque canicule mai Haines | atelier fondamental 2026-154 | Brouillon WordPress créé via script | Maillage interne triptyque ajoute automatiquement
2026-484,NIS2 : quand Bruxelles harmonise les déclarations d'incident cyber — et que la contrainte se durcit au printemps 2026,ACTU,TECH,publie,V1,2026-05-27,2026-05-27,Le Phare Info,Observer,2026-485;2026-486,NIS2;cybersécurité;déclaration incident;ENISA;Union européenne,"Le 26 mai 2026 modèles communs de déclaration NIS2. Printemps 2026 bascule vers exécution, audits et amendes.",Situer l'accord du 26 mai sans confondre harmonisation des formulaires et fin de la contrainte.,2026-484_ACTU_TECH_nis2_modeles_declaration_incident_mai_2026_simplification_et_contrainte_V1.md,01_Actualites/Technologie_IA,2026-05-27,https://le-phare.info/nis2-modeles-declaration-incident-mai-2026-simplification-et-contrainte/,nis2-modeles-declaration-incident-mai-2026-simplification-et-contrainte,actualites,technologie-ia;sentier-langues;nis2;cybersecurite;incident-reporting;posture-observer;triptyque,Routine quotidienne TECH 2026-05-27 | triptyque NIS2 templates Perrow | Brouillon WordPress créé via script | Maillage interne triptyque ajoute automatiquement
2026-485,Charles Perrow : les « accidents normaux » dans les systèmes complexes — lire NIS2 autrement,TF,TECH,publie,V1,2026-05-27,2026-05-27,Le Phare Info,Comprendre,2026-484;2026-486,Charles Perrow;accidents normaux;systèmes complexes;cybersécurité;NIS2,Perrow (1984) : incidents possibles dans les systèmes couplés. Cadre pour lire NIS2 sans culte de la conformité papier.,Présenter Perrow et son apport à la cyber-régulation européenne.,2026-485_TF_TECH_charles_perrow_accidents_normaux_systemes_complexes_nis2_V1.md,04_Textes_fondateurs/Auteurs,2026-05-27,https://le-phare.info/charles-perrow-accidents-normaux-systemes-complexes-nis2/,charles-perrow-accidents-normaux-systemes-complexes-nis2,textes-fondateurs,technologie-ia;sentier-approfondissement;charles-perrow;systemes-complexes;cybersecurite;triptyque,Routine quotidienne TECH 2026-05-27 | triptyque NIS2 templates Perrow | Brouillon WordPress créé via script | Maillage interne triptyque ajoute automatiquement
2026-486,"Décoder un formulaire de déclaration cyber européen : délais, champs et vocabulaire institutionnel",SENTIER,TECH,publie,V1,2026-05-27,2026-05-27,Le Phare Info,Etape 05 — Polyglotte,2026-484;2026-485,NIS2;déclaration incident;traduction institutionnelle;formulaire;atelier,Sept questions pour décoder formulaire NIS2 et communiqué du 26 mai 2026. Atelier fondamental 2026-164 Traduire.,Grille réutilisable étape 5 pour lire déclarations cyber européennes.,2026-486_SENTIER_TECH_decoder_formulaire_declaration_cyber_europeen_delais_champs_vocabulaire_V1.md,05_Sentier/Etape_05_Polyglotte,2026-05-27,https://le-phare.info/decoder-formulaire-declaration-cyber-europeen-delais-champs-vocabulaire/,decoder-formulaire-declaration-cyber-europeen-delais-champs-vocabulaire,sentier-du-savoir,technologie-ia;sentier-langues;nis2;cybersecurite;atelier-sentier;fondamental-2026-164;posture-comprendre;triptyque,Routine quotidienne TECH 2026-05-27 | triptyque NIS2 templates Perrow | atelier fondamental 2026-164 | Brouillon WordPress créé via script | Maillage interne triptyque ajoute automatiquement
2026-487,"Licences britanniques et pétrole russe : l'Europe durcit le ton, mais la chaîne maritime reste dépendante",ACTU,ECON,publie,V1,2026-05-28,2026-05-28,Le Phare Info,Argumenter,2026-488;2026-489,sanctions;petrole russe;licences britanniques;assurance maritime;commerce energie;Europe,"Les restrictions britanniques sur les licences liees au petrole russe renforcent la pression sur les intermediaires maritimes, mais l'efficacite depend de la tracabilite et de la coordination internationale.",Expliquer ce que changent les restrictions de licences du printemps 2026 et ce qu'elles ne changent pas dans l'economie politique du petrole maritime.,2026-487_ACTU_ECON_licences_britanniques_petrole_russe_entre_sanctions_et_dependances_maritimes_V1.md,01_Actualites/Economie_Finance,2026-05-28,https://le-phare.info/licences-britanniques-petrole-russe-entre-sanctions-et-dependances-maritimes/,licences-britanniques-petrole-russe-entre-sanctions-et-dependances-maritimes,actualites,economie;sanctions;petrole;commerce-maritime;posture-argumenter;triptyque,Routine quotidienne V2 2026-05-28 | triptyque sanctions maritimes Hirschman | Brouillon WordPress créé via script | Maillage interne triptyque ajoute automatiquement
2026-488,"Albert Hirschman : commerce, dependance et pouvoir de contrainte",TF,ECON,publie,V1,2026-05-28,2026-05-28,Le Phare Info,Comprendre,2026-487;2026-489,Albert Hirschman;commerce international;dependance;sanctions;pouvoir economique,"Hirschman montre que le commerce international produit des dependances asymetriques mobilisables comme levier politique, utile pour lire les sanctions energetiques de 2026.",Relire Hirschman pour comprendre les sanctions maritimes comme instrument de pouvoir relationnel.,2026-488_TF_ECON_albert_hirschman_commerce_dependance_et_pouvoir_de_contrainte_V1.md,04_Textes_fondateurs/Auteurs,2026-05-28,https://le-phare.info/albert-hirschman-commerce-dependance-et-pouvoir-de-contrainte/,albert-hirschman-commerce-dependance-et-pouvoir-de-contrainte,textes-fondateurs,economie;commerce-international;albert-hirschman;sanctions;triptyque,Routine quotidienne V2 2026-05-28 | triptyque sanctions maritimes Hirschman | Brouillon WordPress créé via script | Maillage interne triptyque ajoute automatiquement
2026-489,Argumenter sur des sanctions maritimes sans simplifier le reel,SENTIER,ECON,publie,V1,2026-05-28,2026-05-28,Le Phare Info,Etape 03 — Argumentation,2026-487;2026-488,sanctions;argumentation;commerce maritime;dependance energetique;atelier,Atelier Sentier avec une grille en six tests pour argumenter sur les sanctions maritimes sans tomber dans les slogans.,"Fournir une methode transferable pour argumenter sur sanctions, couts et contournements.",2026-489_SENTIER_ECON_argumenter_sanctions_maritimes_sans_simplifier_le_reel_V1.md,05_Sentier/Etape_03_Argumentation,2026-05-28,https://le-phare.info/argumenter-sanctions-maritimes-sans-simplifier-le-reel/,argumenter-sanctions-maritimes-sans-simplifier-le-reel,sentier-du-savoir,economie;sentier-argumentation;atelier-sentier;fondamental-2026-182;sanctions;triptyque,Routine quotidienne V2 2026-05-28 | triptyque sanctions maritimes Hirschman | atelier | Brouillon WordPress créé via script | Maillage interne triptyque ajoute automatiquement
2026-490,Étiquette européenne des data centers : entre transparence promise et secret contesté — mai 2026,ACTU,CLIMAT,publie,V1,2026-05-29,2026-05-29,Le Phare Info,Observer,2026-491;2026-492,data centers;efficacité énergétique;PUE;WUE;transparence,"Mai 2026 : étiquette PUE/WUE dès 2027, 35 eurodéputés le 27 mai sur confidentialité, stratégie énergie-IA le 3 juin.",Situer étiquette et querelle transparence sans amalgamer label vert et course à la capacité numérique.,2026-490_ACTU_CLIMAT_etiquette_data_centers_transparence_lobbying_mai_2026_V1.md,01_Actualites/Climat_Transition,2026-05-29,https://le-phare.info/etiquette-data-centers-europe-transparence-mai-2026/,etiquette-data-centers-europe-transparence-mai-2026,actualites,environnement-climat;sentier-transmission;data-centers;efficacite-energetique;pue;posture-observer;triptyque,Routine quotidienne V2 2026-05-29 | triptyque data centers étiquette Latour | Brouillon WordPress créé via script | Maillage interne triptyque ajoute automatiquement
2026-491,Bruno Latour : quand l'étiquette ne clôt pas le débat — politiques de la nature et data centers,TF,CLIMAT,publie,V1,2026-05-29,2026-05-29,Le Phare Info,Comprendre,2026-490;2026-492,Bruno Latour;politiques de la nature;indicateurs;data centers,Latour : mesures et étiquettes réorganisent le politique. Cadre pour PUE/WUE et transparence mai 2026.,Présenter Latour pour lire le débat européen data centers sans anti-science ni cynisme.,2026-491_TF_CLIMAT_bruno_latour_etiquette_data_centers_politiques_nature_V1.md,04_Textes_fondateurs/Auteurs,2026-05-29,https://le-phare.info/bruno-latour-etiquette-data-centers-politiques-nature/,bruno-latour-etiquette-data-centers-politiques-nature,textes-fondateurs,environnement-climat;sentier-transmission;bruno-latour;politiques-nature;triptyque,Routine quotidienne V2 2026-05-29 | triptyque data centers étiquette Latour | Brouillon WordPress créé via script | Maillage interne triptyque ajoute automatiquement
2026-492,"Rendre lisible l'étiquette data center : PUE, WUE et limites de la vulgarisation",SENTIER,CLIMAT,publie,V1,2026-05-29,2026-05-29,Le Phare Info,Etape 07 — Transmission,2026-490;2026-491,data centers;vulgarisation;PUE;WUE;atelier,Atelier étape 7 fondamental 2026-149 : six questions pour vulgariser l'étiquette et le débat du 27 mai 2026.,Grille réutilisable pour transmettre le dossier data centers sans trahir la complexité.,2026-492_SENTIER_CLIMAT_rendre_lisible_etiquette_data_center_pue_wue_vulgarisation_V1.md,05_Sentier/Etape_07_Transmission,2026-05-29,https://le-phare.info/rendre-lisible-etiquette-data-center-pue-wue-vulgarisation/,rendre-lisible-etiquette-data-center-pue-wue-vulgarisation,sentier-du-savoir,environnement-climat;sentier-transmission;data-centers;vulgarisation;atelier-sentier;fondamental-2026-149;posture-comprendre;triptyque,Routine quotidienne V2 2026-05-29 | triptyque data centers étiquette Latour | atelier fondamental 2026-149 | Brouillon WordPress créé via script | Maillage interne triptyque ajoute automatiquement
2026-493,Code of Practice GPAI : l'Europe entre signature volontaire et compte à rebours du 2 août 2026,ACTU,TECH,publie,V1,2026-06-01,2026-06-01,Le Phare Info,Observer,2026-494;2026-495,AI Act;GPAI;Code of Practice;AI Office;conformité,"Juin 2026 : Code GPAI volontaire depuis juillet 2025, obligations art. 53-55 depuis août 2025, exécution AI Office au 2 août 2026. Signataires et limites Meta xAI.",Situer Code et échéance sans confondre signature et conformité démontrée.,2026-493_ACTU_TECH_code_practice_gpai_europe_compte_a_rebours_2_aout_2026_V1.md,01_Actualites/Technologie_IA,2026-06-01,https://le-phare.info/code-practice-gpai-europe-compte-a-rebours-2-aout-2026/,code-practice-gpai-europe-compte-a-rebours-2-aout-2026,actualites,technologie-ia;sentier-science;ai-act;gpai;code-of-practice;posture-observer;triptyque,Routine quotidienne V2 2026-06-01 | triptyque GPAI Code Collingridge | Brouillon WordPress créé via script | Maillage interne triptyque ajoute automatiquement
2026-494,David Collingridge : réguler tôt ou tard — le dilemme du Code GPAI,TF,TECH,publie,V1,2026-06-01,2026-06-01,Le Phare Info,Comprendre,2026-493;2026-495,David Collingridge;régulation technologique;AI Act;GPAI,Collingridge (1980) : dilemme de timing. Le Code GPAI comme réponse entre obligations 2025 et exécution 2026.,Présenter Collingridge pour lire le Code GPAI et l'AI Act sans opposition simpliste innovation-régulation.,2026-494_TF_TECH_david_collingridge_dilemme_regulation_gpai_code_practice_V1.md,04_Textes_fondateurs/Auteurs,2026-06-01,https://le-phare.info/david-collingridge-dilemme-regulation-gpai-code-practice/,david-collingridge-dilemme-regulation-gpai-code-practice,textes-fondateurs,technologie-ia;sentier-science;david-collingridge;regulation-technologique;triptyque,Routine quotidienne V2 2026-06-01 | triptyque GPAI Code Collingridge | Brouillon WordPress créé via script | Maillage interne triptyque ajoute automatiquement
2026-495,Tester les preuves d'un dossier GPAI : méthode en six étapes,SENTIER,TECH,publie,V1,2026-06-01,2026-06-01,Le Phare Info,Etape 06 — Méthode scientifique,2026-493;2026-494,GPAI;Code of Practice;méthode scientifique;atelier;conformité,Atelier étape 6 fondamental 2026-157 : six étapes pour tester un dossier GPAI à partir de l'ACTU du 1er juin 2026.,Grille réutilisable pour évaluer les preuves de conformité GPAI sans confiance aveugle.,2026-495_SENTIER_TECH_tester_preuves_dossier_gpai_methode_six_etapes_V1.md,05_Sentier/Etape_06_Methode_scientifique,2026-06-01,https://le-phare.info/tester-preuves-dossier-gpai-methode-six-etapes/,tester-preuves-dossier-gpai-methode-six-etapes,sentier-du-savoir,technologie-ia;sentier-science;gpai;code-of-practice;atelier-sentier;fondamental-2026-157;posture-comprendre;triptyque,Routine quotidienne V2 2026-06-01 | triptyque GPAI Code Collingridge | atelier fondamental 2026-157 | Brouillon WordPress créé via script | Maillage interne triptyque ajoute automatiquement
2026-496,Negociations Etats-Unis-Iran : que signifie vraiment un rythme rapide en juin 2026 ?,ACTU,POL,publie,V1,2026-06-02,2026-06-02,Le Phare Info,Observer,2026-497;2026-498,Iran;Etats-Unis;negociation;diplomatie coercitive;Golfe;signal politique,"En juin 2026, Washington parle de discussions a rythme rapide avec Teheran. Ce signal ne vaut ni accord, ni desescalade acquise.","Distinguer communication politique, position de negociation et avancee verifiable dans le dossier Iran-Etats-Unis.",2026-496_ACTU_POL_iran_usa_negociations_rythme_rapide_juin_2026_V1.md,01_Actualites/Politique_Societe,2026-06-02,https://le-phare.info/iran-usa-negociations-rythme-rapide-juin-2026/,iran-usa-negociations-rythme-rapide-juin-2026,actualites,politique-societe;sentier-approfondissement;iran;etats-unis;negociation-diplomatique;posture-observer;triptyque,Routine quotidienne V2 2026-06-02 | triptyque Iran-Etats-Unis Schelling | redaction assistant-first | Brouillon WordPress créé via script | Maillage interne triptyque ajoute automatiquement
2026-497,Thomas Schelling : negocier sous menace sans confondre fermete et escalade,TF,POL,publie,V1,2026-06-02,2026-06-02,Le Phare Info,Comprendre,2026-496;2026-498,Thomas Schelling;coercition;deterrence;bargaining;diplomatie de crise,"Schelling montre que la negociation sous menace repose sur le dosage du risque, la credibilite et les signaux.",Donner une grille de lecture solide des crises diplomatiques ou la communication est une partie de la negociation.,2026-497_TF_POL_thomas_schelling_negocier_sous_menace_sans_confondre_fermete_et_escalade_V1.md,04_Textes_fondateurs/Auteurs,2026-06-02,https://le-phare.info/thomas-schelling-negocier-sous-menace-sans-confondre-fermete-et-escalade/,thomas-schelling-negocier-sous-menace-sans-confondre-fermete-et-escalade,textes-fondateurs,politique-societe;sentier-approfondissement;thomas-schelling;coercition;negociation;triptyque,Routine quotidienne V2 2026-06-02 | triptyque Iran-Etats-Unis Schelling | redaction assistant-first | Brouillon WordPress créé via script | Maillage interne triptyque ajoute automatiquement
2026-498,"Argumenter sur une crise Iran-Etats-Unis sans confondre signal, position et resultat",SENTIER,POL,publie,V1,2026-06-02,2026-06-02,Le Phare Info,Etape 03 — Argumentation,2026-496;2026-497,argumentation;crise diplomatique;Iran;Etats-Unis;signal politique;verification,Atelier d argumentation applique au dossier Iran-Etats-Unis de juin 2026 : une methode en six tests pour eviter les contresens.,Donner une grille reutilisable pour debattre des crises internationales avec rigueur et sans simplification agressive.,2026-498_SENTIER_POL_argumenter_crise_iran_usa_sans_confondre_signal_position_resultat_V1.md,05_Sentier/Etape_03_Argumentation,2026-06-02,https://le-phare.info/argumenter-crise-iran-usa-sans-confondre-signal-position-resultat/,argumenter-crise-iran-usa-sans-confondre-signal-position-resultat,sentier-du-savoir,politique-societe;sentier-approfondissement;argumentation;iran;etats-unis;atelier-sentier;fondamental-2026-182;posture-comprendre;triptyque,Routine quotidienne V2 2026-06-02 | triptyque Iran-Etats-Unis Schelling | atelier fondamental 2026-182 | redaction assistant-first | Brouillon WordPress créé via script | Maillage interne triptyque ajoute automatiquement
2026-499,Feuille de route energie-IA : ce que Bruxelles engage le 3 juin 2026 — et ce qu'il reste a cartographier,ACTU,TECH,publie,V1,2026-06-03,2026-06-03,Le Phare Info,Observer,2026-500;2026-501,energie;intelligence artificielle;data centers;AI.grids;Union europeenne;reseau electrique,"Le 3 juin 2026, la Commission adopte sa feuille de route energie-IA. AI.grids et declaration tripartite data centers.","Situer l'evenement du 3 juin sans confondre adoption strategique, lancement de communautes et objectif 2030.",2026-499_ACTU_TECH_feuille_route_energie_ia_adoption_3_juin_2026_V1.md,01_Actualites/Technologie_IA,2026-06-03,https://le-phare.info/feuille-route-energie-ia-adoption-3-juin-2026/,feuille-route-energie-ia-adoption-3-juin-2026,actualites,technologie-ia;sentier-approfondissement;energie-ia;data-centers;ai-grids;posture-observer;triptyque,Routine quotidienne V2 2026-06-03 | triptyque feuille route energie-IA Mitchell | Brouillon WordPress créé via script | Maillage interne triptyque ajoute automatiquement
2026-500,Timothy Mitchell : infrastructures energetiques et democratie du carbone — lire la feuille de route energie-IA,TF,CLIMAT,publie,V1,2026-06-03,2026-06-03,Le Phare Info,Comprendre,2026-499;2026-501,Timothy Mitchell;Carbon Democracy;infrastructures energetiques;democratie;politique energie,Mitchell montre que les democraties modernes ont ete faconnees par la materialite des flux energetiques.,Presenter Mitchell pour comprendre pourquoi une feuille de route energie-IA est un enjeu de gouvernance.,2026-500_TF_CLIMAT_timothy_mitchell_carbon_democracy_infrastructures_energie_ia_V1.md,04_Textes_fondateurs/Auteurs,2026-06-03,https://le-phare.info/timothy-mitchell-carbon-democracy-infrastructures-energie-ia/,timothy-mitchell-carbon-democracy-infrastructures-energie-ia,textes-fondateurs,environnement-climat;sentier-approfondissement;timothy-mitchell;carbon-democracy;infrastructures-energetiques;triptyque,Routine quotidienne V2 2026-06-03 | triptyque feuille route energie-IA Mitchell | Brouillon WordPress créé via script | Maillage interne triptyque ajoute automatiquement
2026-501,Cartographier la feuille de route energie-IA du 3 juin : six reperes pour AI.grids et l'integration des data centers,SENTIER,TECH,publie,V1,2026-06-03,2026-06-03,Le Phare Info,Etape 04 — Expertise,2026-499;2026-500,cartographie;feuille de route;energie;IA;AI.grids;data centers;atelier,Atelier etape 4 fondamental 2026-178 : six reperes pour cartographier le dossier energie-IA du 3 juin 2026.,Grille reutilisable pour se reperer dans un dossier energie-numerique dense.,2026-501_SENTIER_TECH_cartographier_feuille_route_energie_ia_six_reperes_V1.md,05_Sentier/Etape_04_Expertise,2026-06-03,https://le-phare.info/cartographier-feuille-route-energie-ia-six-reperes/,cartographier-feuille-route-energie-ia-six-reperes,sentier-du-savoir,technologie-ia;sentier-approfondissement;cartographie;energie-ia;data-centers;atelier-sentier;fondamental-2026-178;posture-comprendre;triptyque,Routine quotidienne V2 2026-06-03 | atelier fondamental 2026-178 | Brouillon WordPress créé via script | Maillage interne triptyque ajoute automatiquement
2026-502,"AgoraEU : mandat partiel du Conseil, session du Parlement — et ce que juin 2026 change (ou pas) pour la culture et les médias",ACTU,CULTURE,publie,V1,2026-06-04,2026-06-04,Le Phare Info,Observer,2026-503;2026-504,AgoraEU;Creative Europe;CERV;médias;culture;mandat partiel;MFF 2028-2034,"Le 12 mai 2026, le Conseil adopte une approche générale partielle sur AgoraEU (2028-2034). Le 3 juin, le Parlement CULT débat du dossier. Trois fils — Culture, MEDIA+, CERV+ — mais le budget reste hors table jusqu'au MFF.","Situer le calendrier de juin 2026 sans confondre mandat de négociation, fusion de programmes et enveloppe budgétaire promise.",2026-502_ACTU_CULTURE_agoraeu_mandat_partiel_conseil_parlement_juin_2026_V1.md,01_Actualites/Culture,2026-06-04,https://le-phare.info/agoraeu-mandat-partiel-conseil-parlement-juin-2026/,agoraeu-mandat-partiel-conseil-parlement-juin-2026,actualites,culture-philosophie;sentier-langues;agoraeu;creative-europe;medias;mandat-partiel;posture-observer;triptyque,Routine quotidienne V2 2026-06-04 | triptyque AgoraEU Habermas traduction | assistant-first | Brouillon WordPress créé via script | Maillage interne triptyque ajoute automatiquement
2026-503,"Jürgen Habermas : sphère publique, médias et démocratie — lire AgoraEU sans réduire l'espace public à un budget",TF,CULTURE,publie,V1,2026-06-04,2026-06-04,Le Phare Info,Comprendre,2026-502;2026-504,Jürgen Habermas;sphère publique;médias;délibération;AgoraEU,"Habermas montre que la démocratie moderne repose sur un espace public où les arguments circulent. Cadre pour lire AgoraEU : MEDIA+, CERV+ et le risque de confondre financement et sphère publique.",Donner une grille durable pour relier programmes européens de culture et médias à la théorie de l'espace public.,2026-503_TF_CULTURE_jurgen_habermas_sphere_publique_agoraeu_medias_V1.md,04_Textes_fondateurs/Auteurs,2026-06-04,https://le-phare.info/jurgen-habermas-sphere-publique-agoraeu-medias/,jurgen-habermas-sphere-publique-agoraeu-medias,textes-fondateurs,culture-philosophie;sentier-langues;jurgen-habermas;sphere-publique;medias;triptyque,Routine quotidienne V2 2026-06-04 | triptyque AgoraEU Habermas traduction | assistant-first | Brouillon WordPress créé via script | Maillage interne triptyque ajoute automatiquement
2026-504,"Naviguer entre mandat partiel, budget et trois fils AgoraEU : traduire le dossier de juin 2026",SENTIER,CULTURE,publie,V1,2026-06-04,2026-06-04,Le Phare Info,Etape 05 — Polyglotte,2026-502;2026-503,AgoraEU;traduction institutionnelle;mandat partiel;MFF;atelier,Atelier étape 5 fondamental 2026-164 : sept traductions pour lire AgoraEU après le mandat partiel du 12 mai 2026 et la session CULT du 3 juin.,Grille réutilisable pour passer du langage UE au sens opérationnel pour porteurs de projets et citoyens attentifs.,2026-504_SENTIER_CULTURE_naviguer_mandat_partiel_agoraeu_traduction_institutionnelle_V1.md,05_Sentier/Etape_05_Polyglotte,2026-06-04,https://le-phare.info/naviguer-mandat-partiel-agoraeu-traduction-institutionnelle/,naviguer-mandat-partiel-agoraeu-traduction-institutionnelle,sentier-du-savoir,culture-philosophie;sentier-langues;agoraeu;traduction-institutionnelle;atelier-sentier;fondamental-2026-164;posture-comprendre;triptyque,Routine quotidienne V2 2026-06-04 | triptyque AgoraEU Habermas traduction | assistant-first | atelier fondamental 2026-164 | Brouillon WordPress créé via script | Maillage interne triptyque ajoute automatiquement
2026-505,"Sommet UE–Balkans occidentaux à Tivat : prospérité partagée, roaming et ce que juin 2026 promet (ou pas)",ACTU,POL,publie,V1,2026-06-05,2026-06-05,Le Phare Info,Observer,2026-506;2026-507,Balkans occidentaux;élargissement UE;sommet Tivat;António Costa;Growth Plan;roaming,"Le 5 juin 2026 à Tivat, Costa et Milatović co-président le sommet UE-Balkans. Tour régional, roaming, Growth Plan : dynamique réelle mais pas promesse d adhésion immédiate.","Situer le sommet de juin 2026 sans confondre signal politique, intégration sectorielle et calendrier d élargissement.",2026-505_ACTU_POL_sommet_ue_balkans_tivat_juin_2026_V1.md,01_Actualites/Politique_Societe,2026-06-05,https://le-phare.info/sommet-ue-balkans-occidentaux-tivat-juin-2026/,sommet-ue-balkans-occidentaux-tivat-juin-2026,actualites,politique-societe;sentier-critique;balkans-occidentaux;elargissement-ue;sommet-tivat;growth-plan;posture-observer;triptyque,Routine quotidienne V2 2026-06-05 | triptyque Tivat Haas histoire Balkans | Brouillon WordPress créé via script | Maillage interne triptyque ajoute automatiquement
2026-506,Ernst Haas : néofonctionnalisme et spillover — comprendre l élargissement au-delà des déclarations de Tivat,TF,POL,publie,V1,2026-06-05,2026-06-05,Le Phare Info,Comprendre,2026-505;2026-507,Ernst Haas;néofonctionnalisme;spillover;élargissement;intégration européenne,Haas montre comment l intégration fonctionnelle peut entraîner l intégration politique — ou échouer. Repère pour lire Tivat 2026 sans illusion de mécanisme automatique.,Présenter le cadre Haas pour distinguer dynamique d intégration et promesse d adhésion dans les Balkans occidentaux.,2026-506_TF_POL_ernst_haas_neofonctionnalisme_spillover_elargissement_balkans_V1.md,04_Textes_fondateurs/Auteurs,2026-06-05,https://le-phare.info/ernst-haas-neofonctionnalisme-spillover-elargissement-balkans/,ernst-haas-neofonctionnalisme-spillover-elargissement-balkans,textes-fondateurs,politique-societe;sentier-culture;ernst-haas;neofonctionnalisme;spillover;elargissement-ue;triptyque,Routine quotidienne V2 2026-06-05 | TF Haas spillover Balkans | Brouillon WordPress créé via script | Maillage interne triptyque ajoute automatiquement
2026-507,Construire le contexte historique du sommet de Tivat : six jalons pour lire les Balkans en juin 2026,SENTIER,POL,publie,V1,2026-06-05,2026-06-05,Le Phare Info,Etape 01 — Culture générale,2026-505;2026-506,Balkans occidentaux;repères historiques;sommet Tivat;Yougoslavie;Thessalonique;atelier,Atelier étape 1 fondamental 2026-211 : six jalons de 1878 à 2026 pour situer Tivat sans anachronisme.,Appliquer la cartographie temporelle du fondamental Histoire du monde au triptyque Balkans juin 2026.,2026-507_SENTIER_POL_construire_contexte_historique_sommet_tivat_balkans_juin_2026_V1.md,05_Sentier/Etape_01_Culture_generale,2026-06-05,https://le-phare.info/construire-contexte-historique-sommet-tivat-balkans-juin-2026/,construire-contexte-historique-sommet-tivat-balkans-juin-2026,sentier-du-savoir,politique-societe;sentier-culture;balkans-occidentaux;reperes-historiques;atelier-sentier;fondamental-2026-211;posture-comprendre;triptyque,Routine quotidienne V2 2026-06-05 | atelier fondamental 2026-211 | Brouillon WordPress créé via script | Maillage interne triptyque ajoute automatiquement
2026-508,"Package souverainete tech : CAIDA, Chips Act 2.0 et ce que Bruxelles propose vraiment le 3 juin 2026",ACTU,TECH,publie,V1,2026-06-08,2026-06-08,Le Phare Info,Observer,2026-509;2026-510,souverainete technologique;CAIDA;Chips Act 2.0;cloud;semiconducteurs;open source;Union europeenne,"Le 3 juin 2026 la Commission devoile un package souverainete : CAIDA, Chips Act 2.0, strategie open source. Virkkunen evoque un kill switch sur les clouds critiques.",Situer le package du 3 juin sans amalgammer annonce strategique et textes legislatifs a venir.,2026-508_ACTU_TECH_package_souverainete_technologique_ue_caida_chips_juin_2026_V1.md,01_Actualites/Technologie_IA,2026-06-08,https://le-phare.info/package-souverainete-technologique-ue-caida-chips-juin-2026/,package-souverainete-technologique-ue-caida-chips-juin-2026,actualites,technologie-ia;sentier-critique;souverainete-technologique;caida;chips-act;cloud;posture-observer;triptyque,Routine quotidienne V2 2026-06-08 | triptyque package souverainete tech Scott attention | Brouillon WordPress créé via script | Maillage interne triptyque ajoute automatiquement
2026-509,James C. Scott : voir comme un Etat — lire CAIDA et la grille de souverainete cloud,TF,TECH,publie,V1,2026-06-08,2026-06-08,Le Phare Info,Comprendre,2026-508;2026-510,James C. Scott;Seeing Like a State;legibilite;souverainete cloud;CAIDA,Dans Seeing Like a State Scott montre comment les Etats rendent le monde lisible par des simplifications. Cadre pour lire CAIDA.,Presenter la these de Scott pour le package souverainete de juin 2026.,2026-509_TF_TECH_james_c_scott_voir_comme_un_etat_souverainete_cloud_caida_V1.md,04_Textes_fondateurs/Auteurs,2026-06-08,https://le-phare.info/james-c-scott-voir-comme-un-etat-souverainete-cloud-caida/,james-c-scott-voir-comme-un-etat-souverainete-cloud-caida,textes-fondateurs,technologie-ia;sentier-approfondissement;james-c-scott;seeing-like-a-state;caida;souverainete-cloud;triptyque,Routine quotidienne V2 2026-06-08 | TF Scott CAIDA | Brouillon WordPress créé via script | Maillage interne triptyque ajoute automatiquement
2026-510,Tenir son attention face au cycle souverainete tech : six regles pour juin 2026,SENTIER,TECH,publie,V1,2026-06-08,2026-06-08,Le Phare Info,Etape 09 — Cultiver l equilibre corps-esprit,2026-508;2026-509,hygiene numerique;attention;souverainete technologique;atelier;CAIDA,Atelier etape 9 fondamental 2026-124 : six regles pour suivre le package souverainete de juin 2026.,Grille hygiene attentionnelle appliquee au dossier souverainete tech.,2026-510_SENTIER_TECH_tenir_attention_cycle_souverainete_tech_juin_2026_V1.md,05_Sentier/Etape_09_Equilibre_corps_esprit,2026-06-08,https://le-phare.info/tenir-attention-cycle-souverainete-tech-juin-2026/,tenir-attention-cycle-souverainete-tech-juin-2026,sentier-du-savoir,technologie-ia;sentier-equilibre;hygiene-numerique;attention;atelier-sentier;fondamental-2026-124;posture-comprendre;triptyque,Routine quotidienne V2 2026-06-08 | atelier fondamental 2026-124 | Brouillon WordPress créé via script | Maillage interne triptyque ajoute automatiquement
2026-511,Briefing Slow — lundi 8 juin 2026 : trois calendriers qui ne coïncident pas,BRIEFING,MONDE,publie,V1,2026-06-08,2026-06-08,Le Phare Info,Etape 02 — Pensee critique,2026-436;2026-496;2026-499;2026-508,briefing slow;actualite;Moyen-Orient;Ukraine;energie;Union europeenne,"Le 8 juin 2026, trêve rompue, diplomatie ukrainienne et réponses UE ne suivent pas le même rythme. Briefing slow reliant les faits aux outils Le Phare.",Prototype briefing slow quotidien : cadrer l actualité et renvoyer vers le graphe éditorial.,2026-511_BRIEFING_MONDE_briefing_slow_lundi_8_juin_2026_V1.md,01_Actualites/Politique_Societe,2026-06-08,https://le-phare.info/briefing-monde-briefing-slow-lundi-8-juin-2026/,briefing-monde-briefing-slow-lundi-8-juin-2026,actualites,politique-societe;sentier-critique;briefing-slow;slow-journalism;posture-observer,Prototype briefing slow 2026-06-08 | publication assistée | Brouillon WordPress créé via script
2026-512,"AccelerateEU : fiscalite electricite, 44 mesures et ce que la deuxieme vague de choc change en juin 2026",ACTU,CLIMAT,publie,V1,2026-06-09,2026-06-09,Le Phare Info,Observer,2026-513;2026-514,AccelerateEU;fiscalite energetique;electrification;choc petrolier;Union europeenne,"Lance le 23 avril 2026, AccelerateEU recense 44 mesures face au choc petro-gazier (+24 Md EUR). Refonte fiscale electricite/gaz en cours ; reprise des hostilites debut juin rappelle l ecart urgence/structure.","Situer AccelerateEU en juin 2026 sans confondre mesures temporaires, refonte fiscale et promesse d electrification.",2026-512_ACTU_CLIMAT_accelerateeu_fiscalite_electricite_choc_juin_2026_V1.md,01_Actualites/Climat_Transition,2026-06-09,https://le-phare.info/accelerateeu-fiscalite-electricite-choc-juin-2026/,accelerateeu-fiscalite-electricite-choc-juin-2026,actualites,environnement-climat;sentier-critique;accelerateeu;fiscalite-energetique;electrification;transition-energetique;posture-observer;triptyque,Routine quotidienne V2 2026-06-09 | triptyque AccelerateEU fiscalite | Brouillon WordPress créé via script | Maillage interne triptyque ajoute automatiquement
2026-513,Vaclav Smil et AccelerateEU : lire une strategie d urgence a la vitesse reelle des infrastructures,TF,CLIMAT,publie,V1,2026-06-09,2026-06-09,Le Phare Info,Comprendre,2026-512;2026-514,Vaclav Smil;AccelerateEU;transitions energetiques;electrification;infrastructures,Smil montre que les systemes energetiques changent par sedimentation lente. Relire AccelerateEU a cette echelle evite de confondre urgence politique et deploiement materiel.,Grille durable pour lire les strategies europeennes d acceleration face aux chocs fossiles.,2026-513_TF_CLIMAT_vaclav_smil_accelerateeu_lenteur_transitions_V1.md,04_Textes_fondateurs/Auteurs,2026-06-09,https://le-phare.info/vaclav-smil-accelerateeu-lenteur-transitions/,vaclav-smil-accelerateeu-lenteur-transitions,textes-fondateurs,environnement-climat;sentier-approfondissement;vaclav-smil;accelerateeu;transitions-energetiques;triptyque,Routine quotidienne V2 2026-06-09 | TF Smil AccelerateEU | Brouillon WordPress créé via script | Maillage interne triptyque ajoute automatiquement
2026-514,"Distinguer urgence, structure et fiscalite : sept reperes dans AccelerateEU (juin 2026)",SENTIER,CLIMAT,publie,V1,2026-06-09,2026-06-09,Le Phare Info,Etape 04 — Expertise,2026-512;2026-513,AccelerateEU;cartographie;fiscalite energetique;expertise;atelier,Atelier etape 4 fondamental 2026-178 : sept reperes pour cartographier AccelerateEU apres le catalogue du 13 mai 2026.,Grille reutilisable pour se reperer dans un paquet energetique europeen dense.,2026-514_SENTIER_CLIMAT_distinguer_urgence_structure_fiscalite_accelerateeu_V1.md,05_Sentier/Etape_04_Expertise,2026-06-09,https://le-phare.info/distinguer-urgence-structure-fiscalite-accelerateeu/,distinguer-urgence-structure-fiscalite-accelerateeu,sentier-du-savoir,environnement-climat;sentier-approfondissement;accelerateeu;cartographie;atelier-sentier;fondamental-2026-178;posture-comprendre;triptyque,Routine quotidienne V2 2026-06-09 | atelier fondamental 2026-178 | Brouillon WordPress créé via script | Maillage interne triptyque ajoute automatiquement
2026-515,"Briefing Slow — mercredi 10 juin 2026 : Ormuz élargi, ETS sous pression, Ukraine sans médiateur",BRIEFING,MONDE,publie,V1,2026-06-10,2026-06-10,Le Phare Info,Etape 02 — Pensee critique,2026-511;2026-512;2026-496;2026-436,briefing slow;actualite;Moyen-Orient;Ormuz;ETS;Ukraine;sanctions;AccelerateEU,"Le 10 juin 2026, frappes Ormuz élargies, bataille ETS du 15 juillet, Ukraine et 18e paquet sanctions. Briefing slow reliant les faits au graphe Le Phare.",Revue de presse slow quotidienne : cadrer l actualité du 10 juin et renvoyer vers le graphe éditorial.,2026-515_BRIEFING_MONDE_briefing_slow_mercredi_10_juin_2026_V1.md,01_Actualites/Politique_Societe,2026-06-10,https://le-phare.info/briefing-monde-briefing-slow-mercredi-10-juin-2026/,briefing-monde-briefing-slow-mercredi-10-juin-2026,actualites;revue-de-presse,politique-societe;sentier-critique;briefing-slow;slow-journalism;posture-observer;revue-de-presse,Revue de presse / briefing slow 2026-06-10 | publication assistée | Brouillon WordPress créé via script
2026-516,"Dépenses nucléaires mondiales : 119 milliards de dollars en 2025, et trois chiffres français à ne pas confondre",ACTU,MONDE,publie,V1,2026-06-10,2026-06-10,Le Phare Info,Observer,2026-517;2026-518,ICAN;dépenses nucléaires;dissuasion;LPM;budget de défense;transparence budgétaire,"Le 9 juin 2026, ICAN chiffre à 119 Md$ (+19 %) les dépenses 2025 des neuf États nucléaires. Côté français, trois chiffres circulent — 37 Md€ (LPM dissuasion), plus de 6 Md€/an, 449 Md€ (LPM 2026-2030 totale) — qui ne se comparent pas terme à terme.",Situer le rapport ICAN du 9 juin 2026 et les chiffres français de la dissuasion sans laisser le lecteur fusionner des échelles différentes.,2026-516_ACTU_MONDE_depenses_nucleaires_119_milliards_juin_2026_V1.md,01_Actualites/Politique_Societe,2026-06-10,https://le-phare.info/depenses-nucleaires-mondiales-119-milliards-2026/,depenses-nucleaires-mondiales-119-milliards-2026,actualites,monde;sentier-critique;posture-observer;triptyque,"Triptyque routine_monde_depenses_nucleaires_2026-06-10, ordre 1/3 | Brouillon WordPress créé via script | Maillage interne triptyque ajoute automatiquement"
2026-517,Thomas Schelling : pourquoi un budget nucléaire est aussi un message,TF,MONDE,publie,V1,2026-06-10,2026-06-10,Le Phare Info,Comprendre,2026-516;2026-518,Thomas Schelling;théorie des jeux;dissuasion;engagement crédible;stratégie nucléaire,Schelling montre qu'un budget de dissuasion n'est pas qu'une dépense militaire : c'est aussi un signal de crédibilité adressé à un adversaire. Relire le rapport ICAN du 9 juin 2026 avec ce cadre évite de réduire +19 % à un simple chiffre d'escalade.,Donner une grille de lecture durable pour comprendre pourquoi les budgets nucléaires augmentent même quand aucune partie ne dit vouloir une escalade.,2026-517_TF_MONDE_thomas_schelling_dissuasion_nucleaire_V1.md,04_Textes_fondateurs/Auteurs,2026-06-10,https://le-phare.info/thomas-schelling-budget-nucleaire-message-credibilite/,thomas-schelling-budget-nucleaire-message-credibilite,textes-fondateurs,monde;sentier-approfondissement;posture-comprendre;triptyque,"Triptyque routine_monde_depenses_nucleaires_2026-06-10, ordre 2/3 | Brouillon WordPress créé via script | Maillage interne triptyque ajoute automatiquement"
2026-518,Repérer les sophismes derrière les chiffres-chocs du nucléaire militaire (juin 2026),SENTIER,MONDE,publie,V1,2026-06-10,2026-06-10,Le Phare Info,Etape 03 — Argumentation,2026-516;2026-517,sophismes;argumentation;dépenses nucléaires;ICAN;esprit critique;atelier,"Atelier étape 3, fondamental 2026-188 (Repérer et éviter les sophismes) : cinq sophismes à surveiller quand un chiffre-choc circule, appliqués au rapport ICAN (119 Md$, +19 %) et aux chiffres français de la dissuasion (37 Md€, 6 Md€/an, 449 Md€).",Donner une grille réutilisable pour lire un chiffre-choc budgétaire sans tomber dans les sophismes les plus fréquents.,2026-518_SENTIER_MONDE_reperer_sophismes_chiffres_chocs_nucleaire_V1.md,05_Sentier/Etape_03_Argumentation,2026-06-10,https://le-phare.info/reperer-sophismes-chiffres-chocs-nucleaire-militaire/,reperer-sophismes-chiffres-chocs-nucleaire-militaire,sentier-du-savoir,monde;sentier-approfondissement;posture-comprendre;triptyque;atelier-sentier;fondamental-2026-188,"Atelier du fondamental 2026-188 ; Triptyque routine_monde_depenses_nucleaires_2026-06-10, ordre 3/3 | Brouillon WordPress créé via script | Maillage interne triptyque ajoute automatiquement"
2026-519,Cathédrale d'Angers : ce que la galerie de Kengo Kuma protège — et ce qu'elle ne tranche pas,ACTU,CULTURE,publie,V1,2026-06-11,2026-06-11,Le Phare Info,Observer,2026-520;2026-521,Kengo Kuma;cathédrale d'Angers;patrimoine architectural;restauration;architecture contemporaine,"Le 9 avril 2026, Angers a inauguré la galerie contemporaine de Kengo Kuma devant le portail polychrome du XIIe siècle. Cinq arches de béton, 4,4 M€ financés par l'État, 74 candidatures au concours : protection fonctionnelle et débat patrimonial.","Situer l'inauguration du 9 avril 2026 et les controverses qu'elle suscite, sans trancher entre les positions en présence.",2026-519_ACTU_CULTURE_cathedrale_angers_galerie_kengo_kuma_V1.md,01_Actualites/Culture,2026-06-11,https://le-phare.info/cathedrale-angers-galerie-kengo-kuma/,cathedrale-angers-galerie-kengo-kuma,actualites,culture-philosophie;sentier-critique;posture-observer;triptyque;patrimoine;architecture-contemporaine;kengo-kuma,"Triptyque routine_culture_cathedrale_angers_2026-06-11, ordre 1/3 | Brouillon WordPress créé via script | Maillage interne triptyque ajoute automatiquement"
2026-520,"John Ruskin : restaurer, préserver — et lire Angers sans faux dilemme",TF,CULTURE,publie,V1,2026-06-11,2026-06-11,Le Phare Info,Comprendre,2026-519;2026-521,John Ruskin;restauration;patrimoine;authenticité;architecture,Ruskin distingue restaurer (effacer le temps) et préserver (transmettre la trace). Grille pour relire la galerie Kuma à Angers sans opposer naïvement passé et présent.,Donner une grille durable pour comprendre les controverses patrimoniales.,2026-520_TF_CULTURE_john_ruskin_lampe_memoire_restaurer_preserver_angers_V1.md,04_Textes_fondateurs/Auteurs,2026-06-11,https://le-phare.info/john-ruskin-lampe-memoire-restaurer-preserver-angers/,john-ruskin-lampe-memoire-restaurer-preserver-angers,textes-fondateurs,culture-philosophie;sentier-approfondissement;posture-comprendre;triptyque;john-ruskin;patrimoine,"Triptyque routine_culture_cathedrale_angers_2026-06-11, ordre 2/3 | Brouillon WordPress créé via script | Maillage interne triptyque ajoute automatiquement"
2026-521,Ce que la galerie d'Angers révèle sur nos lectures de l'art (juin 2026),SENTIER,CULTURE,publie,V1,2026-06-11,2026-06-11,Le Phare Info,Etape 01 — Construire une culture générale solide,2026-519;2026-520,arts et littérature;patrimoine;architecture contemporaine;atelier,"Atelier étape 1, fondamental 2026-206 : quatre questions pour lire la galerie Kuma comme œuvre de notre temps, ancré sur Le Monde et Chroniques d'architecture.",Donner une grille réutilisable pour analyser une polémique patrimoniale sans réduire l'art à goût personnel.,2026-521_SENTIER_CULTURE_ce_que_galerie_angers_revele_lectures_art_patrimoine_V1.md,05_Sentier/Etape_01_Culture_generale,2026-06-11,https://le-phare.info/ce-que-galerie-angers-revele-lectures-art-patrimoine/,ce-que-galerie-angers-revele-lectures-art-patrimoine,sentier-du-savoir,culture-philosophie;sentier-culture;posture-comprendre;triptyque;atelier-sentier;fondamental-2026-206;patrimoine,"Atelier du fondamental 2026-206 ; Triptyque routine_culture_cathedrale_angers_2026-06-11, ordre 3/3 | Brouillon WordPress créé via script | Maillage interne triptyque ajoute automatiquement"
2026-522,"Münchhausen par procuration : six mois après le procès Daubon, ce qu'un diagnostic rare change — et ce qu'il ne prouve pas",ACTU,SCIENCE,publie,V1,2026-06-11,2026-06-11,Le Phare Info,Observer,2026-523;2026-524,Münchhausen par procuration;trouble factice imposé à autrui;maltraitance;diagnostic pédiatrique;procès Daubon,"Le 3 décembre 2025, Maylis Daubon est condamnée pour empoisonnement ; le SMPP a été évoqué au procès. En juin 2026, la littérature rappelle la rareté du trouble et la difficulté diagnostique.","Situer le syndrome après une affaire judiciaire médiatisée, en séparant nomenclature médicale, faisceau d'indices et verdict.",2026-522_ACTU_SCIENCE_munchhausen_par_procuration_lecture_critique_juin_2026_V1.md,01_Actualites/Science_Sante,2026-06-11,https://le-phare.info/munchhausen-par-procuration-lecture-critique-juin-2026/,munchhausen-par-procuration-lecture-critique-juin-2026,actualites,science-sante;sentier-critique;posture-observer;triptyque;munchhausen-par-procuration;maltraitance-enfance;diagnostic,"Triptyque routine_science_munchhausen_procuration_2026-06-11, ordre 1/3 | Brouillon WordPress créé via script | Maillage interne triptyque ajoute automatiquement"
2026-523,Roy Meadow (1977) : nommer le Münchhausen par procuration — et connaître les limites de la grille,TF,SCIENCE,publie,V1,2026-06-11,2026-06-11,Le Phare Info,Comprendre,2026-522;2026-524,Roy Meadow;Münchhausen par procuration;trouble factice;pédiatrie;1977,"En 1977, Roy Meadow décrit le Münchhausen by proxy. Grille pour relire le procès Daubon et la littérature 2025 sans transformer une hypothèse en verdict social.","Donner une grille durable sur l'origine conceptuelle du SMPP et ses usages cliniques, juridiques et médiatiques.",2026-523_TF_SCIENCE_roy_meadow_munchhausen_par_procuration_1977_grille_V1.md,04_Textes_fondateurs/Auteurs,2026-06-11,https://le-phare.info/roy-meadow-munchhausen-par-procuration-1977-grille/,roy-meadow-munchhausen-par-procuration-1977-grille,textes-fondateurs,science-sante;sentier-approfondissement;posture-comprendre;triptyque;roy-meadow;trouble-factice,"Triptyque routine_science_munchhausen_procuration_2026-06-11, ordre 2/3 | Brouillon WordPress créé via script | Maillage interne triptyque ajoute automatiquement"
2026-524,Décoder trois niveaux de source autour du Münchhausen par procuration (juin 2026),SENTIER,SCIENCE,publie,V1,2026-06-11,2026-06-11,Le Phare Info,Etape 02 — Maitriser la pensee critique et l'analyse,2026-522;2026-523,lecture critique;sources;Münchhausen par procuration;atelier,"Atelier étape 2, fondamental 2026-198 : trois niveaux de source — scientifique, judiciaire, médiatique — appliqués au SMPP après le procès Daubon.","Grille réutilisable pour ne pas confondre hypothèse clinique, fait judiciaire et raccourci de presse.",2026-524_SENTIER_SCIENCE_decoder_trois_niveaux_source_munchhausen_procuration_V1.md,05_Sentier/Etape_02_Pensee_critique,2026-06-11,https://le-phare.info/decoder-trois-niveaux-source-munchhausen-procuration/,decoder-trois-niveaux-source-munchhausen-procuration,sentier-du-savoir,science-sante;sentier-critique;posture-comprendre;triptyque;atelier-sentier;fondamental-2026-198;lecture-des-sources,"Atelier du fondamental 2026-198 ; Triptyque routine_science_munchhausen_procuration_2026-06-11, ordre 3/3 | Brouillon WordPress créé via script | Maillage interne triptyque ajoute automatiquement"
2026-525,Le « problème difficile » de la conscience : ce que Christof Koch remet en jeu — et ce que la neuroscience ne résout pas encore,ACTU,SCIENCE,publie,V1,2026-06-15,2026-06-15,Le Phare Info,Observer,2026-526;2026-527,conscience;problème difficile;neurosciences;Christof Koch;David Chalmers;IIT;panpsychisme,"En avril 2026, Koch plaide pour une conscience fondamentale plutôt que produite par le cerveau. Trente ans après Chalmers, le problème difficile reste ouvert : cartographier le cerveau n explique pas encore le ressenti subjectif.","Situer le débat contemporain sur la conscience subjective après Koch (avril 2026), en séparant progrès empiriques, impasse explicative et polémiques médiatiques.",2026-525_ACTU_SCIENCE_probleme_difficile_conscience_koch_chalmers_juin_2026_V1.md,01_Actualites/Science_Sante,2026-06-15,https://le-phare.info/probleme-difficile-conscience-koch-chalmers-juin-2026/,probleme-difficile-conscience-koch-chalmers-juin-2026,actualites,science-sante;sentier-critique;posture-observer;triptyque;probleme-difficile-conscience;christof-koch;david-chalmers,"Triptyque routine_science_conscience_probleme_difficile_2026-06-15, ordre 1/3 | Brouillon WordPress créé via script | Maillage interne triptyque ajoute automatiquement"
2026-526,David Chalmers (1995) : nommer le « problème difficile » — et ne pas le confondre avec les « faciles »,TF,SCIENCE,publie,V1,2026-06-15,2026-06-15,Le Phare Info,Comprendre,2026-525;2026-527,David Chalmers;problème difficile;conscience;1995;philosophie de l esprit;qualia,"En 1995, Chalmers sépare problèmes faciles (mécanismes) et problème difficile (expérience vécue). Grille pour lire Koch 2026 sans confondre cartographie et explication.",Donner une grille durable sur la distinction chalmérienne trente ans après sa formulation.,2026-526_TF_SCIENCE_david_chalmers_probleme_difficile_conscience_1995_grille_V1.md,04_Textes_fondateurs/Auteurs,2026-06-15,https://le-phare.info/david-chalmers-probleme-difficile-conscience-1995-grille/,david-chalmers-probleme-difficile-conscience-1995-grille,textes-fondateurs,science-sante;sentier-approfondissement;posture-comprendre;triptyque;david-chalmers;probleme-difficile-conscience,"Triptyque routine_science_conscience_probleme_difficile_2026-06-15, ordre 2/3 | Brouillon WordPress créé via script | Maillage interne triptyque ajoute automatiquement"
2026-527,Cartographier trois controverses sur le problème difficile de la conscience (juin 2026),SENTIER,CULTURE,publie,V1,2026-06-15,2026-06-15,Le Phare Info,Etape 04 — Approfondir un ou plusieurs domaines d expertise,2026-525;2026-526,controverses;conscience;problème difficile;IIT;matérialisme;atelier,"Atelier étape 4, fondamental 2026-177 : trois controverses structurantes appliquées à Koch (avril 2026) et Chalmers (1995).",Grille réutilisable pour situer un débat sur la conscience sans duel simpliste science vs mystère.,2026-527_SENTIER_CULTURE_cartographier_controverses_probleme_difficile_conscience_V1.md,05_Sentier/Etape_04_Expertise,2026-06-15,https://le-phare.info/cartographier-controverses-probleme-difficile-conscience/,cartographier-controverses-probleme-difficile-conscience,sentier-du-savoir,culture-philosophie;sentier-approfondissement;posture-comprendre;triptyque;atelier-sentier;fondamental-2026-177;probleme-difficile-conscience,"Atelier du fondamental 2026-177 ; Triptyque routine_science_conscience_probleme_difficile_2026-06-15, ordre 3/3 | Brouillon WordPress créé via script | Maillage interne triptyque ajoute automatiquement"
2026-528,Le Digital Omnibus retouche l AI Act : ce que le report au 2 decembre 2027 change — et ce qui ne bouge pas,ACTU,TECH,publie,V1,2026-06-25,2026-06-25,Le Phare Info,Observer,2026-529;2026-530,Digital Omnibus;AI Act;regulation IA;conformite;Union europeenne;2027,"Le 16 juin 2026, le Parlement europeen adopte le Digital Omnibus : report de la conformite IA a haut risque au 2 decembre 2027, acceleration du marquage des contenus IA et nouvelles interdictions.","Situer les effets concrets du Digital Omnibus sur le calendrier de l AI Act, sans reduire le report a un simple recul.",2026-528_ACTU_TECH_digital_omnibus_ai_act_report_conformite_2027_V1.md,01_Actualites/Technologie_IA,2026-06-25,https://le-phare.info/digital-omnibus-ai-act-report-conformite-2027/,digital-omnibus-ai-act-report-conformite-2027,actualites,technologie-ia;sentier-transmission;posture-observer;triptyque;digital-omnibus;ai-act;regulation-ia,"Triptyque routine_tech_digital_omnibus_ai_act_2026-06-25, ordre 1/3 | Brouillon WordPress créé via script | Maillage interne triptyque ajoute automatiquement"
2026-529,David Collingridge (1980) : le dilemme du controle technologique — reguler tot sans comprendre ou comprendre tard sans pouvoir reguler,TF,TECH,publie,V1,2026-06-25,2026-06-25,Le Phare Info,Comprendre,2026-528;2026-530,David Collingridge;dilemme;controle technologique;regulation;innovation;AI Act;1980,"En 1980, Collingridge formule un dilemme : une technologie est facile a controler quand on ignore ses effets, et difficile a controler quand ils deviennent visibles. Grille pour relire le Digital Omnibus.",Donner une grille durable sur le dilemme de Collingridge et montrer sa pertinence pour la regulation europeenne de l IA.,2026-529_TF_TECH_david_collingridge_dilemme_controle_technologique_1980_V1.md,04_Textes_fondateurs/Auteurs,2026-06-25,https://le-phare.info/david-collingridge-dilemme-controle-technologique-1980/,david-collingridge-dilemme-controle-technologique-1980,textes-fondateurs,technologie-ia;sentier-transmission;posture-comprendre;triptyque;david-collingridge;dilemme-collingridge;regulation-ia,"Triptyque routine_tech_digital_omnibus_ai_act_2026-06-25, ordre 2/3 | Brouillon WordPress créé via script | Maillage interne triptyque ajoute automatiquement"
2026-530,Construire trois niveaux de vulgarisation pour transmettre une regle IA sans la deformer (juin 2026),SENTIER,TECH,publie,V1,2026-06-25,2026-06-25,Le Phare Info,"Etape 07 — Ecrire, transmettre, enseigner",2026-528;2026-529,vulgarisation;transmission;AI Act;Digital Omnibus;niveaux de lecture;atelier,"Atelier etape 7, fondamental 2026-149 : trois niveaux de vulgarisation — citoyen, professionnel, expert — appliques au Digital Omnibus (16 juin 2026).",Donner une grille reutilisable pour vulgariser un texte reglementaire complexe en trois niveaux de lecture.,2026-530_SENTIER_TECH_construire_trois_niveaux_vulgarisation_regle_ia_V1.md,05_Sentier/Etape_07_Transmission,2026-06-25,https://le-phare.info/construire-trois-niveaux-vulgarisation-regle-ia/,construire-trois-niveaux-vulgarisation-regle-ia,sentier-du-savoir,technologie-ia;sentier-transmission;posture-comprendre;triptyque;atelier-sentier;fondamental-2026-149;vulgarisation;ai-act,"Atelier du fondamental 2026-149 ; Triptyque routine_tech_digital_omnibus_ai_act_2026-06-25, ordre 3/3 | Brouillon WordPress créé via script | Maillage interne triptyque ajoute automatiquement"
2026-531,Le missile « à IA » de Pyongyang : ce que l'essai du 3 octobre montre — et ce qu'un mot suffit à faire croire,ACTU,TECH,wp_draft,V1,2026-10-05,2026-10-05,Le Phare Info,,2026-516;2026-517;2026-528,Corée du Nord;missile;intelligence artificielle;dissuasion;signal stratégique;vérification,"Le 3 octobre 2026, la Corée du Nord a tiré un missile de portée intermédiaire qu'elle dit doté d'intelligence artificielle. Ce qui est vérifié, ce qui ne l'est pas, et pourquoi le mot « IA » est devenu une arme de communication.",Distinguer la capacité démontrée du message stratégique dans une annonce militaire invérifiable.,2026-531_ACTU_TECH_missile_ia_coree_du_nord_essai_3_octobre_2026_V1.md,01_Actualites/Technologie_IA,,https://le-phare.info/?p=5469,missile-ia-coree-du-nord-essai-3-octobre-2026,actualites,technologie-ia;sentier-critique;posture-distance;type-actualite;question-du-phare;intelligence-artificielle;coree-du-nord;dissuasion,Routine quotidienne v3 — type actualite | Brouillon WordPress créé via script
2026-532,"Saint François, 800 ans après : ce que l'Italie célèbre en refaisant du 4 octobre un jour férié",ACTU,CULTURE,wp_draft,V1,2026-10-05,2026-10-05,Le Phare Info,,2026-519;2026-520,saint François d'Assise;Assise;jour férié;Italie;patrimoine;sécularisation;mémoire,"Le 4 octobre 2026, l'Italie a fêté les 800 ans de la mort de saint François, pour la première fois depuis 1977 en jour férié national. Ce que dit ce retour d'une fête religieuse dans le calendrier civil, et ce qu'il laisse ouvert.","Comprendre ce qu'un État sécularisé célèbre en restaurant une fête religieuse, entre foi, mémoire nationale et valeurs civiles.",2026-532_ACTU_CULTURE_saint_francois_assise_800_ans_4_octobre_ferie_italie_V1.md,01_Actualites/Culture,,https://le-phare.info/?p=5471,saint-francois-assise-800-ans-4-octobre-ferie-italie,actualites,culture-philosophie;sentier-culture;posture-observer;type-actualite;question-du-phare;saint-francois-d-assise;patrimoine;secularisation,Routine quotidienne v3 — type actualite | Brouillon WordPress créé via script
2026-533,"Lettonie : Andris Kulbergs gagne les législatives, mais une victoire n'est pas une majorité",ACTU,POL,wp_draft,V1,2026-10-05,2026-10-05,Le Phare Info,,2026-505;2026-109,Lettonie;élections législatives;Andris Kulbergs;Liste unie;coalition;Saeima,"Le 3 octobre 2026, la Liste unie du Premier ministre Andris Kulbergs arrive nettement en tête des législatives lettones, sans majorité. Lecture d'un résultat entre sécurité, coût de la vie et fragmentation.","Apprendre à lire un résultat électoral proportionnel : score, sièges, participation et coalition.",2026-533_ACTU_POL_lettonie_legislatives_3_octobre_2026_kulbergs_V1.md,01_Actualites/Politique_Societe,,https://le-phare.info/?p=5473,lettonie-legislatives-3-octobre-2026-kulbergs,actualites,politique-societe;sentier-critique;posture-observer;type-actualite;question-du-phare;lettonie;elections;pays-baltes,Routine quotidienne v3 — type actualite | Brouillon WordPress créé via script
2026-534,"Brésil : Flávio Bolsonaro devant Lula au premier tour, et des sondages pris à revers",ACTU,MONDE,wp_draft,V1,2026-10-05,2026-10-05,Le Phare Info,,2026-533;2026-024,Brésil;élection présidentielle;Lula;Flávio Bolsonaro;sondages;polarisation,"Le 4 octobre 2026, Flávio Bolsonaro devance Lula au premier tour de la présidentielle brésilienne, alors que les sondages donnaient le président sortant légèrement en tête. Second tour le 25 octobre.",Lire un écart entre sondages et résultat sans conclure trop vite à une erreur ou à une manipulation.,2026-534_ACTU_MONDE_bresil_presidentielle_premier_tour_4_octobre_2026_lula_flavio_bolsonaro_V1.md,01_Actualites/Politique_Societe,,https://le-phare.info/?p=5475,bresil-presidentielle-premier-tour-4-octobre-2026-lula-flavio-bolsonaro,actualites,monde;sentier-critique;posture-observer;type-actualite;question-du-phare;bresil;elections;sondages,Routine quotidienne v3 — type actualite | Brouillon WordPress créé via script
2026-535,"Éthiopie : l'armée fédérale reprend Mekelle, et chaque camp raconte une autre guerre",ACTU,MONDE,wp_draft,V1,2026-10-05,2026-10-05,Le Phare Info,,2026-496;2026-497,Éthiopie;Tigré;Mekelle;TPLF;Abiy Ahmed;conflit,"Le 3 octobre 2026, l'armée fédérale éthiopienne reprend l'aéroport de Mekelle, dix jours après l'offensive d'une alliance menée par le TPLF. Le TPLF dit s'être « temporairement retiré ». Lecture d'une guerre racontée par deux camps.","Distinguer les faits attestés, les déclarations des belligérants et les interprétations dans un conflit en cours.",2026-535_ACTU_MONDE_ethiopie_tigre_mekelle_reprise_armee_federale_octobre_2026_V1.md,01_Actualites/Politique_Societe,,https://le-phare.info/?p=5477,ethiopie-tigre-mekelle-reprise-armee-federale-octobre-2026,actualites,monde;sentier-critique;posture-observer;type-actualite;question-du-phare;ethiopie;tigre;conflits-armes,Routine quotidienne v3 — type actualite | Brouillon WordPress créé via script
2026-536,"G7 : 100 millions de barils de réserves pour calmer le diesel, un remède à court terme",ACTU,ECON,wp_draft,V1,2026-10-05,2026-10-05,Le Phare Info,,2026-445;2026-479;2026-512,G7;réserves stratégiques;diesel;pétrole;AIE;prix de l'énergie,"Le 2 octobre 2026, le G7 annonce la libération coordonnée de jusqu'à 100 millions de barils de diesel et de brut sur quatre mois, sous l'égide de l'AIE. Ce qu'une réserve stratégique peut faire, et ce qu'elle ne peut pas faire.",Comprendre le rôle et les limites des réserves stratégiques dans une crise des prix de l'énergie.,2026-536_ACTU_ECON_g7_reserves_strategiques_100_millions_barils_diesel_octobre_2026_V1.md,01_Actualites/Economie_Finance,,https://le-phare.info/?p=5479,g7-reserves-strategiques-100-millions-barils-diesel-octobre-2026,actualites,economie-finance;sentier-approfondissement;posture-observer;type-actualite;question-du-phare;petrole;diesel;g7,Routine quotidienne v3 — type actualite | Brouillon WordPress créé via script
2026-537,"Irkoutsk : une technicienne morte d'une peste suspectée, et la question du risque en laboratoire",ACTU,SCIENCE,wp_draft,V1,2026-10-05,2026-10-05,Le Phare Info,,2026-448;2026-485;2026-450,peste;Irkoutsk;laboratoire;biosécurité;Rospotrebnadzor;quarantaine,"Une technicienne de l'Institut antipeste d'Irkoutsk est morte le 1er octobre 2026, après une possible exposition en laboratoire. Les autorités parlent de pneumonie d'étiologie inconnue ; la peste pulmonaire est suspectée. Lecture d'une information sanitaire incertaine.","Lire une alerte sanitaire en distinguant diagnostic confirmé, suspicion et rumeur.",2026-537_ACTU_SCIENCE_irkoutsk_peste_suspectee_technicienne_laboratoire_octobre_2026_V1.md,01_Actualites/Science_Sante,,https://le-phare.info/?p=5481,irkoutsk-peste-suspectee-technicienne-laboratoire-octobre-2026,actualites,science-sante;sentier-science;posture-observer;type-actualite;question-du-phare;peste;biosecurite;russie,Routine quotidienne v3 — type actualite | Brouillon WordPress créé via script
2026-538,"Tsar Samuel : la Grèce remet à la Bulgarie des restes médiévaux, et deux mémoires se croisent",ACTU,CULTURE,wp_draft,V1,2026-10-05,2026-10-05,Le Phare Info,,2026-532;2026-520;2026-505,tsar Samuel;Bulgarie;Grèce;restitution;Prespa;mémoire nationale,"Le 3 octobre 2026, à Thessalonique, la Grèce a remis à la Bulgarie les restes attribués au tsar Samuel, découverts en 1965 près du lac Prespa. En échange, la Bulgarie rend 48 objets emportés pendant la Première Guerre mondiale.","Comprendre comment une restitution patrimoniale articule histoire, identité nationale et diplomatie.",2026-538_ACTU_CULTURE_tsar_samuel_restes_grece_bulgarie_thessalonique_3_octobre_2026_V1.md,01_Actualites/Culture,,https://le-phare.info/?p=5483,tsar-samuel-restes-grece-bulgarie-thessalonique-3-octobre-2026,actualites,culture-philosophie;sentier-culture;posture-observer;type-actualite;question-du-phare;bulgarie;grece;restitution,Routine quotidienne v3 — type actualite | Brouillon WordPress créé via script
2026-539,"Hawaï : l'arche de Hōlei s'effondre, et le paysage rappelle qu'il n'est jamais immobile",ACTU,CLIMAT,wp_draft,V1,2026-10-05,2026-10-05,Le Phare Info,,2026-454;2026-088;2026-010,Hōlei;Hawaï;Kīlauea;érosion;arche marine;parc national,"Fin septembre 2026, l'arche marine de Hōlei, haute d'environ 27 mètres, s'est effondrée dans le parc national des volcans d'Hawaï. Taillée dans une coulée de lave d'environ 550 ans, elle avait été fragilisée par les séismes de 2018 et la houle.","Comprendre un effondrement naturel en articulant temps géologique, événements extrêmes et attribution climatique.",2026-539_ACTU_CLIMAT_hawaii_arche_holei_effondrement_kilauea_octobre_2026_V1.md,01_Actualites/Climat_Transition,,https://le-phare.info/?p=5485,hawaii-arche-holei-effondrement-kilauea-octobre-2026,actualites,environnement-climat;sentier-vision;posture-observer;type-actualite;question-du-phare;hawaii;erosion;volcans,Routine quotidienne v3 — type actualite | Brouillon WordPress créé via script
2026-540,"Argentine : un passeport contre 350 000 dollars, ou ce que vaut une citoyenneté",ACTU,ECON,wp_draft,V1,2026-10-05,2026-10-05,Le Phare Info,,2026-536;2026-476;2026-488,Argentine;citoyenneté par investissement;passeport doré;Milei;investissements étrangers;nationalité,"Le 2 octobre 2026, à Paris, l'Argentine a présenté un programme de citoyenneté par investissement : 350 000 dollars de contribution ou 800 000 dollars d'obligations publiques. Une première en Amérique du Sud, qui pose la question de ce qu'est une nationalité.",Comprendre la logique économique des passeports dorés et les questions politiques qu'ils soulèvent.,2026-540_ACTU_ECON_argentine_citoyennete_par_investissement_milei_octobre_2026_V1.md,01_Actualites/Economie_Finance,,https://le-phare.info/?p=5487,argentine-citoyennete-par-investissement-milei-octobre-2026,actualites,economie-finance;sentier-approfondissement;posture-observer;type-actualite;question-du-phare;argentine;citoyennete;investissements,Routine quotidienne v3 — type actualite | Brouillon WordPress créé via script
2026-541,"Bosnie-Herzégovine : trois présidents élus le même soir, et un pays qui vote par communautés",ACTU,POL,wp_draft,V1,2026-10-05,2026-10-05,Le Phare Info,,2026-505;2026-506;2026-533,Bosnie-Herzégovine;élections;présidence tripartite;Dodik;Republika Srpska;Union européenne,"Le 4 octobre 2026, la Bosnie-Herzégovine a élu sa présidence tripartite, son Parlement et les institutions de ses deux entités. Résultats préliminaires, participation faible, et un système institutionnel hérité des accords de Dayton.",Comprendre un système électoral fondé sur les communautés et lire des résultats préliminaires avec prudence.,2026-541_ACTU_POL_bosnie_herzegovine_elections_generales_4_octobre_2026_V1.md,01_Actualites/Politique_Societe,,https://le-phare.info/?p=5489,bosnie-herzegovine-elections-generales-4-octobre-2026,actualites,politique-societe;sentier-critique;posture-observer;type-actualite;question-du-phare;bosnie-herzegovine;elections;balkans,Routine quotidienne v3 — type actualite | Brouillon WordPress créé via script
2026-542,"Lycées bloqués en France : des revendications scolaires, des violences, et un mouvement difficile à lire",ACTU,POL,wp_draft,V1,2026-10-05,2026-10-05,Le Phare Info,,2026-466;2026-029;2026-014,lycées;blocus;mouvement lycéen;éducation;austérité;manifestations,"Depuis le 21 septembre 2026, des blocages de lycées se sont étendus depuis l'académie de Créteil à toute la France. Classes surchargées, bâtiments dégradés, stress de Parcoursup : les revendications scolaires côtoient des violences graves. Lecture d'un mouvement à plusieurs visages.","Distinguer revendications, modes d'action et récits médiatiques dans un mouvement social en cours.",2026-542_ACTU_POL_france_blocages_lycees_mouvement_lyceen_octobre_2026_V1.md,01_Actualites/Politique_Societe,,https://le-phare.info/?p=5491,france-blocages-lycees-mouvement-lyceen-octobre-2026,actualites,politique-societe;sentier-critique;posture-observer;type-actualite;question-du-phare;education;lycees;mouvements-sociaux,Routine quotidienne v3 — type actualite | Brouillon WordPress créé via script
2026-543,"Washington crée une « Super Intelligence Force » : un tsar de l'IA, mais toujours pas de règle",ACTU,TECH,wp_draft,V1,2026-10-05,2026-10-05,Le Phare Info,,2026-528;2026-493;2026-531,intelligence artificielle;Super Intelligence Force;Jay Clayton;autorégulation;accord de la Maison-Blanche;gouvernance de l'IA,"Le 4 octobre 2026, Donald Trump a confié au directeur du renseignement national, Jay Clayton, la direction d'une « Super Intelligence Force ». Cinq jours plus tôt, six dirigeants de l'IA signaient un accord de sécurité non contraignant. Ce qui est décidé, ce qui ne l'est pas.","Distinguer, dans une annonce de gouvernance de l'IA, ce qui relève de l'organisation, de l'engagement volontaire et de la règle contraignante.",2026-543_ACTU_TECH_etats_unis_super_intelligence_force_jay_clayton_octobre_2026_V1.md,01_Actualites/Technologie_IA,,https://le-phare.info/?p=5493,etats-unis-super-intelligence-force-jay-clayton-octobre-2026,actualites,technologie-ia;sentier-critique;posture-observer;type-actualite;question-du-phare;intelligence-artificielle;gouvernance-ia;etats-unis,Routine quotidienne v3 — type actualite | Brouillon WordPress créé via script
2026-544,Peut-on laisser ceux qui développent une technologie juger seuls de sa sécurité ?,ACTU,TECH,wp_draft,V1,2026-10-05,2026-10-05,Le Phare Info,,2026-543;2026-493;2026-537;2026-529,autorégulation;conflit d'intérêts;audit indépendant;agences de notation;certification aéronautique;Collingridge,"L'accord de sécurité signé à la Maison-Blanche par six dirigeants de l'IA pose une question plus ancienne que l'IA : que vaut un contrôle organisé par ceux qu'il contrôle ? Finance, aviation, laboratoires : la même question, ailleurs.","Disposer de questions simples pour évaluer un dispositif d'autorégulation : qui contrôle, qui paie, qui voit les résultats, que se passe-t-il en cas de manquement.",2026-544_ACTU_TECH_question_du_phare_autoregulation_securite_technologie_V1.md,01_Actualites/Technologie_IA,,https://le-phare.info/?p=5495,question-du-phare-autoregulation-securite-technologie,actualites,technologie-ia;sentier-critique;posture-comprendre;type-question;question-du-phare;autoregulation;conflit-d-interets;gouvernance-ia,Routine quotidienne v3 — type question | Brouillon WordPress créé via script
2026-545,"Philadelphie : le plus ancien musée d'histoire naturelle des Amériques ferme, et une ville refuse de tourner la page",ACTU,CULTURE,wp_draft,V1,2026-10-05,2026-10-05,Le Phare Info,,2026-538;2026-519,musée;Academy of Natural Sciences;Philadelphie;Drexel;collections scientifiques;fréquentation,"Fondée en 1812, l'Academy of Natural Sciences de Philadelphie a fermé son musée au public fin septembre 2026. Drexel invoque la baisse de fréquentation et les coûts ; d'anciens salariés, des élus et une fondation contestent. Ce que l'on sait, ce qui reste ouvert.","Distinguer, dans la fermeture d'une institution culturelle, les raisons avancées, les critiques documentées et ce qui reste à décider.",2026-545_ACTU_CULTURE_philadelphie_academy_of_natural_sciences_fermeture_drexel_V1.md,01_Actualites/Culture,,https://le-phare.info/?p=5498,philadelphie-academy-of-natural-sciences-fermeture-drexel,actualites,culture-philosophie;sentier-science;posture-observer;type-actualite;question-du-phare;musees;patrimoine-scientifique;etats-unis,Routine quotidienne v3 — type actualite | Brouillon WordPress créé via script
2026-546,Un lieu de savoir doit-il être jugé à sa fréquentation ?,ACTU,CULTURE,wp_draft,V1,2026-10-05,2026-10-05,Le Phare Info,,2026-545;2026-538;2026-519,musées;fréquentation;indicateurs;collections scientifiques;Bourdieu;valeur du savoir,"La fermeture du musée de l'Academy of Natural Sciences de Philadelphie, motivée par la baisse des visites, pose une question plus large : que mesure la fréquentation, et que laisse-t-elle hors champ ? Œufs de rapaces, banque de semences du Svalbard, restes médiévaux : la même question, ailleurs.","Disposer de questions simples pour juger un indicateur de fréquentation : que mesure-t-il, qui compte-t-il, sur quelle durée, et quelle valeur laisse-t-il de côté.",2026-546_ACTU_CULTURE_question_du_phare_lieu_de_savoir_frequentation_V1.md,01_Actualites/Culture,,https://le-phare.info/?p=5500,question-du-phare-lieu-de-savoir-frequentation,actualites,culture-philosophie;sentier-science;posture-comprendre;type-question;question-du-phare;musees;indicateurs;patrimoine-scientifique,Routine quotidienne v3 — type question | Brouillon WordPress créé via script
2026-547,Le Fil du Phare — Sommes-nous en train de confondre ce qui se mesure avec ce qui compte ?,SYNTHESE,CULTURE,wp_draft,V1,2026-10-05,2026-10-05,Le Phare Info,,2026-531;2026-532;2026-533;2026-534;2026-535;2026-536;2026-537;2026-538;2026-539;2026-540;2026-541;2026-542;2026-543;2026-544;2026-545;2026-546,indicateurs;sondages;fréquentation;mesure;Campbell;Fil du Phare,"Un sondage pris à revers, une majorité qui n'en est pas une, un passeport à prix fixe, un musée fermé faute de visiteurs, une IA qui s'évalue elle-même : seize articles de la semaine racontent la même tension entre ce que l'on compte et ce que l'on veut savoir.","Relier les articles de la semaine autour d'un même réflexe : avant de juger sur un chiffre ou une étiquette, se demander ce qu'il mesure vraiment et ce qu'il laisse hors champ.",2026-547_SYNTHESE_CULTURE_fil_du_phare_mesurer_ce_qui_compte_V1.md,06_Syntheses/Fil_du_Phare,,https://le-phare.info/?p=5503,fil-du-phare-mesurer-ce-qui-compte,cycle,culture-philosophie;posture-relier;fil-du-phare;question-du-phare;synthese-hebdomadaire;indicateurs;esprit-critique,Routine hebdomadaire — Fil du Phare | Brouillon WordPress créé via script
2026-548,"Campbell et Goodhart : quand une mesure devient une cible, elle cesse de bien mesurer",TF,SCIENCE,wp_draft,V1,2026-10-05,2026-10-05,Le Phare Info,,2026-533;2026-534;2026-540;2026-544;2026-545;2026-546;2026-547,Donald T. Campbell;Charles Goodhart;Marilyn Strathern;indicateurs;mesure;évaluation;loi de Goodhart,"En 1975, l'économiste Charles Goodhart observe qu'une régularité statistique s'effondre dès qu'on s'en sert pour piloter. En 1976, le méthodologue Donald T. Campbell formule la même idée pour les politiques sociales. Une grille pour lire sondages, fréquentations et auto-évaluations sans prendre le chiffre pour la chose.","Donner une grille durable sur la déformation des indicateurs (Campbell, Goodhart, Strathern) et l'appliquer aux articles du mois.",2026-548_TF_SCIENCE_campbell_goodhart_quand_une_mesure_devient_une_cible_V1.md,04_Textes_fondateurs/Auteurs,,https://le-phare.info/?p=5505,campbell-goodhart-quand-une-mesure-devient-une-cible,textes-fondateurs,science-sante;sentier-critique;posture-comprendre;type-texte-fondateur;indicateurs;evaluation,Routine mensuelle — texte fondateur | Brouillon WordPress créé via script
2026-549,Climat : la Cour suprême américaine doit dire si une ville peut faire payer les pétroliers,ACTU,CLIMAT,wp_draft,V1,2026-10-06,2026-10-06,Le Phare Info,,2026-544;2026-456;2026-455,Cour suprême;Suncor;Exxon Mobil;Boulder;responsabilité climatique;contentieux climatique;Clean Air Act,"Le 5 octobre 2026, la Cour suprême des États-Unis a entendu l'affaire Suncor c. Boulder : un comté du Colorado demande à deux pétroliers de payer une partie de ses coûts d'adaptation au climat. Ce qui est en jeu, ce que les juges ont laissé voir, ce qui reste ouvert.","Comprendre ce que la Cour suprême doit trancher dans Suncor c. Boulder, distinguer les arguments en présence et ce qui reste incertain.",2026-549_ACTU_CLIMAT_cour_supreme_suncor_boulder_responsabilite_climatique_V1.md,01_Actualites/Climat_Transition,,https://le-phare.info/?p=5507,cour-supreme-suncor-boulder-responsabilite-climatique,actualites,environnement-climat;sentier-critique;posture-observer;type-actualite;question-du-phare;contentieux-climatique;responsabilite;etats-unis,Routine quotidienne v3 — type actualite | Brouillon WordPress créé via script
2026-550,"Quand un dommage a des millions d'auteurs, peut-on en tenir quelques-uns pour responsables ?",ACTU,CLIMAT,wp_draft,V1,2026-10-06,2026-10-06,Le Phare Info,,2026-549;2026-455;2026-485;2026-480;2026-304;2026-544,responsabilité;dommage collectif;climat;causalité;Hans Jonas;tromperie;contentieux,"Une ville du Colorado demande à deux pétroliers de payer une part de ses coûts climatiques. Derrière le procès, une question qui revient pour le tabac, les accidents industriels ou les technologies : quand un dommage a des millions d'auteurs, sur quoi fonder la responsabilité de quelques-uns ?","Disposer de questions simples pour juger une attribution de responsabilité dans un dommage collectif : qui a agi, qui savait, qui pouvait faire autrement, qui en a profité, et qui doit décider.",2026-550_ACTU_CLIMAT_question_du_phare_dommage_collectif_responsabilite_V1.md,01_Actualites/Climat_Transition,,https://le-phare.info/?p=5509,question-du-phare-dommage-collectif-responsabilite,actualites,environnement-climat;sentier-critique;posture-comprendre;type-question;question-du-phare;responsabilite;causalite;contentieux-climatique,Routine quotidienne v3 — type question | Brouillon WordPress créé via script
2026-551,"Nobel de médecine 2026 : l'optogénétique, ou comment une algue a appris aux chercheurs à piloter des neurones par la lumière",ACTU,SCIENCE,wp_draft,V1,2026-10-06,2026-10-06,Le Phare Info,,2026-546;2026-449;2026-529,prix Nobel 2026;optogénétique;channelrhodopsine;Karl Deisseroth;Peter Hegemann;Georg Nagel;neurosciences;recherche fondamentale,"Le 5 octobre 2026, le Nobel de physiologie ou médecine a récompensé Karl Deisseroth, Peter Hegemann et Georg Nagel pour l'optogénétique. Une technique née de l'étude d'une algue qui nage vers la lumière, devenue un outil central des neurosciences. Ce qui est établi, ce qui reste à prouver.","Comprendre ce qu'est l'optogénétique, comment elle est née et ce qu'elle permet aujourd'hui, en distinguant l'acquis du prometteur.",2026-551_ACTU_SCIENCE_nobel_medecine_2026_optogenetique_deisseroth_hegemann_nagel_V1.md,01_Actualites/Science_Sante,,https://le-phare.info/?p=5512,nobel-medecine-2026-optogenetique-deisseroth-hegemann-nagel,actualites,science-sante;sentier-science;posture-observer;type-actualite;question-du-phare;prix-nobel;neurosciences;recherche-fondamentale,Routine quotidienne v3 — type actualite | Brouillon WordPress créé via script
2026-552,Peut-on juger une recherche à son utilité prévisible ?,ACTU,SCIENCE,wp_draft,V1,2026-10-06,2026-10-06,Le Phare Info,,2026-551;2026-546;2026-545;2026-449;2026-548;2026-529,recherche fondamentale;utilité;financement de la recherche;Abraham Flexner;sérendipité;optogénétique;évaluation,"L'optogénétique, Nobel de médecine 2026, est née de l'étude d'une algue. Faut-il en conclure qu'on ne doit pas juger la recherche à ses applications prévisibles ? Ce que le cas montre, ce qu'il ne prouve pas, et quelques questions pour arbitrer.","Disposer de critères pour discuter du financement d'un savoir dont l'usage n'est pas connu d'avance, sans tomber ni dans l'utilitarisme étroit ni dans le chèque en blanc.",2026-552_ACTU_SCIENCE_question_du_phare_recherche_utilite_previsible_V1.md,01_Actualites/Science_Sante,,https://le-phare.info/?p=5514,question-du-phare-recherche-utilite-previsible,actualites,science-sante;sentier-critique;posture-comprendre;type-question;question-du-phare;recherche-fondamentale;evaluation;utilite,Routine quotidienne v3 — type question | Brouillon WordPress créé via script
2026-553,"Data centers : le Sénat américain refuse de leur faire payer le réseau, la Finlande enquête sur les forêts rasées par Google",ACTU,CLIMAT,publie,V1,2026-10-06,2026-10-06,Le Phare Info,,2026-549;2026-550;2026-543;2026-512,data centers;réseau électrique;Ratepayer Protection Act;Google Finlande;Muhos;évaluation environnementale,"Le 30 septembre, le Sénat américain a rejeté une loi censée faire payer aux data centers le coût du réseau ; en Finlande, Google est mis en cause pour 330 hectares abattus avant toute évaluation environnementale.","Comprendre ce que l'essor des data centers demande aux ressources communes, et qui en supporte le coût.",2026-553_ACTU_CLIMAT_data_centers_senat_ratepayer_protection_act_google_finlande_V1.md,01_Actualites/Climat_Transition,2026-10-06,https://le-phare.info/data-centers-senat-ratepayer-protection-act-google-finlande/,data-centers-senat-ratepayer-protection-act-google-finlande,actualites,environnement-climat;sentier-critique;posture-observer;type-actualite;question-du-phare;data-centers;intelligence-artificielle;biens-communs,Routine quotidienne v3 — type actualite | Brouillon WordPress créé via script
2026-554,"Quand une industrie nouvelle a besoin de ressources que tout le monde partage, qui doit en payer le prix ?",ACTU,CLIMAT,publie,V1,2026-10-06,2026-10-06,Le Phare Info,,2026-553;2026-550;2026-512;2026-536,biens communs;Elinor Ostrom;data centers;coût du réseau;ressources partagées,"Réseau électrique, forêt, rivière : l'essor des data centers pose une question ancienne, celle du prix des ressources communes. Qui doit payer, celui qui arrive, celui qui profite, ou tout le monde ?",Donner des repères pour juger de la répartition du coût des ressources partagées face à une activité nouvelle.,2026-554_ACTU_CLIMAT_question_du_phare_ressources_partagees_qui_paie_V1.md,01_Actualites/Climat_Transition,2026-10-06,https://le-phare.info/question-du-phare-ressources-partagees-qui-paie/,question-du-phare-ressources-partagees-qui-paie,actualites,environnement-climat;sentier-critique;posture-comprendre;type-question;question-du-phare;biens-communs;data-centers;elinor-ostrom,Routine quotidienne v3 — type question | Brouillon WordPress créé via script
2026-555,"ChatGPT : la publicité arrive dans la génération d'images, et l'assistant devient un support publicitaire",ACTU,TECH,publie,V1,2026-10-06,2026-10-06,Le Phare Info,,2026-543;2026-544;2026-548,ChatGPT;OpenAI;publicité;intelligence artificielle;gratuité;données,"OpenAI va tester fin octobre des publicités visuelles pendant la génération d'images de ChatGPT. Huit mois après l'arrivée de la publicité dans l'assistant, le modèle économique de l'IA grand public se précise.",Comprendre comment la publicité s'installe dans les assistants d'IA et ce que cela change pour leurs utilisateurs.,2026-555_ACTU_TECH_chatgpt_publicite_generation_images_octobre_2026_V1.md,01_Actualites/Technologie_IA,2026-10-06,https://le-phare.info/chatgpt-publicite-generation-images-octobre-2026/,chatgpt-publicite-generation-images-octobre-2026,actualites,technologie-ia;sentier-critique;posture-observer;type-actualite;question-du-phare;publicite;openai,Routine quotidienne v3 — type actualite | Brouillon WordPress créé via script
2026-556,"Quand un service est gratuit, qui en est vraiment le client ?",ACTU,TECH,publie,V1,2026-10-06,2026-10-06,Le Phare Info,,2026-555;2026-544;2026-548;2026-554,gratuité;publicité;économie de l'attention;Herbert Simon;Dallas Smythe;modèle économique,"La publicité entre dans ChatGPT. Une vieille question revient : quand on ne paie pas un service, pour qui travaille-t-il ? Une lecture avec Herbert Simon et Dallas Smythe.",Donner des repères pour juger ce que l'on donne en échange d'un service gratuit.,2026-556_ACTU_TECH_question_du_phare_service_gratuit_qui_est_le_client_V1.md,01_Actualites/Technologie_IA,2026-10-06,https://le-phare.info/question-du-phare-service-gratuit-qui-est-le-client/,question-du-phare-service-gratuit-qui-est-le-client,actualites,technologie-ia;sentier-critique;posture-comprendre;type-question;question-du-phare;publicite;economie-de-l-attention,Routine quotidienne v3 — type question | Brouillon WordPress créé via script
2026-557,"Nobel de physique 2026 : Francis Halzen et IceCube, ou trente-huit ans pour entendre les neutrinos du cosmos",ACTU,SCIENCE,publie,V1,2026-10-06,2026-10-06,Le Phare Info,,2026-551;2026-552,Nobel de physique 2026;Francis Halzen;IceCube;neutrinos;astronomie multimessager,"Le Nobel de physique 2026 récompense le seul Francis Halzen pour IceCube, un kilomètre cube de glace antarctique transformé en télescope à neutrinos. Proposée en 1988, l'idée a mis vingt-cinq ans à produire sa première découverte.","Expliquer ce que récompense le Nobel de physique 2026, ce qu'IceCube a réellement découvert et ce qui reste incertain.",2026-557_ACTU_SCIENCE_nobel_physique_2026_halzen_icecube_neutrinos_V1.md,01_Actualites/Science_Sante,2026-10-06,https://le-phare.info/nobel-physique-2026-halzen-icecube-neutrinos/,nobel-physique-2026-halzen-icecube-neutrinos,actualites,science-sante;sentier-science;posture-observer;type-actualite;question-du-phare;neutrinos;nobel,Routine quotidienne v3 — type actualite | Brouillon WordPress créé via script
2026-558,Combien de temps faut-il chercher avant d'admettre qu'on ne trouvera pas ?,ACTU,SCIENCE,publie,V1,2026-10-06,2026-10-06,Le Phare Info,,2026-557;2026-552;2026-546;2026-153,persévérance;échec;recherche scientifique;Lakatos;coûts irrécupérables,Le Nobel attribué à IceCube récompense un pari tenu vingt-cinq ans sans résultat décisif. Mais combien de projets ont tenu aussi longtemps pour rien ? La question de savoir quand s'arrêter dépasse la science.,"Donner des repères pour distinguer la persévérance raisonnable de l'entêtement, en science et ailleurs.",2026-558_ACTU_SCIENCE_question_du_phare_chercher_avant_admettre_echec_V1.md,01_Actualites/Science_Sante,2026-10-06,https://le-phare.info/question-du-phare-chercher-avant-admettre-echec/,question-du-phare-chercher-avant-admettre-echec,actualites,science-sante;sentier-science;posture-comprendre;type-question;question-du-phare;neutrinos;perseverance,Routine quotidienne v3 — type question | Brouillon WordPress créé via script
